1.52091190988216489e-02
-6.04818603035017052e-06
1.52360607706072404e-02
-4.97873665208931438e-06
7.60459016578548478e-03
-2.97891176841098451e-06
1.52226198506282065e-02
-5.56488581874228280e-06
7.61807717936401323e-03
-2.45988625082710972e-06
1.70141736656808859e-02
-4.01904368233385786e-06
1.61251313210754865e-02
-4.58093285769957692e-06
8.50716031434426562e-03
-1.97182875270792602e-06
1.75257750576371489e-02
-7.91089643617560785e-06
1.66857927850181734e-02
-7.70028403959777318e-06
1.71059161051912330e-02
-7.86430704110904263e-06
8.34291529187177090e-03
-3.70586108615605400e-06
8.76293028009017712e-03
-3.76925993167218256e-06
1.95899804977688122e-02
-8.82725625328848310e-06
9.79502490361765406e-03
-4.27035511459407443e-06
1.73996497068899074e-02
-7.44446841808103314e-06
1.78569903128359339e-02
2.60114260319584167e-07
1.83095718033849802e-02
2.54723153897009942e-06
1.80832817938868934e-02
1.40289247339515385e-06
9.15488414211523306e-03
1.17875747656096319e-06
8.92859356653671540e-03
6.26048365395423960e-08
1.81379257673945256e-02
-8.34694697406281936e-06
1.57842035551433307e-02
6.40773839116534391e-06
2.16644281830673489e-02
9.92600525572430679e-06
1.87244435901179271e-02
8.15700449432144095e-06
1.08322944283282541e-02
4.75948732627728460e-06
7.89214463769257434e-03
3.12328545354697352e-06
1.92365573440297366e-02
8.98216094438699828e-06
1.85538928467893702e-02
8.45994442148559740e-06
1.88953101090512873e-02
8.77289604559257774e-06
9.27695985787868257e-03
4.00074091628960762e-06
9.61832431251327148e-03
4.29950468467660285e-06
2.09670713587894013e-02
-2.49018606977832933e-06
1.89906345702432755e-02
-3.41023977059585383e-06
1.04836651261396175e-02
-1.24328902389676576e-06
1.97501551854617520e-02
4.92175197683246684e-06
1.90298723278417847e-02
3.72806628278135339e-06
9.87518076833869378e-03
2.35308218043493291e-06
1.94120324513028450e-02
-1.02253443045172914e-06
2.30753910471834002e-02
8.02094237629444911e-06
1.94298195245781805e-02
7.39384466298438851e-06
1.15378091630019882e-02
3.83615269918739021e-06
2.04505391252340248e-02
9.53000766764020803e-06
2.35821380615623688e-02
1.04964634205859402e-05
2.10683913881584625e-02
9.51877935038932268e-06
1.17910775691048384e-02
4.72494510690207929e-06
2.14128024641737844e-02
6.44846922706492977e-06
2.69255925056337241e-02
-1.23626631479182850e-05
1.34627868749470324e-02
-5.49800362410118670e-06
2.22262054769884372e-02
-1.01318071730658964e-05
2.29487748206795295e-02
9.44838638161216900e-06
2.32657914533680975e-02
9.96816715368666619e-06
1.14745085930872803e-02
3.94898005952909531e-06
2.49792455103278778e-02
1.02414672507795317e-05
2.39651475760964197e-02
9.74378253848019883e-06
1.24888154617760934e-02
3.74675407330238569e-06
2.48125382032646120e-02
-1.05161586063779590e-05
2.49792398141142589e-02
-1.02657529777204727e-05
1.24063090119545458e-02
-4.35158256232065876e-06
1.24887850783196464e-02
-3.74632726332276776e-06
2.48969485628287301e-02
-1.02990720479342682e-05
2.58693220145572028e-02
-1.14326313270359577e-05
2.94333605333708219e-02
-9.90905632760321387e-06
2.93646678313969518e-02
-1.18034371622943527e-05
2.23347536138212739e-02
-7.40150517453359488e-06
2.22869164360437987e-02
-8.91080455746471933e-06
2.93990500467131884e-02
-1.09205813881800613e-05
3.21527496799208987e-02
-8.37027632657697092e-06
3.07930787503048441e-02
-9.24960737937413880e-06
2.45835215137572283e-02
-6.09671469069057679e-06
3.44337209703466304e-02
-1.55883627924094636e-05
2.70118288552632542e-02
-1.22365693365372734e-05
3.18992556975571800e-02
-1.36722570895973107e-05
3.11485120798933868e-02
-1.54237444539598709e-05
3.37700320293218004e-02
-1.69759469991979307e-05
2.43370801644695704e-02
-1.15197274423340810e-05
3.24593111058720102e-02
-1.62402484736469518e-05
2.52280073508723245e-02
-1.21386682347739265e-05
2.93061206834080330e-02
1.26170064072902576e-05
3.56028280944277950e-02
1.66139172592178148e-05
3.24545206823018684e-02
1.45708177745491168e-05
2.86336007256470966e-02
1.32665238863682429e-05
2.25451989374590850e-02
9.42017201714993718e-06
3.62093645779033579e-02
1.48778646163186181e-05
3.27577581582853064e-02
1.38101344307831894e-05
2.96424396688164983e-02
1.12439021975141459e-05
3.45597083915783546e-02
1.59376065253893242e-06
3.59236284269961598e-02
5.69045759496636305e-06
2.62084391250944210e-02
7.87936977503074036e-07
3.52416636936553548e-02
3.62663069725656628e-06
2.71166942842575552e-02
4.02398965152406413e-06
3.75688608199561611e-02
-7.16641826059610311e-06
3.48608261551052595e-02
-7.90374538973588150e-06
2.92680404259774117e-02
-4.52023553066208105e-06
3.80658832582987175e-02
-1.90690049782117006e-05
2.88280926088827945e-02
-1.36860894498079605e-05
3.59180064972165758e-02
-1.81038042779797354e-05
3.76046574118402907e-02
-2.15010986873727799e-06
2.92859591831999451e-02
-2.59304085849152917e-06
3.60821790617005533e-02
-1.94107429394030701e-07
3.90240600020065123e-02
1.02874754629392735e-05
3.74738490548941136e-02
7.95445923735691181e-06
2.93872090368295716e-02
7.52101434856074727e-06
3.85080329792254275e-02
1.98308174395558249e-05
3.71295636870794740e-02
1.90409229848931628e-05
2.88723681253048418e-02
1.41457042429606250e-05
3.78188979976671336e-02
1.94907698285054822e-05
2.78416953679983641e-02
1.34728970701451340e-05
3.92400866611624585e-02
2.02000453343197973e-05
3.81849686878466474e-02
1.96297743046566687e-05
3.14108151783008757e-02
1.51601002890475884e-05
4.31405532422761834e-02
-2.28905844667571060e-05
3.50327268337624551e-02
-1.74678585890828607e-05
3.71447016016121373e-02
-1.90134759586325350e-05
4.30347602382304129e-02
2.21241731340787495e-05
3.23497510848300487e-02
1.56783074208828189e-05
4.07714372659297927e-02
2.10471464737849920e-05
4.44400921149447764e-02
1.55192474019194618e-05
4.17320958791153607e-02
1.28353550455731807e-05
3.37578443952133087e-02
1.17503380680703194e-05
4.60080634357975526e-02
-2.29410975218202356e-05
4.02209684553266889e-02
-1.91258092198173084e-05
4.20369800275228883e-02
-2.10665436240844158e-05
4.64223062802600756e-02
2.47655112200068728e-05
4.72550635945360106e-02
2.51754575908769386e-05
3.50026116456165770e-02
1.71129185546381896e-05
4.68390391778112855e-02
2.49545792127583548e-05
3.51019035306945684e-02
1.66794543037720892e-05
4.66981617714517447e-02
-6.16763523170109133e-06
4.21335476362320466e-02
-6.82767140489427187e-06
4.21514261990710154e-02
-3.97871574007219732e-06
4.29791354962089298e-02
1.95527861725386075e-05
3.95942880188608765e-02
1.71522414149407363e-05
3.92909931152305852e-02
1.81410010709159945e-05
4.99652519579375440e-02
2.71976746028592587e-05
4.86106293599169390e-02
2.61719482329170391e-05
3.74716792208330610e-02
1.82275939231962176e-05
4.29329892131219554e-02
-1.72844186294866896e-05
4.39260915126505960e-02
-1.53898888518466765e-05
3.61488597292700040e-02
-1.45456272164613574e-05
4.34295661170808131e-02
-1.64019387156506801e-05
3.66797738588381661e-02
-1.25880261716841559e-05
4.99332238043839055e-02
-2.72063474239495405e-05
4.99652502741040269e-02
-2.71922890645035685e-05
3.73727788790183951e-02
-1.82109719248236532e-05
3.74716943016600301e-02
-1.82366588613609665e-05
4.99496978077795320e-02
-2.71868035412683446e-05
5.03879767168675524e-02
2.56351849173657192e-05
4.29954472124766673e-02
2.09396078438883859e-05
4.67113892659029306e-02
2.39623317325609412e-05
4.61275504081997481e-02
-2.06298132839695802e-05
4.02806533472079495e-02
-1.81548938017465091e-05
4.45302972863195617e-02
-1.89539201405889426e-05
4.75246304161752661e-02
-1.39808355522641119e-05
4.57253850107429485e-02
-1.47855310067613244e-05
3.98387493543207322e-02
-1.10280931419244136e-05
5.15914357046032349e-02
2.17612327453390069e-05
4.80157972444474265e-02
1.85470671593263794e-05
4.39004396679809408e-02
1.82624263921285913e-05
5.36806037484368059e-02
-3.02573072656486226e-05
5.18071221077795671e-02
-2.87162392120171287e-05
4.03033096489317441e-02
-2.06338051538781911e-05
5.05448895262896325e-02
-2.79001326414026871e-05
4.68427352170783032e-02
-2.54464918637934353e-05
4.21575615037157458e-02
-2.21978295374315855e-05
5.23009010937074623e-02
2.93248600656822805e-05
4.57705628822198118e-02
2.46131505493641634e-05
4.93616166070524262e-02
2.70562365257717161e-05
5.43776418468128533e-02
-1.32016228472894925e-05
5.09511687547490946e-02
-1.37201801249641376e-05
4.59733261771339691e-02
-9.93900713317245292e-06
5.15643634989494046e-02
-7.15944816904771097e-07
5.10968816487591959e-02
4.06678299311913879e-06
5.13306095110672225e-02
1.69356692573436757e-06
4.28283894306697582e-02
2.67605038146348160e-06
4.45845829641066185e-02
-1.60052623308974922e-06
5.35175895557112244e-02
9.48833276323706654e-06
5.23072233809125306e-02
6.74015775498958365e-06
4.47207117386309166e-02
7.48999720114824747e-06
5.54811107778791154e-02
-3.06938903729167924e-05
5.30130675205870358e-02
-2.93756660044439153e-05
4.67736003718779644e-02
-2.46080392912256809e-05
5.54954360163258872e-02
-2.73621898130957255e-05
5.07517734062759296e-02
-2.52176818359429809e-05
5.08115335892943762e-02
-2.38878038333041086e-05
5.50641181006185088e-02
2.63860168246369979e-05
4.90216413346030999e-02
2.28759610465891694e-05
5.27261159785864242e-02
2.61423113977250714e-05
6.07678647310942663e-02
-3.59253636040741557e-05
5.72242885191873857e-02
-3.31132487061589316e-05
5.19543069470571398e-02
-2.91254325154056519e-05
5.70209144438203613e-02
3.28926311865618685e-05
4.70752872868109296e-02
2.56148964921880504e-05
5.46609755092716601e-02
3.11458810018032221e-05
5.33278328159452059e-02
2.40852601897682368e-05
5.80759457214128777e-02
1.60132412041767226e-05
5.57967609672353065e-02
1.26787237777198234e-05
4.85501173381489501e-02
1.30743704351275481e-05
5.79825012837173193e-02
3.32008145802300988e-05
4.82453261201995012e-02
2.61913444833956059e-05
5.75018558010652950e-02
3.31043603453203756e-05
5.73629398991116340e-02
-5.03074262023042090e-06
5.20305993540458520e-02
-5.73853734860220966e-06
5.44636529901048952e-02
-2.75802990917336315e-06
6.11771575711247059e-02
-1.14987307931125723e-05
5.77774295823448580e-02
-1.24815786456056773e-05
5.39377190010563237e-02
-8.60383867009335445e-06
5.52083672573562279e-02
-2.46146841229701456e-05
5.63159930058926145e-02
-2.30948113037620590e-05
5.06679749921168238e-02
-2.26358237969094784e-05
5.57622021332582415e-02
-2.39030116750628174e-05
4.96245303865326046e-02
-2.01622000322427579e-05
6.20757264013597279e-02
3.52624809186012091e-05
5.25552831462825429e-02
2.83866392988912594e-05
6.00292095264970821e-02
3.43213892436164907e-05
6.25414584955726049e-02
-3.43319061442439228e-05
5.42748111820474319e-02
-2.83850775321566932e-05
5.90113431882474393e-02
-3.26117388225763028e-05
5.93001305134878490e-02
-2.21531528458767865e-05
5.78080836507354826e-02
-2.26891182022743632e-05
5.16131662289956369e-02
-1.86601172606196044e-05
6.49589466664571291e-02
2.42060927243838775e-05
6.15174551865679681e-02
1.99993722943910751e-05
5.46996298118322954e-02
1.97081317994676326e-05
6.33646908387983376e-02
-2.08037796719345724e-05
6.13324375750651102e-02
-2.15713708390901290e-05
5.54447244145028217e-02
-1.72275023846984337e-05
6.32254083525971844e-02
-3.00250258456042260e-05
5.93604664563780193e-02
-2.87888190027142763e-05
5.92168965112567502e-02
-2.72502307425305123e-05
6.70617406117227782e-02
-4.06451080361431297e-05
6.39149154643199741e-02
-3.83527939728679220e-05
5.88033815974428956e-02
-3.40114903070560271e-05
6.68527839571140259e-02
3.68065835685100161e-05
5.86203932407578579e-02
3.10118910800672351e-05
6.44643711925820401e-02
3.61732118429765654e-05
6.99999990245503551e-02
3.14690968208122858e-05
6.74795047691972433e-02
2.78101238516587529e-05
6.07957812571300743e-02
2.64509278107115595e-05
6.36453264348355030e-02
3.83029887293558554e-05
7.53373679157676168e-02
4.87213631108330444e-05
5.50338021363412297e-02
3.12751931096110668e-05
6.94917963329188815e-02
4.33949032086369967e-05
6.12957528621777339e-02
3.62814739172905839e-05
6.87769951498178739e-02
-3.68098319062753253e-05
6.56592850129662370e-02
-3.56702926856148825e-05
6.21362395416841795e-02
-3.19155081787700218e-05
7.04278609046345427e-02
4.41771554807278213e-05
6.13644791533495826e-02
3.64353715255973548e-05
6.70365798861876361e-02
4.12202107346620018e-05
6.94232412082076145e-02
-9.64905658059881514e-06
6.53002366599439998e-02
-1.07079082712024735e-05
6.33931369176118087e-02
-7.16135899160303129e-06
6.94891975792936295e-02
-1.95202282358633103e-05
6.64269799116409265e-02
-2.02833944153357988e-05
6.19334841621516849e-02
-1.61863350697173408e-05
6.51438306208516615e-02
9.75548043234342165e-07
6.76303980112612085e-02
6.38793671213565449e-06
5.83541712046273808e-02
1.48214652314524760e-08
6.63870991687464246e-02
3.63114826318678612e-06
5.93637500785395705e-02
5.15191723132781033e-06
6.63108803483070386e-02
-3.28923281455766957e-06
6.18369452735004418e-02
-4.26506595304459765e-06
6.57273438384447378e-02
-1.13399628778500816e-06
7.07219709437885841e-02
3.62831084599128697e-05
6.28930691556620347e-02
3.11689937887892068e-05
6.87875062904678564e-02
3.67218870557809305e-05
6.83416886355697611e-02
-3.02734822135555813e-05
6.57835943983209881e-02
-3.02524208220324445e-05
6.23288634146460449e-02
-2.65616756299734583e-05
7.11144596735096279e-02
1.32332912481930858e-05
6.93724074787392259e-02
9.74485050294693952e-06
6.23161488058974269e-02
1.13092360661419418e-05
7.22064771430859231e-02
-4.37296945778086268e-05
6.96342517163649616e-02
-4.22967927079598166e-05
6.38438204098361189e-02
-3.69510512159206231e-05
7.03610688552949309e-02
3.39795803169410003e-05
7.49544224799279513e-02
4.83845480854823976e-05
7.51463574336669743e-02
4.85537581798363240e-05
6.24594378078981438e-02
3.72194236411401707e-05
7.53802672183804534e-02
-4.87728930134259290e-05
7.49544154570883636e-02
-4.83841610298733985e-05
6.26565014804474490e-02
-3.74248832638936246e-05
6.24594375862335405e-02
-3.72235443765801967e-05
7.51677429776966138e-02
-4.85787072805212952e-05
7.39497829542909851e-02
4.70281494215587893e-05
6.54854168723124491e-02
3.96805009735534867e-05
7.21889879930263656e-02
4.56436584613444804e-05
7.68483355409318447e-02
-5.00939046352022070e-05
7.61146530700594209e-02
-4.94481281240605129e-05
6.52643503968075162e-02
-3.96987944620110484e-05
7.27212557545335869e-02
-2.94403296520854406e-05
7.05315113789311415e-02
-2.99554801534348820e-05
6.60107306687489209e-02
-2.56644564597834269e-05
7.62046455290325969e-02
2.14960611065407518e-05
7.36595305811028056e-02
1.72726836071077055e-05
6.71404254681496615e-02
1.87142318551462381e-05
7.59828813545423698e-02
-1.74417224375257747e-05
7.27360742152503292e-02
-1.86124503798801161e-05
6.85800893666647787e-02
-1.42827059802388427e-05
7.41038427350352857e-02
-3.78676630220390540e-05
7.14404861157038051e-02
-3.74521193377740105e-05
6.86646389497274773e-02
-3.38264402910172049e-05
7.63828111085921163e-02
4.83673820915340847e-05
6.71826787451860891e-02
4.04616746038826883e-05
7.51665080866312924e-02
4.77814469328933250e-05
7.74902478719169813e-02
-4.63023009136859416e-05
7.00158718387728224e-02
-4.00940472763556608e-05
7.48484683917876453e-02
-4.51239916667963833e-05
7.62609484140683580e-02
-5.64435404640133275e-06
7.28421145577333728e-02
-7.79741704270421035e-06
7.12859553591665418e-02
-4.39086620533824215e-06
8.01441603060608354e-02
-5.29101664371777538e-05
7.84964925391705148e-02
-5.15431710296232752e-05
7.04559610976726869e-02
-4.40735336574799784e-05
7.82870369673290267e-02
-2.86449512180483783e-05
7.55041875938018830e-02
-2.91517757543467627e-05
7.08259180277061029e-02
-2.45487499920899365e-05
7.93913323241122598e-02
4.93995102595740676e-05
7.07335320728741390e-02
4.20507972293872480e-05
7.78872617744948148e-02
4.90027899808470033e-05
8.29879675092057290e-02
3.17001125298787712e-05
7.95962881836709824e-02
2.64792712009091031e-05
7.39735834022905714e-02
2.79082889243033472e-05
7.87437700904712740e-02
-3.73736357222964290e-05
7.64238767590390278e-02
-3.77517039181173765e-05
7.35427430072206761e-02
-3.37199883747624527e-05
8.03885727748816642e-02
1.82800420727345164e-07
7.83247492740414414e-02
-2.83144385020577664e-06
7.27663116534466997e-02
6.42057148353463194e-07
8.28783051979624236e-02
-1.42441265562020173e-05
7.94306263171217775e-02
-1.59935713707164067e-05
7.61508444171760251e-02
-1.18092737394606151e-05
8.34376578807471680e-02
5.01356207207404056e-05
7.51452268903844423e-02
4.32147098877647316e-05
8.14146768638738388e-02
4.99328477811982526e-05
8.50361518986921250e-02
-5.67325214407899862e-05
8.25903642824132450e-02
-5.49049829960827137e-05
7.60489219828928559e-02
-4.83810622412452081e-05
8.60446089335101388e-02
-5.01310017067936063e-05
8.17675734957155759e-02
-4.83959943605911607e-05
7.74108092323546049e-02
-4.32158077673627423e-05
8.49108203725677246e-02
-2.75894012957267846e-05
8.15989759193368053e-02
-2.82399021314387265e-05
7.72000736061027454e-02
-2.33421203091400488e-05
8.70936732458102575e-02
6.00625406820130389e-05
7.87608646840296661e-02
5.18507082368317639e-05
8.12155007232402276e-02
5.43227161878958394e-05
8.36850431345950579e-02
7.32872780563148232e-06
8.20367826598469296e-02
3.67585476087443704e-06
7.56578492297236144e-02
6.89152316403181431e-06
8.48549049536466149e-02
-3.74670227535517001e-05
8.17993975393086353e-02
-3.75420393866966298e-05
7.87881043637957412e-02
-3.33137751384062587e-05
8.71536327331571270e-02
4.86445368116571753e-05
7.89378141768748293e-02
4.22250217853027655e-05
8.52958450289693498e-02
4.96215410597541541e-05
9.15058004561451893e-02
4.47294821310740626e-05
8.72468898570838702e-02
3.80797745563188084e-05
8.07529998777889030e-02
3.78299461130675560e-05
8.78573947775059400e-02
1.56992538166297723e-05
8.57711855786199989e-02
1.14212120215616738e-05
7.94860715494222353e-02
1.45056627055756923e-05
8.99035079651485936e-02
-5.97795393997579643e-05
8.74700256820038491e-02
-5.83740712390216402e-05
8.10549782109301897e-02
-5.14447492500261957e-05
8.62394488144092169e-02
-4.69849008838019408e-05
8.61421037506319570e-02
-4.86376119637264810e-05
8.01716592494691044e-02
-4.23002379356431034e-05
8.88877244187451926e-02
-9.70677961668137081e-06
8.58830317950728395e-02
-1.21152233727199248e-05
8.25744063726935873e-02
-7.53359523367714284e-06
8.93299137318443043e-02
4.70162412407980205e-05
9.05040178581621862e-02
-2.43925238093122969e-05
8.77074557549488015e-02
-2.61336536944968603e-05
8.32435207531476706e-02
-2.07325346010802222e-05
9.06943243394765092e-02
6.32138356906493371e-05
8.23220702044278468e-02
5.48396464762570699e-05
8.88942838147212810e-02
6.17009885544346227e-05
8.79682934012390588e-02
-4.42776962485321048e-05
8.71039352933882932e-02
-4.57303493180454885e-05
8.33560407017070182e-02
-4.07425859986856761e-05
9.23467794031312267e-02
-3.77855601134375832e-05
8.86009083991789598e-02
-3.77527830734868258e-05
8.53169480231745353e-02
-3.30215608686710134e-05
9.30809829067305999e-02
2.53805754839111024e-05
9.04691500415937960e-02
2.04330139543489398e-05
8.46429705835905072e-02
2.34971565345912063e-05
9.33655837677962036e-02
-6.06965152743921813e-05
8.54279064761959833e-02
-5.32442218236862171e-05
9.16347136923182926e-02
-6.03631966199302757e-05
9.32693642672122181e-02
6.46422880788648897e-05
8.48260774234384507e-02
5.62139806796406965e-05
9.19821444243866942e-02
6.40339168282508801e-05
9.44801406087877466e-02
-2.19692153908327518e-06
9.16839225089666199e-02
-6.12501365778859244e-06
8.74344627531253998e-02
-8.88568746200400239e-07
9.61314503897735678e-02
6.54011382394010116e-05
8.77613733736893192e-02
5.71080236395778197e-05
9.47006707885727356e-02
6.51624975282241693e-05
9.69063422712504313e-02
-2.02913839941125584e-05
9.37052157645521383e-02
-2.25048485712363326e-05
8.98924044844038872e-02
-1.70970471934701494e-05
9.59522423574542122e-02
-4.62758744472293075e-05
9.19603406870179996e-02
-4.53807551320739455e-05
9.04035855758641704e-02
-4.17300167021480352e-05
9.98999959133874266e-02
-7.39145399107521715e-05
9.79077483676397409e-02
-7.14863525240824890e-05
8.76397916341060262e-02
-6.07915516129789145e-05
9.89043457587862745e-02
-7.27370484320251056e-05
8.73778509609525050e-02
-6.03801042830318503e-05
9.99466613448140306e-02
-7.40135531851839913e-05
8.74501624622623791e-02
-6.06386684078545008e-05
9.99237208444233721e-02
-7.39737040962588270e-05
9.94731673773052993e-02
3.65599821315504235e-05
9.62770335404560806e-02
3.08468336467523129e-05
9.12307349304426196e-02
3.42393081075437121e-05
1.02221988932148664e-01
7.65296120623394356e-05
9.99466477710782703e-02
7.40224224871632321e-05
8.87793672168370185e-02
6.19652149007118841e-05
1.01084627058078580e-01
7.52834458914008054e-05
8.74501547526962270e-02
6.06320648174529710e-05
9.61954725425593626e-02
-6.09794323647827298e-05
9.47806132102545079e-02
-6.09168247117067673e-05
9.11200678200161512e-02
-5.54132237242584654e-05
9.88963467172580268e-02
-3.64361240100657811e-05
9.56216206511426581e-02
-3.72464916346051126e-05
9.19036336235695972e-02
-3.18165332446345870e-05
9.98250245709913636e-02
-7.29709416105363967e-05
9.88667426334365329e-02
-7.22999319496723885e-05
8.99844442805800976e-02
-6.25723596364321220e-05
9.91387579934655816e-02
6.36918101154318506e-06
9.68094186169167342e-02
1.95351228863307085e-06
9.14120415286392707e-02
6.97015262533319923e-06
9.94210617501705557e-02
6.51287299106845371e-05
9.14293447453507629e-02
5.73644854627321764e-05
9.77765162485712824e-02
6.54596885358377044e-05
1.03937180823814784e-01
-7.62649541551542606e-05
1.01881359178287223e-01
-7.47126653604398254e-05
9.44865687815908128e-02
-6.61449898815586211e-05
1.06010113607806822e-01
8.06442368383940121e-05
9.65518026906008048e-02
7.00083965097708563e-05
1.04116337209291560e-01
7.86177802869870377e-05
9.93682429629163810e-02
-5.67437024625150655e-05
9.76059144066580980e-02
-5.23026326801038721e-05
9.28038741518272120e-02
-5.17633604089458302e-05
9.84870984449936065e-02
-5.45379477396100133e-05
9.27871095817384972e-02
-4.81883630917988420e-05
1.02965211568856629e-01
-1.42090541451419839e-05
9.99357945208345505e-02
-1.74277081523415872e-05
9.59265705073187869e-02
-1.18232423553557701e-05
1.03542481699777866e-01
6.39761089426992208e-05
9.53480543670008757e-02
5.60044275625189739e-05
1.01482002726512852e-01
6.47905302364475442e-05
1.04008237506590676e-01
1.60630155352410473e-05
1.01573454676634076e-01
1.10900087809076998e-05
9.59329851869330646e-02
1.60203184829957733e-05
1.03268727724939724e-01
-6.33445273945252636e-05
9.46567154971005159e-02
-5.66053820534299871e-05
1.01318512213004974e-01
-6.00337087228437440e-05
1.04096234605708951e-01
-4.74993619265298299e-05
1.00024320789974960e-01
-4.70086138601277968e-05
9.82215191389145953e-02
-4.24675099316526475e-05
1.04649008881527325e-01
-3.29205964324125628e-05
1.01772725915576581e-01
-3.48348931784106666e-05
9.75765768936455447e-02
-2.84485663668212798e-05
1.08217459563795970e-01
4.95306336558558492e-05
1.03845268082570830e-01
4.28591953725695603e-05
9.98618929154932305e-02
4.74308661341958572e-05
1.05436204453670801e-01
-5.56500739693424420e-05
1.01521116108905976e-01
-5.40299679082725475e-05
1.00694220250071673e-01
-5.08326165874318524e-05
1.08587255072500971e-01
-7.91178220372814879e-05
1.06262495034671278e-01
-7.78399198235624624e-05
9.92452960710959731e-02
-6.90982961984176893e-05
1.06907018811545865e-01
8.09915459816740944e-05
9.88006251610712566e-02
7.18316896624600180e-05
1.06458966220998874e-01
8.08925295330302827e-05
1.09325339454734674e-01
6.29613271529553430e-05
1.00415553469897945e-01
5.33822728435235294e-05
1.06434095888351968e-01
6.37184731856968586e-05
1.09557056391651350e-01
2.71964914764249247e-05
1.06782592059996032e-01
2.14961045072215705e-05
1.01319214753154710e-01
2.64469531200204664e-05
1.09267573713092009e-01
-7.22199330362836590e-05
1.02731542422619726e-01
-6.65192362550032364e-05
1.06268184183523309e-01
-6.77364816289397230e-05
1.08630423401809242e-01
-6.30885171764144444e-06
1.05797811288554158e-01
-1.04360374267331804e-05
1.01555397309908729e-01
-4.08579720172512397e-06
1.10756219574914522e-01
8.41210235466233132e-05
1.02012758348052526e-01
7.40466784743664536e-05
1.08831904785953032e-01
8.26599742015749834e-05
1.10603795737246005e-01
-2.75162837255142358e-05
1.07626441045150373e-01
-3.04068050353020246e-05
1.03755149097426780e-01
-2.37236097246726300e-05
1.11436597524000855e-01
-7.88574748583933098e-05
1.02401033646256689e-01
-6.94646662568757444e-05
1.10012169991921052e-01
-7.91487568486928301e-05
1.13541010878648777e-01
-4.80502676763983695e-05
1.08818735301933048e-01
-4.79431717244991953e-05
1.06218717168601220e-01
-4.19817062870669888e-05
1.10352273807949264e-01
-7.56487661409194147e-05
1.11270928568238808e-01
8.18496469830262712e-05
1.03701140968603084e-01
7.33730771323879235e-05
1.11014022048418592e-01
8.31741526669304215e-05
1.11901132241584392e-01
-6.49407652348736348e-05
1.08668663091783371e-01
-6.02232202917745571e-05
1.05634770787539758e-01
-6.08457252166353654e-05
1.14182715064608808e-01
3.18492490800355619e-06
1.11406540794760381e-01
-1.73428157548119501e-06
1.06660886681108388e-01
4.97052919150332964e-06
1.16175387120946036e-01
3.95910836661706518e-05
1.12866161547592422e-01
3.32435312451881938e-05
1.07824509455223080e-01
3.82794550318067600e-05
1.14177712412768279e-01
-5.87533704406166223e-05
1.09807041676014322e-01
-5.72836284805998720e-05
1.09136959120024149e-01
-5.29520277835163973e-05
1.15783516885630794e-01
8.28605803892026296e-05
1.07602246448410890e-01
7.36878719310285328e-05
1.13527527041622306e-01
8.25728633043284913e-05
1.16897184348518660e-01
-2.09156049661210475e-05
1.13750516604274127e-01
-2.44114210089204518e-05
1.09931297016170895e-01
-1.73680581400210708e-05
1.20503603906080517e-01
6.54695005594275455e-05
1.14360482397664914e-01
5.72069033379208917e-05
1.14914690406712830e-01
6.44862628791474787e-05
1.15259093246026498e-01
-9.16328655502306839e-05
1.18914585832143233e-01
-9.54937026338537981e-05
1.06583228242932926e-01
-8.12699917575629118e-05
1.17087052414646897e-01
-9.36198577441289375e-05
1.09369659681195192e-01
-8.38473409522185918e-05
1.17536753478055853e-01
-7.46905000130777813e-05
1.10402810325059206e-01
-6.89514996207853066e-05
1.14718954106988152e-01
-6.97706806856009608e-05
1.17670731798625458e-01
-4.18465106262951115e-05
1.15605915779354529e-01
-4.51315009659204925e-05
1.11159928015180182e-01
-3.72047429741832056e-05
1.19734038610301088e-01
1.42278321408839785e-05
1.16958327338671425e-01
8.54105590760113641e-06
1.11871325792509760e-01
1.53554180772667906e-05
1.20469638276480981e-01
8.30075487636354443e-05
1.12006018613916472e-01
7.31163872242062004e-05
1.18126797837895092e-01
8.31350035430230893e-05
1.26043440240343696e-01
-1.05795836091174104e-04
1.12971068515800688e-01
-8.91701776466054084e-05
1.20651684789183325e-01
-9.86281193336718961e-05
1.22593573848151449e-01
-9.85224398897546571e-05
1.20754423184581822e-01
-9.71271077164125653e-05
1.13265241425799468e-01
-8.70140611109340798e-05
1.24016046053343723e-01
5.28940763494969613e-05
1.20095658629034208e-01
4.60717799551442931e-05
1.16117017808844022e-01
5.14800884601681542e-05
1.24941987629026835e-01
-1.04509846768180515e-04
1.12443866532795395e-01
-8.86080209897490719e-05
1.25493476997167758e-01
-1.05196369217070424e-04
1.23052200282075766e-01
-1.23959321936808226e-05
1.19974695242571372e-01
-1.68587210946707066e-05
1.15841438181745582e-01
-9.13630557129864695e-06
1.23737719670849358e-01
-8.57941154698506261e-05
1.16502684391101993e-01
-7.88908684188994119e-05
1.20637264541909872e-01
-8.01974767383434144e-05
1.22389573370517382e-01
-7.07456512108244425e-05
1.17145452970266115e-01
-6.78996346065095758e-05
1.18283615010372517e-01
-6.46165080724918128e-05
1.23280686142044460e-01
-6.16940757548770037e-05
1.18729294290752269e-01
-6.03085135210619966e-05
1.18410804094862876e-01
-5.46654193890493058e-05
1.28335816816503606e-01
1.08932049514305857e-04
1.24941998693268982e-01
1.04485585861375553e-04
1.15278332152739429e-01
9.20234198044389020e-05
1.26639326773785615e-01
1.06723834038685163e-04
1.12443888842593667e-01
8.86132096440206765e-05
1.24241695873463370e-01
-3.69332637502249822e-05
1.20956272679089705e-01
-3.95839217425164369e-05
1.17422816279243308e-01
-3.20003954982251513e-05
1.25709536316074094e-01
8.18811907369514178e-05
1.17517393063700251e-01
7.20376724799665574e-05
1.23089804516921503e-01
8.26885366936511688e-05
1.25777378171565868e-01
2.67899723732978581e-05
1.22755641920712505e-01
2.03392709475604690e-05
1.17667445746239580e-01
2.72272389623434181e-05
1.26657322309722375e-01
-1.00562426289448555e-04
1.24625862251434030e-01
-9.97417791057840037e-05
1.17622160079284874e-01
-8.94803803267305486e-05
1.21511458932668001e-01
9.70878084632269072e-05
1.24064593233207496e-01
1.01978951323379927e-04
1.16133785982168877e-01
9.04879534676585891e-05
1.22788434759058041e-01
9.96251281092953031e-05
1.15485643478194150e-01
9.11808400592040071e-05
1.27199441841348376e-01
1.06988868571084332e-04
1.16604442680325382e-01
9.33576983751107330e-05
1.27768098287440623e-01
1.08019792852842079e-04
1.25632451483621371e-01
1.04545604057036808e-04
1.25958850532094047e-01
9.96780484818797421e-05
1.18614815939015447e-01
9.05177574161948411e-05
1.23735540853794054e-01
9.85758927999450684e-05
1.29164124860507323e-01
-2.21363874420058948e-06
1.26108141864657436e-01
-7.50657331637940176e-06
1.21673580576661736e-01
7.32900765940825356e-07
1.31542075737458797e-01
-1.01198130085809558e-04
1.21489265932723051e-01
-8.96639499596866093e-05
1.27640053040223272e-01
-9.34885210809641680e-05
1.29100171840182354e-01
-1.01194076569427902e-04
1.29662105789094234e-01
-8.32323900197797428e-05
1.23599551264950619e-01
-7.89955327912523857e-05
1.26025815599780627e-01
-7.68905473872570129e-05
1.30754884326037102e-01
-2.97682804786713793e-05
1.27498330118054531e-01
-3.35699043479945378e-05
1.23826128622575415e-01
-2.51061540814837880e-05
1.32738466655073079e-01
4.12776533615104408e-05
1.29257837418988636e-01
3.38440722998593874e-05
1.24457198146690706e-01
4.06646982096329481e-05
1.32171615669276710e-01
1.03066560786695068e-04
1.23977482814638731e-01
9.26335547733786766e-05
1.29065570220606995e-01
1.01594090858109993e-04
1.29793087891661663e-01
7.91174463896263482e-05
1.25148306003264653e-01
7.21235159048428537e-05
1.27751445029107596e-01
8.06869441161909537e-05
1.34853454626514657e-01
7.10742807758697759e-05
1.29434653512511516e-01
6.16962873248048721e-05
1.27678775001435846e-01
6.84460822830573767e-05
1.26605775781976349e-01
-5.51662952894678519e-05
1.31017582219662004e-01
-5.19173010485672305e-05
1.20073499043199458e-01
-5.15637665178441797e-05
1.28811715883425160e-01
-5.36449545736857926e-05
1.24344225247541712e-01
-4.66965910184169203e-05
1.32617812854134043e-01
-7.53414462973193006e-05
1.27503819764662352e-01
-7.31368674852471006e-05
1.27949204323601101e-01
-6.83387392728570918e-05
1.33764554826789506e-01
-6.50117525825926579e-05
1.28522747148524019e-01
-6.34519830226867426e-05
1.30185140359910384e-01
-5.99814751639251952e-05
1.37124537764526405e-01
-1.20248903056751683e-04
1.31584336713772537e-01
-1.13041905205572612e-04
1.28019488638555057e-01
-1.07490341070631457e-04
1.35231712785178204e-01
9.96898662465785105e-06
1.32197868379157091e-01
3.67593394259651694e-06
1.27483078480311540e-01
1.23699662047622161e-05
1.38969644374564189e-01
1.05062646226445990e-04
1.29719567996375323e-01
9.36368416348818734e-05
1.35570979679827008e-01
1.04354141282227546e-04
1.37030427215279194e-01
-9.66696683269125892e-05
1.30384213333428922e-01
-9.12610666826040381e-05
1.33346247522169919e-01
-8.98598225348254696e-05
1.37408509695143982e-01
-2.09632233920967545e-05
1.34081717325805178e-01
-2.55930159974279108e-05
1.30230478807227795e-01
-1.64114013110726359e-05
1.37807545069749737e-01
-4.79688193192517518e-05
1.34412636860930884e-01
-5.01159220871682276e-05
1.31024688472936884e-01
-4.22123441886368151e-05
1.40909807037710444e-01
5.81878628432536981e-05
1.36824030103437827e-01
4.95114327992248721e-05
1.32463218532019422e-01
5.56866014620061107e-05
1.33321366785557588e-01
1.12323489571082880e-04
1.39838245768347302e-01
1.22833207810203461e-04
1.27416329963910196e-01
1.04557121557050621e-04
1.36579987080131193e-01
1.17562354006961613e-04
1.31951258555642215e-01
1.12183631354347227e-04
1.40721444135758711e-01
-1.23442528796828131e-04
1.38923546651452540e-01
-1.22017673804382563e-04
1.31657349586366657e-01
-1.10583759730356582e-04
1.39864931303434276e-01
1.18970877987239506e-04
1.32911813485757424e-01
1.09077299576282983e-04
1.36593349311239731e-01
1.15740517650710979e-04
1.41698021371854027e-01
2.43269686730630272e-05
1.38464787078159651e-01
1.69350532977460820e-05
1.33737951287916018e-01
2.58347337694031252e-05
1.40900572501081178e-01
-8.95529683858105449e-05
1.35281509087609664e-01
-8.65015163623456131e-05
1.36759139722724243e-01
-8.23036778933318425e-05
1.43530629928081799e-01
9.05722078935463308e-05
1.39191951485316490e-01
8.06601079834063457e-05
1.36661978724831629e-01
8.47763609451413592e-05
1.44075482702974988e-01
1.02546303395917307e-04
1.34892508878982631e-01
9.18507688768301881e-05
1.41522850297506497e-01
1.04114027717535677e-04
1.42804236871769269e-01
-7.84414161941993603e-05
1.37711182819196781e-01
-7.70307398269465309e-05
1.38284351410935702e-01
-7.15530112251602167e-05
1.44137584346822417e-01
-1.00791378102619859e-05
1.40773040281188561e-01
-1.57598008406793068e-05
1.36651021011131385e-01
-5.84887689724550273e-06
1.44119839678766570e-01
-1.24817138175935532e-04
1.42421167448022273e-01
-1.24359623690294797e-04
1.35388435981748073e-01
-1.12303338650727387e-04
1.42976389801013376e-01
-6.49144881708891923e-05
1.38370605812912689e-01
-6.51350202234408205e-05
1.36996992275336626e-01
-5.81825118224651606e-05
1.44443293385909943e-01
-4.09511080691771031e-05
1.41125476741817329e-01
-4.46832136022891010e-05
1.37599171020761080e-01
-3.50886336006042679e-05
1.46272887370917176e-01
-1.13224971210985087e-04
1.38907867263495910e-01
-1.07434934558908507e-04
1.41651610582625181e-01
-1.04801360793417306e-04
1.47481278803931859e-01
1.35481251910407721e-04
1.43660141967537514e-01
1.29151356620082000e-04
1.37339991354367613e-01
1.20820500165956949e-04
1.43803202765649674e-01
9.68002650190012730e-05
1.47797871377755879e-01
1.25437086899047283e-04
1.39984630310444058e-01
1.13918574725922224e-04
1.43831796337351020e-01
1.22428891110544079e-04
1.48669468144710964e-01
4.09973157272175507e-05
1.45183633262563339e-01
3.24403974403075470e-05
1.40704258654840514e-01
4.14005720877289182e-05
1.50577878997617653e-01
7.78359280354243082e-05
1.45743709183771331e-01
6.77440023709786242e-05
1.42715961685093706e-01
7.45953592921680115e-05
1.49303616682984586e-01
-1.27264248224786977e-04
1.40422704995986913e-01
-1.13784395988660001e-04
1.46712151508487404e-01
-1.26287370094398425e-04
1.51691506855888975e-01
-1.43028658559735973e-04
1.49941126319358659e-01
-1.40450778556739422e-04
1.38867021685505299e-01
-1.23651403038869273e-04
1.37441015825243901e-01
-1.21743319813061697e-04
1.50817021290856973e-01
-1.41778892914683284e-04
1.49139217339990332e-01
-1.04902158215864664e-04
1.43085042145981112e-01
-1.00908726059752919e-04
1.45019835416002191e-01
-9.70922795610099597e-05
1.50766687063855931e-01
2.97906402814712364e-06
1.47452094767756531e-01
-3.79053964454836086e-06
1.42999417398686657e-01
6.80673233968790349e-06
1.56347487797243501e-01
1.50323133475950104e-04
1.51915141607324167e-01
1.42910590395192667e-04
1.42340722745998072e-01
1.28719128173370204e-04
1.49941137373927863e-01
1.40461770266009324e-04
1.53145215329472811e-01
1.45431844449329836e-04
1.37440983262990951e-01
1.21737011291507866e-04
1.50290695981366185e-01
-6.10233989318746849e-05
1.46633644566006971e-01
-6.31699179000811295e-05
1.44049152534485581e-01
-5.42442642365296000e-05
1.51491013806829583e-01
-3.21561167848455831e-05
1.47967197827665375e-01
-3.67994517350482781e-05
1.44449870801544283e-01
-2.62513494503338362e-05
1.52185605562388970e-01
1.38944890294654056e-04
1.46025291155353870e-01
1.28768776290314038e-04
1.46012105011102067e-01
1.30893853599702947e-04
1.51693134670082469e-01
-9.36977439324416172e-05
1.46297064054003390e-01
-9.17973531629870837e-05
1.47248618757027383e-01
-8.58942862851062996e-05
1.55591573707750896e-01
-1.48424228930513165e-04
1.53642206881684895e-01
-1.45838846942731763e-04
1.46357846249583867e-01
-1.33919214386575227e-04
1.52701166038061859e-01
-7.92942496281562976e-05
1.47752882457715284e-01
-7.90620300623429243e-05
1.47838733983230830e-01
-7.19004309286257496e-05
1.55444528634246903e-01
1.28459178997073604e-04
1.47206948415051553e-01
1.16372473863936767e-04
1.51621713914019018e-01
1.27316352993382827e-04
1.56654076029880240e-01
6.07232245417233034e-05
1.52661617524243787e-01
5.06070471373754833e-05
1.48782265136211289e-01
5.96783058322183558e-05
1.57023597374487012e-01
1.81401955144544993e-05
1.53895062654693354e-01
1.03358326456959866e-05
1.49361062006343304e-01
2.16005308575097518e-05
1.58368715934352811e-01
-1.33722588187229436e-04
1.53836570945630108e-01
-1.30751672705157335e-04
1.52320705047992583e-01
-1.23234057010278205e-04
1.58636781744719374e-01
1.02048999487124652e-04
1.54607138402251931e-01
8.98099492983603858e-05
1.51083948597032308e-01
9.63228953352140803e-05
1.57768430995295972e-01
-5.50747015206369656e-05
1.54029659849551026e-01
-5.82831372579989434e-05
1.51105911503201795e-01
-4.77010985790919884e-05
1.58159997247138223e-01
-1.21707330480787381e-04
1.52216746667177660e-01
-1.17654846442344745e-04
1.53649535360189771e-01
-1.13150389570953553e-04
1.58855126484104908e-01
-2.10970926278059193e-05
1.55173092108039451e-01
-2.68991136177718014e-05
1.51496508540140379e-01
-1.52340711054948071e-05
1.59117091963535462e-01
-1.52019159790116586e-04
1.57355030486497904e-01
-1.50417060738720606e-04
1.49919030892537303e-01
-1.37292891188430953e-04
1.61763354165958467e-01
1.49104720714506413e-04
1.54780503608515113e-01
1.36983646394505358e-04
1.56975011032074563e-01
1.44264645696626958e-04
1.60385092984342725e-01
-1.10221986722710917e-04
1.54762428486251769e-01
-1.07767401178401900e-04
1.56039031412040452e-01
-1.01793404484718485e-04
1.62795470562667938e-01
1.58066467953163497e-04
1.57490725697075534e-01
1.48405486808641629e-04
1.55138499873209046e-01
1.46684772947310602e-04
1.64902043190976594e-01
1.26993525145289743e-04
1.54488861615108858e-01
1.14388412501800828e-04
1.60174080145222469e-01
1.28474682421221857e-04
1.61491738688180536e-01
-1.52208667588314385e-04
1.60305020286721583e-01
-1.52353161576404664e-04
1.52805584540793932e-01
-1.38103694920976112e-04
1.61799571380914525e-01
-7.70445430324929580e-05
1.57250543317961206e-01
-7.84121681452218475e-05
1.56045106028581571e-01
-6.87588162386625513e-05
1.62163964858448473e-01
-9.55726604105737741e-05
1.56928785369516433e-01
-9.48595809941542431e-05
1.57432493632246984e-01
-8.72274104319514294e-05
1.61769362014214102e-01
1.14646016651826293e-04
1.64172211544735991e-01
3.81866824624514770e-05
1.60597745443145673e-01
2.78825879204607130e-05
1.56421153905015126e-01
3.99069841125426509e-05
1.65455670406325334e-01
8.40582252093862288e-05
1.61054661706144436e-01
7.21216879856780805e-05
1.58017075592091133e-01
8.10691816402249888e-05
1.65210118309672555e-01
-4.67625938123375826e-05
1.61489351743929394e-01
-5.11779910220440924e-05
1.58350638599283139e-01
-3.91018279233966870e-05
1.66414727507587984e-01
-7.62050982579929384e-06
1.62634916760788950e-01
-1.46474094112015101e-05
1.58590927805848103e-01
-1.90690844609245751e-06
1.65949825918910665e-01
-1.54127607714248631e-04
1.57626530233934165e-01
-1.40297450396090380e-04
1.63721279189388474e-01
-1.53428032024433231e-04
1.69094333399110369e-01
-1.42022903344668006e-04
1.63731878841328643e-01
-1.38082860582034220e-04
1.63627053244361803e-01
-1.31645355218481505e-04
1.70866483744360781e-01
1.55461361504375799e-04
1.63155321769074324e-01
1.41574256295545384e-04
1.66315617711709107e-01
1.52700873134299777e-04
1.69392738971695322e-01
-1.28095847014288758e-04
1.63776693776044868e-01
-1.25124216011499110e-04
1.64888819884857485e-01
-1.18987061655981933e-04
1.70321407024901617e-01
-7.20711855769284258e-05
1.66060643309406536e-01
-7.48253416961812266e-05
1.64044916260239731e-01
-6.32429348110511471e-05
1.71664250562956006e-01
6.06380640938362746e-05
1.67918028880708031e-01
4.91418950832168307e-05
1.64159506546116302e-01
6.09582534596568422e-05
1.76744937414166248e-01
1.83571036915376404e-04
1.66546648819272725e-01
1.66760080479190487e-04
1.69770171306763612e-01
1.70568061356721391e-04
1.71376144306313649e-01
-1.13389685499223704e-04
1.65880919643935643e-01
-1.12058478272368273e-04
1.66769958984374939e-01
-1.04281472876782002e-04
1.72748609134277392e-01
-1.58805533656258433e-04
1.69349606112502715e-01
-1.56695909412953840e-04
1.65558495376407294e-01
-1.45932104395913963e-04
1.73023576767963067e-01
1.04607489707951785e-05
1.69719045729674639e-01
1.13252748419623543e-06
1.65023888100711197e-01
1.46805619624131187e-05
1.72847463523187611e-01
-3.71026947757605152e-05
1.69028854310949966e-01
-4.21934789784034222e-05
1.65851379139039745e-01
-2.86609527892973529e-05
1.74283865273984345e-01
1.09569265949407130e-04
1.69869519324123669e-01
9.65865712967748746e-05
1.66460741320107880e-01
1.06047542888333934e-04
1.72469156936540025e-01
-9.51218767753704049e-05
1.67316810693903750e-01
-9.56167817597319283e-05
1.67134291903914517e-01
-8.58168747192500418e-05
1.74899353178954192e-01
1.74247426844328126e-04
1.68331291925104015e-01
1.61440042848320567e-04
1.68848139940664249e-01
1.66389837096972762e-04
1.76180074474230508e-01
-1.84620815774295396e-04
1.74945293883303071e-01
-1.82564128957849955e-04
1.63935098598930934e-01
-1.63046969500247875e-04
1.62442482147015954e-01
-1.60694672418944842e-04
1.75563570991762508e-01
-1.83642025275189278e-04
1.77043586239382628e-01
-1.85248745292350783e-04
1.76612720319880123e-01
-1.85075891384601398e-04
1.66317070319336124e-01
-1.66230094620127420e-04
1.79792030005937936e-01
1.91271113471225653e-04
1.74945271174152595e-01
1.82570780884720393e-04
1.68069309209555595e-01
1.70083018770843865e-04
1.77369489021133669e-01
1.86950267357116471e-04
1.62442487842278133e-01
1.60688457727944120e-04
1.78618746179102950e-01
-1.85638150051526990e-04
1.68867531084514771e-01
-1.68324577843357686e-04
1.77832057661725051e-01
-1.85682931989574222e-04
1.78687556911928253e-01
-6.46163855667342672e-05
1.74504616793444617e-01
-6.86353207774196373e-05
1.71948868881619449e-01
-5.52981334490392385e-05
1.81691026360305763e-01
1.61353919565292522e-04
1.73296201083901175e-01
1.43633788985287041e-04
1.76279498156976161e-01
1.58910355498120370e-04
1.79394442206334187e-01
3.14436252514066903e-05
1.76208844862838082e-01
2.06771925649454198e-05
1.71783654986886913e-01
3.52221192525145634e-05
1.80301749764172486e-01
8.63526047764739523e-05
1.75982738122312882e-01
7.31942996686546141e-05
1.72879106440495089e-01
8.54867800414016844e-05
1.79212197620440578e-01
-1.47778651513376987e-04
1.74153640035031171e-01
-1.45157600040767703e-04
1.74302352850376596e-01
-1.37742272000130234e-04
1.78702346880099394e-01
-1.82126413321279936e-04
1.70096772923274159e-01
-1.66752883610044202e-04
1.78661095239317724e-01
-1.84083421437296498e-04
1.80713304955814946e-01
-2.08999315157155638e-05
1.76780377197033545e-01
-2.93784536642866678e-05
1.73564183970570524e-01
-1.38519449328276819e-05
1.83468928205377330e-01
1.37311952265368542e-04
1.78876110293420737e-01
1.23239461360566589e-04
1.74186349022768139e-01
1.32704304448498565e-04
1.80386049942600324e-01
-1.32385715638116800e-04
1.74889747566996129e-01
-1.30507341164331299e-04
1.75880983733617019e-01
-1.22698370722889232e-04
1.81919447892087804e-01
-1.65731037623478649e-04
1.77334446385633088e-01
-1.62519188358483779e-04
1.75506735732169600e-01
-1.53591679044127229e-04
1.82096531673040657e-01
-9.17064877727768600e-05
1.77283075166089488e-01
-9.37134868393152014e-05
1.76208910333795932e-01
-8.15588164619103354e-05
1.80765246833314547e-01
-1.80782299475469832e-04
1.73357334233029653e-01
-1.67126681741374506e-04
1.79734253090025081e-01
-1.81677935950187106e-04
1.82307468447485632e-01
-1.14643417478477969e-04
1.76842123489792336e-01
-1.14301667067336456e-04
1.77388205544414757e-01
-1.04640799038388936e-04
1.85734308343207200e-01
1.86230669266603140e-04
1.78300175825429119e-01
1.70495222366230084e-04
1.80317633515578918e-01
1.80596869243849036e-04
1.86057219809661750e-01
5.81809653369564505e-05
1.82725532633943949e-01
4.45266519279349828e-05
1.78861089272225798e-01
5.97181700720835929e-05
1.88645005511405200e-01
2.02325929104555361e-04
1.81772097727016996e-01
1.88031425113692881e-04
1.82695653523379076e-01
1.93093745272041240e-04
1.86770291199683969e-01
-5.37786927169413365e-05
1.82729022656631879e-01
-5.95222000792360739e-05
1.79808978156309418e-01
-4.50470235030107601e-05
1.90930372102116969e-01
2.11480290935946858e-04
1.83837601487020802e-01
1.97266810523127271e-04
1.85361952471434638e-01
2.01419340576277321e-04
1.87333891304368116e-01
-1.86727921168261573e-04
1.84049930469672524e-01
-1.83943125146937271e-04
1.80041027052420671e-01
-1.72417936631301231e-04
1.89957592043181550e-01
1.14698560829893450e-04
1.85129364095566906e-01
1.00207704246386831e-04
1.82121247181137619e-01
1.12460345122778247e-04
1.89973449433209846e-01
-9.89551813714149177e-07
1.85343335110382201e-01
-1.14062382360702287e-05
1.81498873890931417e-01
5.21564546094740787e-06
1.89456317777574018e-01
-1.52494222485237001e-04
1.84334631847172553e-01
-1.50399215821392314e-04
1.84921056099708964e-01
-1.42253711732266230e-04
1.90861020109755419e-01
-1.71204489199765220e-04
1.86390618413221326e-01
-1.68716500124888838e-04
1.85036452210591257e-01
-1.59231165082802728e-04
1.91424364737619340e-01
-8.54009983144842096e-05
1.86760660697718295e-01
-8.88839796622087461e-05
1.85055931835968107e-01
-7.46159030893123328e-05
1.95811404725176608e-01
1.70001905092824609e-04
1.89639804432973791e-01
1.53318661396432331e-04
1.88752017105629583e-01
1.66182549132882926e-04
1.91809246751605184e-01
-1.35658163172312909e-04
1.86098031156946342e-01
-1.34310882159223606e-04
1.87058222347846054e-01
-1.24922626637544257e-04
1.93151821107071936e-01
-1.13787984343189424e-04
1.87729970222242137e-01
-1.14530191977967245e-04
1.87624059785304997e-01
-1.02429184836154010e-04
1.94894834018296603e-01
8.58000415422230698e-05
1.90475740919786835e-01
7.16403030605869867e-05
1.87598725704746228e-01
8.64209720460405723e-05
1.96415176895354066e-01
1.95289716246529663e-04
1.89052767707460323e-01
1.77930021208473860e-04
1.91075554910354828e-01
1.91201373681313189e-04
1.94379652884950627e-01
-3.95616036492954290e-05
1.90575013903284851e-01
-4.70091295181376191e-05
1.87546569787839651e-01
-2.97481313778496126e-05
1.92909073498938294e-01
2.72125872137157117e-05
1.91440913970296278e-01
1.29505096642225073e-05
1.86152046024988194e-01
2.95411084440444824e-05
1.94672814029466845e-01
-1.91597129490952549e-04
1.91003819045510781e-01
-1.89438078727262636e-04
1.88295934903213363e-01
-1.78377533703481925e-04
1.96580161043780732e-01
-2.14571639822243678e-04
1.88672451406186381e-01
-1.97305812211488816e-04
1.87641034921885497e-01
-1.97966025895449137e-04
2.00455679161192390e-01
1.44482665646686456e-04
1.95206311839483670e-01
1.29266075712752262e-04
1.91963085235835468e-01
1.41391136893212927e-04
2.00226052940234184e-01
2.18966993398932576e-04
1.92979946205913327e-01
2.02287239726939874e-04
1.94436370175230494e-01
2.10924024796424329e-04
1.96649215833569924e-01
-2.20261085837143082e-04
1.87633568814426582e-01
-2.02494717339534754e-04
1.96615626809825361e-01
-2.17773789010096994e-04
1.98847806964348284e-01
-2.27653281013041610e-04
1.87945016985532065e-01
-2.05796035754034966e-04
1.97749499877381080e-01
-2.24200054804760829e-04
2.00763222030888339e-01
-2.32891548608552484e-04
1.99956268633320000e-01
-2.31441337408137571e-04
1.88470679568110339e-01
-2.07903231744059548e-04
1.87449788394861927e-01
-2.06136138910457294e-04
2.00360951343351357e-01
-2.32232052131210639e-04
1.99806714021890486e-01
-2.30448234326866626e-04
2.00435064453403589e-01
-7.59001500861854249e-05
1.95929893910594261e-01
-8.10088485924287285e-05
1.93602685993848278e-01
-6.43692559668119347e-05
1.98514619235040407e-01
-1.73731652402940015e-04
1.94688135187635725e-01
-1.72702173425432924e-04
1.93985323810009991e-01
-1.62932580756944018e-04
2.00183423483737077e-01
5.26927429061379977e-05
1.96546011484229649e-01
3.96276086507926065e-05
1.93120687631197940e-01
5.57987258164395808e-05
2.04159689761066937e-01
2.40132677387431843e-04
1.99956317240249482e-01
2.31404764474082232e-04
1.91974975347745852e-01
2.14857658914946687e-04
2.02058861976907700e-01
2.35796081919969564e-04
1.87449810361385749e-01
2.06150958249113437e-04
2.03718239103844567e-01
2.35057416225508916e-04
1.96181461790262190e-01
2.18372611558299650e-04
1.97324875240851932e-01
2.23297274825625677e-04
2.00693474063289218e-01
-1.57162705808498450e-04
1.95075317386675468e-01
-1.55110426674861645e-04
1.96251210953834021e-01
-1.46212940891698513e-04
2.00591841521185726e-01
-2.14963640412273133e-04
1.98586714113723806e-01
-2.15130318835188593e-04
1.93962614698102914e-01
-2.00551897295866500e-04
2.02315344812689007e-01
-2.54569232150553225e-05
1.98347543686232142e-01
-3.28125921736765262e-05
1.96144369968561882e-01
-1.25989251120806623e-05
2.03458884942873397e-01
-1.09796745061165762e-04
1.98305660942072054e-01
-1.12139139464455926e-04
1.97441508195874527e-01
-9.72023121745576837e-05
2.05297679265011856e-01
1.16149188719105625e-04
2.00095930143254636e-01
1.00572111398853967e-04
1.97628222501971401e-01
1.15849599554345822e-04
2.03498614373464171e-01
-1.38218817798744370e-04
1.97654329669178924e-01
-1.37225471140140371e-04
1.98325040744891046e-01
-1.25707691910233421e-04
2.04110267420804181e-01
-1.99393553795950660e-04
1.99391992791036310e-01
-1.95741106597443093e-04
1.97485413967312090e-01
-1.84968466764653684e-04
2.05001196054529572e-01
2.41099896437365382e-04
1.97965639660738157e-01
2.26020302407940358e-04
2.04581306630240572e-01
2.40769803075705489e-04
2.10729806214776882e-01
2.08300254532161401e-04
2.03270117032820635e-01
1.88689219164218724e-04
2.03573427511267974e-01
2.02266176953289821e-04
2.06263930697493686e-01
-2.17441045634274185e-04
2.03428418806832517e-01
-2.16510500371002687e-04
2.00468168611151576e-01
-2.04279483009199017e-04
2.08752781209512212e-01
8.17989596536211817e-05
2.04467799703085124e-01
6.68716299591287704e-05
2.01824240902672813e-01
8.41901687539506382e-05
2.08815624472730998e-01
-6.30522048538773836e-05
2.04625465302192749e-01
-6.98393300386654034e-05
2.01597690636675847e-01
-5.07412772246621115e-05
2.12849470260569107e-01
1.81150762567823081e-04
2.06652089552430029e-01
1.62410638873555877e-04
2.04331395129698140e-01
1.76084893163679318e-04
2.03160906864845142e-01
3.81018359068120797e-06
2.06404038356897052e-01
2.26797046556554954e-05
1.96567461136906568e-01
1.26381222404840471e-06
2.04782326595606440e-01
1.31255358454995388e-05
1.99656872670739116e-01
2.51467108405602145e-05
2.11643566041758158e-01
2.32921252713463953e-04
2.04028950993509178e-01
2.13714538494976631e-04
2.05935746103263234e-01
2.26335151950404550e-04
2.08268123461760074e-01
-1.78254942867955537e-04
2.03391756451409556e-01
-1.76245218259468879e-04
2.04480643393619849e-01
-1.67565179668977720e-04
2.09324054248926084e-01
-1.97484508705531768e-04
2.06717484329302176e-01
-1.98712273227644290e-04
2.03919178057932304e-01
-1.85377198847969365e-04
2.15075567354294089e-01
2.54968914195689204e-04
2.07650547173348105e-01
2.36668752849494949e-04
2.09397662972887255e-01
2.45177217909626013e-04
2.12076542116902994e-01
-9.95194775202500945e-06
2.07196036948670365e-01
-1.80697491481881344e-05
2.07618786070759648e-01
-2.81393278822783132e-06
2.13594246988321051e-01
-1.02212961131331739e-04
2.08526860718298596e-01
-1.06402488716385302e-04
2.07014569037816454e-01
-8.85680703769140503e-05
2.13169991464850411e-01
-1.64789437843267946e-04
2.06932163514693929e-01
-1.61171038752845272e-04
2.08334071051186065e-01
-1.51240887271882562e-04
2.17070492530739040e-01
1.50135133767540554e-04
2.11183693543443740e-01
1.32691103011197846e-04
2.08763873427454422e-01
1.47766966847603411e-04
2.13189192182279608e-01
4.63957961628022969e-05
2.09796435664791947e-01
3.42508479811646558e-05
2.06686640368156094e-01
4.98455135824442944e-05
2.14715162834741291e-01
-1.37935173523738130e-04
2.09107291338667983e-01
-1.38400240551650705e-04
2.09086800182736621e-01
-1.23483519515423407e-04
2.18455679098267352e-01
2.69842614320293538e-04
2.11086966162702366e-01
2.52192087110072397e-04
2.11728535605312240e-01
2.55332790464034439e-04
2.14009465495444945e-01
-2.24869318424397355e-04
2.10137061110517442e-01
-2.21333599562781086e-04
2.09059651280129571e-01
-2.11943859293406639e-04
2.12378900238363200e-01
-2.47502899710068955e-04
2.14168868951966185e-01
-2.56755220048606077e-04
2.04479215531832875e-01
-2.30672812957541308e-04
2.05408657721147025e-01
-2.38095852424203208e-04
2.13274575345207884e-01
-2.52394459844821641e-04
2.16734463829142965e-01
-4.64035191403731960e-05
2.12775103199101090e-01
-5.51021018327277313e-05
2.09525066074876559e-01
-3.53982389490569883e-05
2.14203681267245399e-01
-2.43761061219750731e-04
2.13291972350198755e-01
-2.45973720527792132e-04
2.07397531827771348e-01
-2.29077512375603401e-04
2.17699760778521628e-01
-2.68196591563804674e-04
2.08273262487760069e-01
-2.47451998535758784e-04
2.15935181785467917e-01
-2.62692515113928534e-04
2.19589109299905078e-01
1.12788084448059363e-04
2.14170655784566899e-01
9.68393477884432665e-05
2.12443965201221080e-01
1.14962092123669548e-04
2.13579480137309957e-01
-1.95299406812435533e-04
2.11451947158925235e-01
-1.96559392271099866e-04
2.10923695807934020e-01
-1.86712234829946975e-04
2.18193058626996728e-01
-2.44221542956730227e-04
2.16198820977533790e-01
-2.44243961439594875e-04
2.12228284370401754e-01
-2.30588584203250143e-04
2.19126774730477952e-01
1.15934183255305545e-05
2.15601555832122732e-01
5.04160143813142020e-07
2.12765677610145892e-01
1.74812330537300051e-05
2.20433644272043150e-01
-1.90352366724120929e-04
2.14351221680343512e-01
-1.84368150642649688e-04
2.16801589972076381e-01
-1.77439245236788796e-04
2.25072415709437923e-01
2.48329711245065434e-04
2.17900571670384180e-01
2.27928189694167455e-04
2.18359038750731815e-01
2.41076411679187058e-04
2.21569230225035468e-01
7.20893743962728483e-05
2.17379024002250731e-01
5.88977690929704911e-05
2.15161392045746330e-01
7.74205599855688753e-05
2.27220633695403712e-01
-2.92518816282029295e-04
2.13990437877003170e-01
-2.61699910505900008e-04
2.22461660691973179e-01
-2.80478132747712962e-04
2.26391463311025748e-01
2.20775952326434819e-04
2.19619915019106299e-01
2.00526981320543513e-04
2.18561715583210386e-01
2.15081736693325181e-04
2.23946085191660288e-01
-9.02665778659058081e-05
2.18770442405132187e-01
-9.67144381153811010e-05
2.16380888847836683e-01
-7.60589665948261615e-05
2.17495372418592320e-01
-2.23556923464942318e-04
2.10802819390114748e-01
-2.11265255937264387e-04
2.15752616884870657e-01
-2.24365887440865447e-04
2.21203695216782042e-01
-2.20704245979890516e-04
2.15263821389202387e-01
-2.08882775080653952e-04
2.19349752657613944e-01
-2.22319110295052941e-04
2.25948264781529989e-01
2.71346509817915749e-04
2.18795496866788786e-01
2.51833047855090305e-04
2.20512968357296474e-01
2.63520688905217754e-04
2.24976323173658233e-01
-2.87612098598633676e-04
2.12464918313518214e-01
-2.58582422153881986e-04
2.26100532965918616e-01
-2.90187217947971972e-04
2.24490589615804287e-01
-2.59636401728857630e-05
2.20612512750636564e-01
-3.65773178492852141e-05
2.18283759569078362e-01
-1.75825922435530803e-05
2.25026391083012811e-01
-1.70651324415666710e-04
2.19098637210285913e-01
-1.67934475276780424e-04
2.19870404147515436e-01
-1.53955528051250674e-04
2.25526066656625168e-01
-1.33070872313877867e-04
2.20121022168680680e-01
-1.35908753114597663e-04
2.19559917548809130e-01
-1.17179613230734053e-04
2.31842271527928051e-01
3.03582590124108862e-04
2.25149779148746537e-01
2.86648029436833908e-04
2.17999385542487933e-01
2.70799643987253884e-04
2.29604597283783352e-01
1.87654694962837972e-04
2.23337063534374630e-01
1.68429447324092396e-04
2.21228104588262670e-01
1.85044479538761306e-04
2.24976397209095069e-01
2.87633135420844869e-04
2.28411823778020634e-01
2.95742157236229667e-04
2.12464857368095006e-01
2.58581829116068902e-04
2.23447461986068047e-01
-2.46883980309042209e-04
2.20820625218161204e-01
-2.45763253478199393e-04
2.18728321026070760e-01
-2.35717662942654718e-04
2.24241085351822855e-01
3.52141345820960289e-05
2.21683739143337916e-01
2.31837842658006764e-05
2.18715371560365662e-01
4.11399420686076262e-05
2.23700782615529642e-01
-2.11557576600478268e-04
2.18640211269876455e-01
-2.03333102543156759e-04
2.22067086266700603e-01
-2.01018002490841157e-04
2.22452436693919869e-01
-2.16384530400274747e-04
2.31471830410107299e-01
2.96886588138535652e-04
2.23273306045719711e-01
2.75573209632403815e-04
2.24964610758709660e-01
2.83485872992250362e-04
2.32160194140207721e-01
1.47072158465060969e-04
2.25874333811381389e-01
1.29409395684642719e-04
2.24616151354362220e-01
1.49270131512443797e-04
2.26412598739797133e-01
-2.69822085285870887e-04
2.26210955541064296e-01
-2.77062699532387973e-04
2.20308021884327382e-01
-2.56594383937884377e-04
2.19294797786859008e-01
-2.62058295108747136e-04
2.26312258698336405e-01
-2.73704463093126123e-04
2.31401459410716881e-01
-6.94599157742187864e-05
2.27673782744005404e-01
-8.03266350960905618e-05
2.24068145140059571e-01
-5.74069093108585290e-05
2.32105141984724234e-01
1.02576532080394245e-04
2.26836949330849080e-01
8.68759782003024952e-05
2.25847588300743640e-01
1.08239809608003974e-04
2.28861972967962096e-01
-2.48581960470488838e-04
2.26155060992354051e-01
-2.47950126139680172e-04
2.23178538214157229e-01
-2.35854706449226234e-04
2.32294839428402650e-01
-2.97085267738639194e-04
2.23231591531080770e-01
-2.76542871349708054e-04
2.29253184595914733e-01
-2.87190194061602772e-04
2.31269329067997798e-01
-1.56175515735499626e-06
2.27879827928604645e-01
-1.41185334787163325e-05
2.25198307333262709e-01
5.35381525024179015e-06
2.28790815413942167e-01
-2.68025712013370595e-04
2.27602010113624492e-01
-2.69100644205138380e-04
2.23491802109641036e-01
-2.55951398166612883e-04
2.32079035405094281e-01
5.93697027117089516e-05
2.28159922085709260e-01
4.69802301695134748e-05
2.26824375768522463e-01
6.61257320727288886e-05
2.35735952665935167e-01
-2.10941408919844057e-04
2.28085187776577047e-01
-2.00558794920092085e-04
2.30380571904875708e-01
-1.90478790140206466e-04
2.34936329573360053e-01
-3.08079632305611301e-04
2.26317672998882308e-01
-2.87778889522273312e-04
2.33616395109177366e-01
-3.02836506804974248e-04
2.36878828284801751e-01
-1.22493711574788643e-04
2.31202896109266781e-01
-1.28338671776066717e-04
2.30412248433143063e-01
-1.05829205084079580e-04
2.38145990384560108e-01
2.88100461688048099e-04
2.31608683460534953e-01
2.67953080900571697e-04
2.32048270967054354e-01
2.80158534948716045e-04
2.33363920814165349e-01
-2.47016540396003520e-04
2.31113233408071994e-01
-2.48016346729372907e-04
2.27283702452295233e-01
-2.33620090064691141e-04
2.36015995277384788e-01
-1.69103306759493306e-04
2.30521687065022823e-01
-1.70263060868709927e-04
2.30770585087077845e-01
-1.50691656222313438e-04
2.40192909083852629e-01
2.64347878480958667e-04
2.33291504844762243e-01
2.42160904397846461e-04
2.32633878082817713e-01
2.56862522226104599e-04
2.34431167725638712e-01
-2.72522672894911805e-04
2.31611358768968489e-01
-2.70461693635469481e-04
2.28939151909723138e-01
-2.59504019645204382e-04
2.37989089471378840e-01
-4.25357907041625714e-05
2.34695158125342668e-01
-5.64548710939444050e-05
2.31240122289863653e-01
-3.38794140300989545e-05
2.36011958363659458e-01
2.37603308869782745e-05
2.33640432217866484e-01
1.08734383111217530e-05
2.30126802195971231e-01
2.98158353831687596e-05
2.42888428625616937e-01
2.30134745106996830e-04
2.36245884915638499e-01
2.08416337941516410e-04
2.34641247529559671e-01
2.26155003291988012e-04
2.39825815099932171e-01
3.10507135412826148e-04
2.32886611854069114e-01
2.90679028713527229e-04
2.35650046145056719e-01
3.04078627655078842e-04
2.35202677406265104e-01
-2.33376919722880411e-04
2.34283526878599352e-01
-2.40539189531043971e-04
2.29451744198191754e-01
-2.22290169268213176e-04
2.35469372562827517e-01
-2.22563336242712632e-04
2.39652895657066850e-01
-3.21971201877857744e-04
2.33437400192035210e-01
-3.07240316803162824e-04
2.37294977738281287e-01
-3.15093502845097280e-04
2.37905404238410639e-01
-2.99851304480756810e-04
2.34509896617851682e-01
-2.87706178570071422e-04
2.32058484973005824e-01
-2.88464745432123846e-04
2.36207643491456953e-01
-2.93792371054621025e-04
2.30461188789656102e-01
-2.78678234820754073e-04
2.45927342000678645e-01
1.86341864118369277e-04
2.39043351886496308e-01
1.66126192565126742e-04
2.37767153364483064e-01
1.87861725052667397e-04
2.40164256080096450e-01
-2.75724208288233047e-04
2.37298085935056247e-01
-2.74331783780491084e-04
2.34512935327525096e-01
-2.61932707443773849e-04
2.42033426736532165e-01
8.44675486303045467e-05
2.37056168949510260e-01
7.15439835545944748e-05
2.37069518284745373e-01
9.40719762876089980e-05
2.39284458164837371e-01
-2.92875078965130228e-04
2.36897471249983699e-01
-2.90423516047904056e-04
2.34037494091443504e-01
-2.80284566928893047e-04
2.47848733265118498e-01
3.40782942695461275e-04
2.39659653597797923e-01
3.18460158812229762e-04
2.39847800412947731e-01
3.22450634752308174e-04
2.45486818695896503e-01
1.34945141498649958e-04
2.38795845754346397e-01
1.18210939944636618e-04
2.38824175977214642e-01
1.41774188449647571e-04
2.38565247827372262e-01
4.62886516457479565e-05
2.37288403852843000e-01
3.49285354958309410e-05
2.35322205806722112e-01
5.30444882968090562e-05
2.44726644504521834e-01
-1.33109995167928081e-05
2.41357675366297653e-01
-2.83620533673642968e-05
2.37998376738925238e-01
-7.13858796712503033e-06
2.43720715126440085e-01
-3.18570858102825891e-04
2.38008752036539595e-01
-3.08086379243221358e-04
2.40812991089843581e-01
-3.09200397002028563e-04
2.45962652969417578e-01
-2.07527234238283874e-04
2.40849917811237296e-01
-2.09744087764987162e-04
2.40988782882222113e-01
-1.87990066987636054e-04
2.50788357716117072e-01
-1.05022832962824798e-04
2.43834203598773724e-01
-1.14615340089695026e-04
2.41095161985207668e-01
-8.63066850428763441e-05
2.47182947885472848e-01
-1.61924234439224303e-04
2.41600021568326301e-01
-1.66037058227464933e-04
2.42030379915772365e-01
-1.41767431084103418e-04
2.44416560059619120e-01
-2.72947635202907689e-04
2.42290749268498723e-01
-2.74590719290992774e-04
2.38890115515997287e-01
-2.59777872431532985e-04
2.45697748353183754e-01
-3.00543062419319237e-04
2.42491460051141333e-01
-2.96859632151085830e-04
2.40064251586115412e-01
-2.86322499644038803e-04
2.50974466001038343e-01
3.28170403002309987e-04
2.44559691296982906e-01
3.07910655524933378e-04
2.45401473289453664e-01
3.19795943264924228e-04
2.53716557202978865e-01
-3.60711735957925782e-04
2.50008762352144198e-01
-3.51010251438556406e-04
2.40466822481113257e-01
-3.25613158650839686e-04
2.37490795796781701e-01
-3.18426939449238092e-04
2.51864397038857490e-01
-3.55930695158880345e-04
2.53781297577676979e-01
3.10863129421000428e-04
2.46986318439647523e-01
2.87291903211928492e-04
2.45964948038367048e-01
2.99903907086224619e-04
2.46915957156232463e-01
-3.16310713855053884e-04
2.42411030416077394e-01
-3.08157636802348575e-04
2.43100033052131487e-01
-3.04515087857914677e-04
2.47246607607074675e-01
5.51674116826385158e-05
2.42906093305465420e-01
5.06126144302000537e-05
2.44639828148377592e-01
7.02265221154273509e-05
2.47538240142653382e-01
-2.65414984655763775e-04
2.45977660807596421e-01
-2.69446310906444641e-04
2.41370197951750270e-01
-2.49089878102778830e-04
2.48511913415245062e-01
2.02270146499442568e-05
2.46618890686663178e-01
3.22017727304279775e-06
2.42262341146904314e-01
2.21065833018704633e-05
2.56597802056887758e-01
3.68357086034496405e-04
2.50008671111979996e-01
3.51061957943563346e-04
2.44218408964011535e-01
3.35112630568158384e-04
2.53305903321116077e-01
3.59825874944601123e-04
2.37490778131604574e-01
3.18392926813231491e-04
2.56220274031582540e-01
2.77893186458167188e-04
2.49553513372140462e-01
2.53592102941021234e-04
2.48208056821906692e-01
2.71792820005059218e-04
2.49715956602972550e-01
-3.40811060581609770e-04
2.52393838166520501e-01
-3.52260581786749329e-04
2.41004836194570499e-01
-3.18530214445181422e-04
2.43664504937062071e-01
-3.29762482185580301e-04
2.51055461968743732e-01
-3.46719659673638142e-04
2.51098276836878409e-01
-2.54337701814545594e-04
2.49318545218475074e-01
-2.60235000616953365e-04
2.43416575119175943e-01
-2.32083260145694842e-04
2.47878806342473973e-01
3.78284247938244085e-05
2.50912109163086650e-01
-3.04603449531750281e-04
2.48305235358524223e-01
-3.02727443554430683e-04
2.45537932042034696e-01
-2.89954387980674642e-04
2.55432725267326299e-01
1.09679280529918676e-04
2.48733225406481823e-01
9.66373780744326854e-05
2.50460021244239273e-01
1.23107090384959051e-04
2.55469484424680815e-01
-3.63887711379457803e-04
2.54594783351878240e-01
-3.62550674079698855e-04
2.47560515549351545e-01
-3.42606370673040621e-04
2.50449819455571376e-01
-3.38284428933494086e-04
2.50083269973384925e-01
-3.39699388104493477e-04
2.47085138100347101e-01
-3.28373466948323725e-04
2.55359420153589145e-01
-6.29672872633386000e-05
2.53073367697578044e-01
-8.45822738745433350e-05
2.46674859598497220e-01
-5.22498522862452550e-05
2.57101532299816582e-01
3.58401773733923123e-04
2.48462849230233290e-01
3.34013909009638315e-04
2.52476979067466967e-01
3.50092312499392284e-04
2.59089319586849165e-01
2.30272239112804217e-04
2.52507724069188699e-01
2.07787008261271869e-04
2.50990379284897536e-01
2.31210732797363700e-04
2.53481070037735734e-01
-3.37894860293248031e-04
2.48601315366882625e-01
-3.28314572091965449e-04
2.50198385389027333e-01
-3.27065046363540096e-04
2.53932786146826406e-01
-3.58322535280069837e-04
2.60682051792379132e-01
1.70086524032846858e-04
2.53084372929332058e-01
1.51931915817661486e-04
2.53305750268583041e-01
1.79409061196679183e-04
2.56186137436536288e-01
-2.05599713973276383e-04
2.51074929531515945e-01
-2.06943116893534092e-04
2.51683832913238814e-01
-1.83459447145463281e-04
2.54170420417237641e-01
-3.27532031217007665e-04
2.50543573670829911e-01
-3.22052054187113373e-04
2.49933818079589976e-01
-3.13926312696368598e-04
2.57646212593272306e-01
-2.49406425102979758e-04
2.54372635220467158e-01
-2.52210389146633916e-04
2.51803818260052048e-01
-2.28078203193170210e-04
2.55874546859630014e-01
-3.04973923256705241e-04
2.53393705698578220e-01
-3.05019913567521181e-04
2.50145240412551428e-01
-2.88708689795636451e-04
2.60126695643732031e-01
-1.57148949978647200e-04
2.53655517491847449e-01
-1.60013805453317949e-04
2.55456537738242229e-01
-1.30609272448627741e-04
2.58601007077806144e-01
-2.34323596127899877e-05
2.56979686182321365e-01
-4.35246452462993694e-05
2.51664326896270496e-01
-1.81461432562040172e-05
2.65473150453822415e-01
3.90149574183175569e-04
2.56660019069128942e-01
3.65044734824883583e-04
2.61038047314958777e-01
3.79618384290565539e-04
2.59937833415982700e-01
6.95112018678044471e-05
2.53592572332851485e-01
6.20990849914661519e-05
2.57684820331398223e-01
9.01404102253205921e-05
2.59625909184311554e-01
-3.59554333206604446e-04
2.55038000667387854e-01
-3.48891961413740060e-04
2.56553414155874737e-01
-3.48728248736959821e-04
2.60406408740447903e-01
-3.01405549588715552e-04
2.58140852458709880e-01
-3.03470021258589147e-04
2.53971962271658858e-01
-2.83084089709253659e-04
2.61214576417548305e-01
3.61615194145703718e-04
2.56094164007441227e-01
3.44781830704061966e-04
2.59158929597842813e-01
3.60333741925627929e-04
2.66604637720327609e-01
3.58704118935303934e-04
2.58790503783430492e-01
3.43600063541908230e-04
2.60192188946192393e-01
3.34633033033130247e-04
2.60983321402311952e-01
-3.35943320079222572e-04
2.57577311996694591e-01
-3.31918027158960630e-04
2.55947355295865875e-01
-3.20094835465969453e-04
2.62260470981063754e-01
2.55458658313809674e-05
2.60429877134317811e-01
7.29450991668567187e-07
2.55386735036903290e-01
2.27909631419220928e-05
2.62234948751232100e-01
-3.54796259755041799e-04
2.57858392309970264e-01
-3.46431646893751203e-04
2.58202422873248072e-01
-3.41090223439425926e-04
2.61098464891463933e-01
4.78151098756403740e-05
2.69320731183120277e-01
3.30854063318964005e-04
2.62769427718485604e-01
3.04092313890588057e-04
2.61552447769875518e-01
3.21370681647189778e-04
2.63764087189302721e-01
-3.76416516346541555e-04
2.56739931778797004e-01
-3.58440568888275806e-04
2.61695176824630116e-01
-3.68092812474729407e-04
2.65103090067599578e-01
-2.96510214328582868e-04
2.62755096341633521e-01
-2.99240928484631290e-04
2.58100152256994841e-01
-2.74990837942027148e-04
2.66097658365288259e-01
-2.47792501996208316e-04
2.61872408818205560e-01
-2.48923248361919533e-04
2.61141248855873254e-01
-2.26387923097498979e-04
2.72360244316478095e-01
2.84397626982474112e-04
2.65723704232447955e-01
2.56856051733882174e-04
2.64291999768484775e-01
2.82075168205582613e-04
2.67659228387975900e-01
-2.06297312591281561e-04
2.61923287244145042e-01
-2.06276169918321521e-04
2.63892042014309103e-01
-1.81507154180220967e-04
2.67825619057623254e-01
-3.92602882715888536e-04
2.60109591497251547e-01
-3.72221898192617504e-04
2.65795178925862019e-01
-3.84644442347067245e-04
2.71584103594514292e-01
1.41082579907507270e-04
2.63508690216187613e-01
1.24797213061982910e-04
2.66133451151173150e-01
1.56617204610107484e-04
2.66849926272512417e-01
-3.39750081801883184e-04
2.63917085345575564e-01
-3.38078535987108169e-04
2.61361803007893689e-01
-3.22138787287216618e-04
2.75478231349311597e-01
2.17288476122655215e-04
2.68079567275134545e-01
1.92997045509619113e-04
2.67285441466546092e-01
2.25212553611676167e-04
2.69436260507626923e-01
-3.81008765098057238e-04
2.64531465443986258e-01
-3.70339215681149826e-04
2.65835406401738306e-01
-3.67891353024922085e-04
2.70882605990202030e-01
-2.93164472949554358e-04
2.67993215144726349e-01
-2.95113308609700137e-04
2.64263798408430006e-01
-2.70858405728717998e-04
2.74888170030567147e-01
4.08905861652077097e-04
2.65993899841373171e-01
3.83224842314022231e-04
2.70183685171505983e-01
4.00269848444628979e-04
2.69999405567543316e-01
-3.67343123436850594e-04
2.66117675208050575e-01
-3.61234251862016964e-04
2.65490986927986450e-01
-3.51535271339446776e-04
2.73048512716045189e-01
-4.12393271083049664e-04
2.64258511632835980e-01
-3.87821541451721294e-04
2.70438093694542359e-01
-4.02777708826047279e-04
2.72610609781036628e-01
-1.17755605269082657e-04
2.73204039009878941e-01
-7.32230400851881122e-05
2.61700874028854225e-01
-1.11397363631154204e-04
2.72906610623558810e-01
-9.57160706019699522e-05
2.64282673377296773e-01
-6.79662639982408091e-05
2.76738880015474809e-01
4.00491381489798842e-04
2.68976766689999869e-01
3.80855362809381752e-04
2.71671398914374140e-01
3.79695956313606960e-04
2.72573829566620296e-01
-3.40726635528771228e-04
2.69712359882830266e-01
-3.40513484833796399e-04
2.66489579954493849e-01
-3.20777491095696832e-04
2.75624960421205378e-01
-1.62813156563365585e-04
2.67876689372761434e-01
-1.60216354701841167e-04
2.74117004732769232e-01
-1.40302302095686275e-04
2.75057363622975892e-01
-4.21595578875413944e-04
2.81207626960178592e-01
-4.39002869381081363e-04
2.62530566491085915e-01
-3.85472962035316846e-04
2.78136248981147360e-01
-4.30482015272347178e-04
2.67459640950259758e-01
-3.98961425769806324e-04
2.79976741385250305e-01
4.35508148128860555e-04
2.75057285208190005e-01
4.21534124614015985e-04
2.68285313905022638e-01
4.01252309538196507e-04
2.77520160917217040e-01
4.28662546323155562e-04
2.62530672682440680e-01
3.85480319698678557e-04
2.75535684604179432e-01
9.04838187945318853e-05
2.67737319646515926e-01
7.96081003789651912e-05
2.73559193174110316e-01
1.16465915097344625e-04
2.77129602467249825e-01
-4.25916502585458039e-04
2.75747050175660702e-01
-2.15440395702331976e-05
2.74474611656332579e-01
-4.77317146544703480e-05
2.67174978324564605e-01
-2.26117652047838592e-05
2.74769945655263137e-01
-2.48110396909122710e-04
2.70434234639060578e-01
-2.48198993607134217e-04
2.71213914010480395e-01
-2.27054370435117962e-04
2.75542923799626416e-01
-4.05291711380296419e-04
2.69653822221249562e-01
-3.90851646793004032e-04
2.72489564478041790e-01
-3.93230129764162253e-04
2.75815414523359781e-01
4.05499808465662772e-04
2.77946835652618296e-01
-2.95657045529262223e-04
2.74415062611965688e-01
-2.94584650012186190e-04
2.72021416828581719e-01
-2.71347619303575994e-04
2.83237855552368245e-01
3.90559954210745425e-04
2.76277918598373418e-01
3.60587424051015651e-04
2.74922507674732530e-01
3.74878860720369962e-04
2.77172708080125618e-01
3.45008644095706472e-05
2.76458723640010895e-01
6.35233372850018365e-06
2.69717278224552326e-01
2.98451094412364651e-05
2.77192623205190336e-01
-3.76045106337896532e-04
2.73596597082934156e-01
-3.71928535494787233e-04
2.72020756968307242e-01
-3.57732517477915265e-04
2.76353103433223390e-01
6.28311274199878456e-05
2.78339593890747916e-01
-3.39704854451074536e-04
2.75457183178457354e-01
-3.40510384616078872e-04
2.71720724057358420e-01
-3.17749922740773259e-04
2.78405595198752409e-01
-3.98777568041794328e-04
2.73921461140418543e-01
-3.90031059265605112e-04
2.74202137309635163e-01
-3.83016140724472135e-04
2.85249381830076865e-01
3.44862871261574313e-04
2.78803370408981677e-01
3.14342539997399504e-04
2.77286948831377722e-01
3.38659800499641343e-04
2.80681935243174696e-01
-2.09191540262013359e-04
2.74171342949753205e-01
-2.08056692009154923e-04
2.78152621890643992e-01
-1.85936404571949201e-04
2.81330657005919638e-01
-4.28423279269025481e-04
2.74578277128016524e-01
-4.10434317264297347e-04
2.78436925542342506e-01
-4.16987180806280007e-04
2.86385840815958470e-01
4.51583796164050136e-04
2.75927995621548128e-01
4.20356826905221418e-04
2.83184505694620947e-01
4.44008869691881250e-04
2.88784226302459257e-01
2.79544386657888276e-04
2.82129867066533035e-01
2.47844116962975052e-04
2.80574297876990841e-01
2.83301904540027587e-04
2.84838799554937017e-01
-3.39436714594230395e-04
2.81589671686022669e-01
-3.39854814826966970e-04
2.77860025144604506e-01
-3.15886789719647401e-04
2.83903553297707612e-01
-3.80762851009675690e-04
2.80548713508688541e-01
-3.78697709060860858e-04
2.78238070928725656e-01
-3.60527165546292467e-04
2.92408329381496968e-01
1.88316125816439411e-04
2.81996563959679480e-01
1.63708789037623445e-04
2.83944897876848235e-01
2.04660127664764077e-04
2.84609150892769336e-01
-2.94368479929855444e-04
2.81278347071266754e-01
-2.95233084377268949e-04
2.79688744318001559e-01
-2.70977737278795081e-04
2.85424416506264655e-01
-2.53021302033222518e-04
2.80097738871700641e-01
-2.50785317206306257e-04
2.83052438245095961e-01
-2.31118861632936704e-04
2.86096425680187894e-01
-4.28894478846068839e-04
2.80820349358002208e-01
-4.17240336732873881e-04
2.82250718667620193e-01
-4.13855414516988253e-04
2.88774899217192016e-01
-4.55178558793482391e-04
2.80912485548619417e-01
-4.33835714373374782e-04
2.85052765575396494e-01
-4.41876125166872427e-04
2.86715461921781767e-01
-4.12105427842379538e-04
2.82561244661746203e-01
-4.05683098583225566e-04
2.81953509534001778e-01
-3.93985390086666598e-04
2.92361903077275054e-01
4.60860248894920464e-04
2.83624037558445674e-01
4.34544446135043437e-04
2.89377431476188551e-01
4.57089577155317883e-04
2.96887102160676486e-01
4.53917113921945361e-04
2.86812958351085612e-01
4.26944787873184239e-04
2.90061198247812180e-01
4.22589011809974022e-04
2.91493794062419820e-01
-3.37242830405180838e-04
2.88166779411567986e-01
-3.38644531073980831e-04
2.84719899232791174e-01
-3.16084335444835000e-04
2.90750463927607838e-01
-3.83320458351379240e-04
2.87327657173838680e-01
-3.82371490729270535e-04
2.84544327753035342e-01
-3.61235353481982786e-04
2.91659828152816325e-01
-1.30247275881954734e-04
2.91266470709150960e-01
-7.71707168786955335e-05
2.82136486236947537e-01
-1.23989742955230101e-04
2.91462146253728072e-01
-1.03883161637026200e-04
2.82236458541048230e-01
-7.52911397994277930e-05
2.92942242177504031e-01
1.09546171425903730e-04
2.84239949420706961e-01
9.97224127785936054e-05
2.92673170778612213e-01
1.49689195144416058e-04
2.92759475655120005e-01
-1.76816819979269809e-04
2.84193252171413724e-01
-1.69844798088357712e-04
2.92208876177574517e-01
-1.53688785503565130e-04
2.92440411362463792e-01
-2.08959180629413956e-05
2.91852320000435761e-01
-4.92524195953571053e-05
2.84094761390672135e-01
-2.12890744823276260e-05
2.89658132766882792e-01
-2.86105587221273004e-04
2.87133910058321618e-01
-2.90490747680567760e-04
2.87540842073138181e-01
-2.69562176762846539e-04
2.93401481004358033e-01
-4.57556687709938280e-04
2.87367032151881474e-01
-4.43190562441583098e-04
2.89748726263894085e-01
-4.43275409757190391e-04
2.98363553381383928e-01
4.10691301641422806e-04
2.91804670126278531e-01
3.77744950760579106e-04
2.90802592334981513e-01
4.01311159687718188e-04
2.93604068311231314e-01
4.01048845390331794e-05
2.93020905019237110e-01
9.51211076978299424e-06
2.85389379502210494e-01
3.72333263773563078e-05
2.93271454904469264e-01
7.51455498050591187e-05
2.94628475388414579e-01
4.58966860184653266e-04
2.94435309414425139e-01
-4.20960883852904393e-04
2.90576184862807341e-01
-4.16849655521946572e-04
2.89168751304730687e-01
-4.00724459327594820e-04
2.99772210298659469e-01
-4.91941210091481184e-04
2.90492946588675027e-01
-4.65803886327161823e-04
2.94273049474230441e-01
-4.73532344857784831e-04
2.95436074481635114e-01
-2.23179832260897296e-04
2.88059813425625588e-01
-2.16252230736935881e-04
2.94096979662888225e-01
-2.00101845442284866e-04
2.95665263967097081e-01
-4.47497093399433412e-04
2.90881717028194209e-01
-4.38448942072116362e-04
2.91189846094308646e-01
-4.29775946258559056e-04
3.00978670587965236e-01
3.50047339416550128e-04
2.94879465114886441e-01
3.14557980740998860e-04
2.93116173109944644e-01
3.48510054691742897e-04
2.97133135764547307e-01
-3.29619379375317419e-04
2.94313870552522339e-01
-3.33754697720613344e-04
2.90870994653309234e-01
-3.11721386420274786e-04
2.97725024488405210e-01
-3.83144446381606079e-04
2.94238417883476600e-01
-3.83605878566278076e-04
2.91281288355224266e-01
-3.60985552692787777e-04
3.02696666509188417e-01
5.05365420884800669e-04
3.00127036354092047e-01
4.97825215600398345e-04
2.91334378099547098e-01
4.69965913513107042e-04
3.01415267037341839e-01
5.01740869960967933e-04
2.87589189606559381e-01
4.59067017860876584e-04
2.98404825079319758e-01
-2.68772242912212176e-04
2.91915226598540023e-01
-2.60934031804605654e-04
2.96919679818452964e-01
-2.46128295279314968e-04
3.00127019665704209e-01
-4.97838562312399456e-04
3.05147943189971516e-01
-5.13094258232477140e-04
2.87589217898196470e-01
-4.59046098814304079e-04
3.02640831284394618e-01
-5.05599673442960274e-04
2.93175228972795243e-01
-4.75575770894148537e-04
3.05722434376389296e-01
2.70680825562887885e-04
2.99062938693669289e-01
2.28801509853402953e-04
2.97255430201603277e-01
2.76392438545637609e-04
3.01603829599977502e-01
-4.86867630600934412e-04
2.95191154552013224e-01
-4.71408868593457559e-04
2.97502295650022675e-01
-4.72191673838963095e-04
3.01625042578685387e-01
-4.25096759893949655e-04
2.98031005766310308e-01
-4.23407124183812478e-04
2.96187027270326531e-01
-4.04042295592299950e-04
2.99601444916812620e-01
-3.07168412653542275e-04
2.98367379073850025e-01
-3.18756326131323887e-04
2.94629936531973835e-01
-2.96537748865197321e-04
2.99002658704086044e-01
-2.88245620578777184e-04
3.06251147033670623e-01
5.13591775055941393e-04
2.96316740794986655e-01
4.82263939233396922e-04
3.04477514497571933e-01
5.09944859149706045e-04
3.05012040886335600e-01
-3.79437447464485488e-04
3.01369266864942975e-01
-3.81741414516942150e-04
2.98252495710468746e-01
-3.58035070386646744e-04
3.04788302356299612e-01
-4.83022651211974208e-04
2.99096012808928613e-01
-4.70571396211729039e-04
3.00226239488270652e-01
-4.65252683797301642e-04
3.04273415944268821e-01
-4.60574653907946452e-04
2.99970319469107183e-01
-4.54371162973713969e-04
2.99353662163803713e-01
-4.40709068518903562e-04
3.11897977391807524e-01
4.73517773379585104e-04
3.05128950373294183e-01
4.42136018889218026e-04
3.04396036870960562e-01
4.64988439290706405e-04
3.10427739143625314e-01
5.18393616472455896e-04
3.01393390277189754e-01
4.89358844201953852e-04
3.08343214620322492e-01
5.16836747888514258e-04
3.13509085029753776e-01
4.19921470232337410e-04
3.07241776345775375e-01
3.84920931088514632e-04
3.05938913590635075e-01
4.16448100712590158e-04
3.13230285576534984e-01
-5.36014714511026647e-04
3.09192528788891363e-01
-5.24955243512329676e-04
3.06500367690483333e-01
-5.13921216955918916e-04
3.09511288954589125e-01
-4.27003600409986666e-04
3.05569123085465300e-01
-4.26516284708531484e-04
3.03617418950181683e-01
-4.04863039647601326e-04
3.11077632824858119e-01
-5.20690210859762570e-04
3.05427210731822441e-01
-5.06777608529463937e-04
3.06340261064834252e-01
-5.03783076266003113e-04
3.08825518015535316e-01
-1.41666316181279924e-04
3.08849975235514718e-01
-8.59301312977108481e-05
3.00243876817016808e-01
-1.35966025635961621e-04
3.08836662734042922e-01
-1.14006067712158247e-04
3.00059492350995050e-01
-8.15045137682030138e-05
3.09502602016251183e-01
-2.49686945432239679e-05
3.09174991800659660e-01
-5.56278724125088467e-05
3.00972739763866626e-01
-2.28757954548806418e-05
3.09525769317328336e-01
-1.93992535477176064e-04
3.01143693826075365e-01
-1.85363043797641614e-04
3.09174686050029901e-01
-1.68047473568212990e-04
3.10304049042397057e-01
-3.64892162191253391e-04
3.07658547123963899e-01
-3.72657669833676352e-04
3.03718562105744161e-01
-3.47026910183279068e-04
3.10479740289700601e-01
4.23434484898880067e-05
3.09989576543648560e-01
8.60615253234612566e-06
3.02043132610657739e-01
4.12614839874211008e-05
3.10789107185364011e-01
-2.43999243948428847e-04
3.03113401174240293e-01
-2.33524317218738672e-04
3.10156557161545832e-01
-2.19237594257461844e-04
3.11808832463604690e-01
1.14634424716850204e-04
3.11142431897232619e-01
7.85666160320132897e-05
3.02377070413825222e-01
1.12235252810921678e-04
3.11808118820384672e-01
-4.67137587038701134e-04
3.08041771735072356e-01
-4.64260617133328195e-04
3.06715775579385896e-01
-4.46039224937105742e-04
3.17879035624819450e-01
3.50641590038497126e-04
3.11798197281382028e-01
3.10376343102611925e-04
3.09431310617556132e-01
3.51539255840124581e-04
3.14688984277038786e-01
-5.21010963507570523e-04
3.08147181304943452e-01
-5.04101724191884917e-04
3.09737994554365959e-01
-5.02037065637424957e-04
3.15975155774328831e-01
1.85725386783063559e-04
3.13890123293520173e-01
1.50125299173294919e-04
3.04194577304129410e-01
1.88032567344466821e-04
3.17560818466355810e-01
5.25643662027848240e-04
3.07221587760596826e-01
4.89468679937492116e-04
3.13997800939785188e-01
5.23071189697345241e-04
3.11830592825911468e-01
-2.90707506065071813e-04
3.05118255781719527e-01
-2.79677007466936235e-04
3.11309109885804791e-01
-2.67670810969366981e-04
3.14471112238870087e-01
-5.01707341027114967e-04
3.09630782472517074e-01
-4.92680009109003596e-04
3.09371462891170235e-01
-4.81127962778308768e-04
3.11539651235957837e-01
-3.33095498475410954e-04
3.10921765961914620e-01
-3.49446459178915975e-04
3.05570784767323467e-01
-3.20015565865396307e-04
3.11684653562396163e-01
-3.12391080177479481e-04
3.16856626170527178e-01
-4.20934311381921636e-04
3.13184955735052117e-01
-4.24563762588201605e-04
3.10933764482088204e-01
-3.99965873964555250e-04
3.24896902604713933e-01
2.62377937563690853e-04
3.20433837527310195e-01
2.23726038447329188e-04
3.15312212126415359e-01
2.67782386500314655e-04
3.18840358517606948e-01
-4.67362062835824355e-04
3.15325309996881742e-01
-4.67756795669377009e-04
3.14175076316030588e-01
-4.47115209749430326e-04
3.19507002560182829e-01
-5.51854703355373353e-04
3.16370293159845606e-01
-5.44230886710742197e-04
3.15292056700042567e-01
-5.36365397277337131e-04
3.26814194972273764e-01
4.89142202277787538e-04
3.20159399425537838e-01
4.54609275770675146e-04
3.19359010335527160e-01
4.82418885735397057e-04
3.25624160679623242e-01
-5.62456425184158521e-04
3.18351151142045874e-01
-5.41668258510721325e-04
3.20155764626835149e-01
-5.41815841054126696e-04
3.22095743618926900e-01
-5.10521778027469273e-04
3.18284563073367055e-01
-5.06520799547048248e-04
3.16951004688305782e-01
-4.88820920803271792e-04
3.27379330921892531e-01
5.37302137781812570e-04
3.19636581540039266e-01
5.05426463546006059e-04
3.22472772324422619e-01
5.32362621810232627e-04
3.26204102084252601e-01
5.80361362905572288e-04
3.25223975256176967e-01
5.77730817424682670e-04
3.14447293834231811e-01
5.42672046406200942e-04
3.25717859361559892e-01
5.79189349560942503e-04
3.12671697733645892e-01
5.37537797889035482e-04
3.24824499754265139e-01
-4.05212182588124913e-04
3.20841754811836966e-01
-4.13955799214428229e-04
3.17564198562998390e-01
-3.84823641302893288e-04
3.28466828043369130e-01
-5.87627455602813794e-04
3.25223991481626395e-01
-5.77731521604267430e-04
3.16804279444169778e-01
-5.50215575269274114e-04
3.12671694061108507e-01
-5.37546351023052821e-04
3.26849247116972552e-01
-5.82824564043523600e-04
3.25187233940397447e-01
-5.44511509415587206e-04
3.19939221548134034e-01
-5.33067981578061478e-04
3.19828235011147044e-01
-5.23155102418180031e-04
3.27111992858619360e-01
5.80646339172437515e-04
3.16679213705677698e-01
5.46987851331774363e-04
3.26661493345791143e-01
5.80901699044690609e-04
3.29473076917366159e-01
4.25069512578458660e-04
3.23673658276644294e-01
3.87834044153333320e-04
3.21493819883587773e-01
4.23688289189686114e-04
3.25804363727574153e-01
-1.59685015594431711e-04
3.26172640439395867e-01
-9.95334128768596109e-05
3.17316165971665121e-01
-1.50540200710642827e-04
3.25987268036383504e-01
-1.29870622259804747e-04
3.17512670531704622e-01
-9.25842080225369740e-05
3.25925644602563347e-01
-2.16289242641680039e-04
3.17726741324481643e-01
-2.05006769376873282e-04
3.25863912855417048e-01
-1.88285714883518001e-04
3.25988901819546595e-01
-4.61842002848406746e-04
3.22415786739847166e-01
-4.65232433529408330e-04
3.21422029006390941e-01
-4.41306283482771470e-04
3.24678322675594933e-01
-3.60229484065740884e-04
3.24750953337533621e-01
-3.83345206645843337e-04
3.18109410908309465e-01
-3.46587874207801452e-04
3.28935561140518473e-01
5.79870184898506461e-04
3.19679634776989019e-01
5.49058774669798741e-04
3.28026911591558890e-01
5.80876916228205962e-04
3.26837746762039472e-01
-3.64913833225740948e-05
3.26503821417863993e-01
-6.82013808565981101e-05
3.18171580875182214e-01
-3.05028418835188382e-05
3.26141493172910302e-01
-2.69044337629565766e-04
3.18466097288110150e-01
-2.56403138257101993e-04
3.26032638688402931e-01
-2.43023509202956473e-04
3.25829776939313032e-01
-3.18448600114333211e-04
3.25253666951117681e-01
-3.39873246018836139e-04
3.18830682022979706e-01
-3.04454506873265429e-04
3.25984896580746253e-01
-2.94221929063343565e-04
3.27817429343197297e-01
2.82761254079730805e-05
3.27326117522993176e-01
-4.20930633792345998e-06
3.19150038938657288e-01
3.57623316969303399e-05
3.32757501663605959e-01
-5.98622340595015559e-04
3.30616014023166704e-01
-5.93561233270049372e-04
3.22991821505790477e-01
-5.67300229384435891e-04
3.28118409239862519e-01
-5.09452405613427476e-04
3.25108215908595954e-01
-5.10493962697325930e-04
3.23478501863332712e-01
-4.88415784111218844e-04
3.30587556044581399e-01
9.96316770168108399e-05
3.29200672083966028e-01
6.38239720372599028e-05
3.21200043246893274e-01
1.07856267513767654e-04
3.35271404674165885e-01
3.43211480787948466e-04
3.30081568477520793e-01
3.02589287795196663e-04
3.26577953173499358e-01
3.48273010559030231e-04
3.33766847952323531e-01
-5.96163306874924917e-04
3.26636288386503604e-01
-5.74024847024603470e-04
3.29695655668426124e-01
-5.79634499364501668e-04
3.33762183516384925e-01
5.83660756562921095e-04
3.25659630912808473e-01
5.54669392689051128e-04
3.31351770189702910e-01
5.82520727771310988e-04
3.33808080876231816e-01
-5.57955292904165176e-04
3.29499065073590669e-01
-5.51669932189022987e-04
3.27950686396751512e-01
-5.34281064276413893e-04
3.37656580998114020e-01
1.71326101952716254e-04
3.34120225820184469e-01
1.35062215163766011e-04
3.26818717901414202e-01
1.79675011869249578e-04
3.33264602733655824e-01
-5.97843686848126472e-04
3.36961997459378604e-01
-5.91165418626450829e-04
3.31294152130479858e-01
-5.77080758863878526e-04
3.31073388684282544e-01
-5.68011089719589390e-04
3.34387738529663303e-01
-4.59417248795558370e-04
3.30189445644211599e-01
-4.61167683353540594e-04
3.29604778302347634e-01
-4.32306506349821370e-04
3.40734550707895600e-01
5.55561198605236087e-04
3.34059685546757301e-01
5.47337695618772715e-04
3.33772028358602091e-01
5.22552518334779741e-04
3.33913666432586964e-01
-5.03383701075473433e-04
3.31017104655946082e-01
-5.06969192075069409e-04
3.29950425472195441e-01
-4.82663920037225750e-04
3.41593709890741282e-01
4.98166872217671976e-04
3.35530812973765247e-01
4.61796841822155924e-04
3.34206861700387159e-01
4.94785425138696573e-04
3.43104014397354828e-01
5.99269996088953871e-04
3.35239414628761612e-01
5.68466544051783227e-04
3.38435382229503923e-01
5.92092563373219504e-04
3.37992563976214189e-01
-5.52052523926680827e-04
3.35901475824387896e-01
-5.55531126227040706e-04
3.33054494266672274e-01
-5.30800709692393828e-04
3.45584274157645144e-01
2.47859059028654970e-04
3.41618335158117292e-01
2.09296438946857930e-04
3.35243768779673823e-01
2.56530744740234853e-04
3.38305841301675292e-01
-4.24221519781718172e-04
3.38141805290659792e-01
-3.85171858069717672e-04
3.31566164837441446e-01
-4.14942655003445267e-04
3.38223456804308875e-01
-4.05122687142812487e-04
3.31410692220542091e-01
-3.72719138083497090e-04
3.45945022503408584e-01
4.24969948278363470e-04
3.40605311342702222e-01
3.84160663626683535e-04
3.37711976360271893e-01
4.26256002333976673e-04
3.40736610559481345e-01
-3.46925821675678767e-04
3.39439053288757009e-01
-3.66623037345033048e-04
3.33283903826156025e-01
-3.32627091715263475e-04
3.41801476915983893e-01
-2.98867529189276136e-04
3.41268400424906415e-01
-3.23398964436246437e-04
3.33972280775965580e-01
-2.83802768557189723e-04
3.41645987322924449e-01
-5.01960330715448921e-04
3.37780932092218267e-01
-5.03176794868696723e-04
3.38015966341773222e-01
-4.80766754740801416e-04
3.42040600869115585e-01
-2.42774365365070003e-04
3.41920015779532349e-01
-2.71251874069060263e-04
3.33984135578506536e-01
-2.29357146619602330e-04
3.42244967027131031e-01
-1.80990645215011749e-04
3.42141505823554570e-01
-2.12260639929209182e-04
3.34025902115075435e-01
-1.70169775826445720e-04
3.43213981481372221e-01
-1.16707385707092898e-04
3.42728098164198858e-01
-1.49195486682949092e-04
3.34694768962446376e-01
-1.07930589401172703e-04
3.45487080709868499e-01
-6.04534698593850732e-04
3.41226374438925728e-01
-5.98390675380889529e-04
3.39646214049006023e-01
-5.81384919173259102e-04
3.42064395916721387e-01
-5.41910145523150219e-04
3.40029507164817724e-01
-5.47527698103382086e-04
3.37988232748693440e-01
-5.22697811359859859e-04
3.44849322602433728e-01
-4.71232753298146223e-04
3.39619389698435303e-01
-4.65591742217414816e-04
3.41576547449387535e-01
-4.47837507596279708e-04
3.45057874740202941e-01
-5.22840366727956489e-05
3.44134553565901002e-01
-8.47994772574041280e-05
3.35949561224994309e-01
-4.40934941549611786e-05
3.46193145093149746e-01
8.33086729349426149e-06
3.45624271968006103e-01
-2.20984646378021417e-05
3.37007127363872894e-01
1.88808590946953785e-05
3.52295786479101647e-01
-6.49906208057340461e-04
3.43031492206145039e-01
-6.23420081478192971e-04
3.44626791037781210e-01
-6.21089747068076688e-04
3.50346929098923843e-01
6.56931986024944666e-04
3.50355213285682310e-01
6.57446789252450728e-04
3.38271538457811993e-01
6.18964848225713469e-04
3.50355488240471247e-01
6.57344106639628362e-04
3.37784815755547030e-01
6.17933128910504539e-04
3.44892145987068910e-01
7.22205107907023745e-05
3.45541356299665647e-01
4.04224663802716690e-05
3.37740839983478924e-01
8.66064217584123916e-05
3.47427948367895312e-01
6.39565379054251562e-04
3.49331419917573827e-01
6.51176861732417791e-04
3.38179621871725122e-01
6.09869333082487127e-04
3.48382023438073785e-01
6.45837622090071964e-04
3.38218682857226560e-01
6.16177799285203107e-04
3.49842701155096414e-01
6.54450766545831039e-04
3.51709364579404937e-01
-6.61084827667931846e-04
3.50355240790005296e-01
-6.57466732257857645e-04
3.40084471909408381e-01
-6.24702253628921234e-04
3.37784815890251999e-01
-6.17944331431485167e-04
3.51037189852538345e-01
-6.59446668564387826e-04
3.46307237897575670e-01
6.27805524905393074e-04
3.40033422495867876e-01
6.05847497354171372e-04
3.46869104515331816e-01
6.34105445648370353e-04
3.53673242261128118e-01
3.33027078423021666e-04
3.49625916918773816e-01
2.90415011078825171e-04
3.44475391102211315e-01
3.39433094401956563e-04
3.54558188536953478e-01
5.69877616953956339e-04
3.47649160775373112e-01
5.63668333059004338e-04
3.48073079322407108e-01
5.34426971239352895e-04
3.46534861430953300e-01
-5.34222158239901213e-04
3.44300405413022148e-01
-5.38455450710531363e-04
3.44089879919730446e-01
-5.18200857328715851e-04
3.53101716687292067e-01
-6.62240936571018143e-04
3.52410083169042765e-01
-6.62143076027072786e-04
3.42927255649747742e-01
-6.30756093035047876e-04
3.55259112963875689e-01
6.20942480109847473e-04
3.47994134973634461e-01
5.88714815144989758e-04
3.49183693202796241e-01
6.10740942897376412e-04
3.52703344530902518e-01
-6.57074704176247699e-04
3.54136530033736019e-01
-6.09524194102344942e-04
3.49814420759850420e-01
-6.07902844688269642e-04
3.46062637505868520e-01
-5.80910995408261913e-04
3.58940201298667605e-01
1.26579077805493936e-04
3.51916142815330180e-01
9.85433960165090498e-05
3.48301187476522833e-01
1.50824105960373618e-04
3.53077698400401818e-01
-5.19842953113452055e-04
3.47362698193092567e-01
-5.11145417147088098e-04
3.48962284860460270e-01
-4.95642972150259296e-04
3.56950496891560665e-01
5.03119555552903599e-04
3.51444760041569826e-01
4.64357903638283490e-04
3.49275109161386543e-01
5.01784678478153670e-04
3.48884040018775987e-01
-4.40924307682798384e-04
3.51053987622269414e-01
-4.19233151834696321e-04
3.43595524805563435e-01
-4.32693169009674581e-04
3.49969009593470826e-01
-4.30331027065636730e-04
3.44598032532324072e-01
-4.02111459771045427e-04
3.56877267995934666e-01
6.54447645928159542e-04
3.49988634021160983e-01
6.27336081830495978e-04
3.51593095866632066e-01
6.41388536161548433e-04
3.56705473592484168e-01
-3.85228575995286398e-04
3.53880126847519960e-01
-4.02977138507351965e-04
3.48721545890664841e-01
-3.65939342192278549e-04
3.55580805063551664e-01
-4.80587452203313570e-04
3.52231566126085083e-01
-4.60766976895347479e-04
3.50216066500509349e-01
-4.76222344563226037e-04
3.58349873390611695e-01
-5.95548565835282598e-04
3.56244725837576159e-01
-6.03315978715828318e-04
3.50205940609397359e-01
-5.68795020489934488e-04
3.60966830693744301e-01
-6.59861366716399194e-04
3.56635891845034525e-01
-6.56036655447039992e-04
3.53224583843426088e-01
-6.32540631858889116e-04
3.57689283031256244e-01
-3.34044006751292859e-04
3.57196692274952488e-01
-3.60182808342035630e-04
3.49746100880308053e-01
-3.16289786671947995e-04
3.57354377265891254e-01
-5.62186888563588377e-04
3.51944737963737875e-01
-5.48291752031808367e-04
3.55215278574769477e-01
-5.41409632947274745e-04
3.62919158564497413e-01
4.19150890316232437e-04
3.58292966520578404e-01
3.76272479348513063e-04
3.54435271339749836e-01
4.23336147192765098e-04
3.57748061889013202e-01
-2.71532610296238949e-04
3.57717384944963690e-01
-3.03314662120191577e-04
3.49895336314089367e-01
-2.56992817165241935e-04
3.57623690373071013e-01
-2.03579785240344654e-04
3.57684290392818072e-01
-2.37976833830478473e-04
3.49935498058464745e-01
-1.92133028317397809e-04
3.57852343174715426e-01
-5.79485159919196943e-04
3.59619366968913501e-01
-1.36433094036183286e-04
3.51418159077027281e-01
-1.26377106204058243e-04
3.58620085603421956e-01
-1.70474341790782547e-04
3.65291171937790149e-01
2.19120583734605875e-04
3.62112612548784185e-01
1.72646938222981741e-04
3.55440935120155455e-01
2.35025040778680895e-04
3.62486062182848290e-01
-6.47814259705186123e-05
3.61051072395257411e-01
-1.01055302787517282e-04
3.53773896057193116e-01
-5.83555335449789290e-05
3.65158431494957469e-01
6.90826330573668986e-04
3.61018081567637650e-01
6.73344408544162567e-04
3.56292497707599021e-01
6.65677814371619121e-04
3.63346309666796208e-01
1.91843788100371895e-05
3.54771752294607556e-01
1.35233814270116633e-05
3.61139552850673951e-01
7.37302039771729891e-05
3.67884692885978470e-01
6.38344460112841164e-04
3.61218278689744099e-01
6.04858014350298295e-04
3.61574341686836220e-01
6.30429537582688059e-04
3.64716300379051839e-01
-5.33571214841175060e-04
3.58898149594081006e-01
-5.27072875310997144e-04
3.60147025179717750e-01
-5.07217307471666636e-04
3.62913816520222254e-01
-2.29502956033678526e-05
3.68680056874769901e-01
5.78633839966581046e-04
3.61622072203276079e-01
5.75282272232658493e-04
3.62811968776841243e-01
5.41476510932414911e-04
3.66306595997637152e-01
-4.67561051667185902e-04
3.60945422523506532e-01
-4.74923999855442398e-04
3.58679807066275502e-01
-4.43272584164436205e-04
3.69516428596681323e-01
6.82438804407972796e-04
3.62384957999577317e-01
6.52589007592257520e-04
3.63198321262086510e-01
6.68970687424995576e-04
3.69116874282451546e-01
-6.60222532856416023e-04
3.65045797892071311e-01
-6.61245000286892989e-04
3.61624837549565870e-01
-6.35178418078612985e-04
3.70634529535688595e-01
7.13957208794107527e-04
3.67898654145178527e-01
7.03092694798932035e-04
3.59980412488576873e-01
6.83376933466816943e-04
3.72638877559377524e-01
3.17032962132562989e-04
3.68961272840249876e-01
2.68139469763927440e-04
3.63159540291392302e-01
3.26362244286156858e-04
3.72681933683232269e-01
5.02716064947215198e-04
3.67797056238422015e-01
4.61413111382190074e-04
3.64819405758887716e-01
5.04084659352648672e-04
3.74754963252874163e-01
7.28569022392494634e-04
3.72698553570955826e-01
7.21710531782246900e-04
3.62546399871762737e-01
6.93846570677283773e-04
3.70904783176549457e-01
-5.86359918854936313e-04
3.64130705735866200e-01
-5.74634105469032136e-04
3.67809040548929544e-01
-5.60466556526582655e-04
3.75529241299140615e-01
7.31144365182469637e-04
3.75147880488968077e-01
7.30043227791966377e-04
3.62936276116572032e-01
6.95612713174521141e-04
3.75182288094216942e-01
-4.30847110266238133e-04
3.70745817160522628e-01
-4.50404063488812683e-04
3.65944547687597876e-01
-4.07994648698031771e-04
3.74371660290640451e-01
-7.24162330778572701e-04
3.73191688329105264e-01
-7.13372858891745255e-04
3.63733651863112351e-01
-6.94074222821987677e-04
3.73784933306273159e-01
-7.19423853063367084e-04
3.62740331644736513e-01
-6.82413262134811999e-04
3.76079996123809990e-01
-7.32133298735747231e-04
3.75529124445939222e-01
-7.31192481994649896e-04
3.63889877546923757e-01
-6.97789506177401084e-04
3.62936279556878183e-01
-6.95557694970011194e-04
3.75810397144165309e-01
-7.31854226841330106e-04
3.75230519705725851e-01
-7.28681238583230224e-04
3.76437053730365068e-01
-6.43124160218784980e-04
3.67393105125644936e-01
-6.19779895037185632e-04
3.72781061183716234e-01
-6.53306960697146058e-04
3.71713630325836097e-01
-2.94247945909564574e-04
3.72115902246200558e-01
-2.26518137818896122e-04
3.64731829513976091e-01
-2.82856796073118887e-04
3.71913209486214036e-01
-2.60860577990290415e-04
3.64870916928026923e-01
-2.14939136400672397e-04
3.72425108092014567e-01
-3.58559647939651308e-04
3.65058291499198884e-01
-3.46337075278384168e-04
3.72067843798576325e-01
-3.26842542175131761e-04
3.77037007270238089e-01
-7.10961208971864957e-04
3.68999446881887128e-01
-6.86014491054419764e-04
3.75117999176651562e-01
-7.12961239130219661e-04
3.73669495629841308e-01
-6.15821098214451882e-04
3.73801578910589738e-01
-3.95288451139372320e-04
3.76766571495119940e-01
-5.27768312312792997e-04
3.70743781016343921e-01
-5.31567630591592332e-04
3.71534607077636359e-01
-4.97828996800782396e-04
3.75366675013462936e-01
-1.62258675855746860e-04
3.73740092134712598e-01
-1.94938048730344083e-04
3.67494394717388706e-01
-1.49096790970754182e-04
3.80670876772561728e-01
7.27939945559258100e-04
3.75092344536161248e-01
7.06190457117650792e-04
3.72915850064385268e-01
7.10176522026441251e-04
3.80217401902325558e-01
4.09150752086600243e-04
3.76424416342922008e-01
3.63453872270143611e-04
3.71571675233655363e-01
4.15372491883737307e-04
3.80867060813135483e-01
6.47539019343155802e-04
3.74770107179401901e-01
6.13969447112640873e-04
3.74379008689748327e-01
6.43964236720790122e-04
3.81816103904123572e-01
7.01540789880166979e-04
3.74846897046621164e-01
6.71100941747905999e-04
3.75668814724897049e-01
6.92761990516665288e-04
3.79317233152303479e-01
-9.50717916444306576e-05
3.77340632550768273e-01
-1.29178472604971029e-04
3.70903341780703055e-01
-7.94661078246485436e-05
3.83075652388506327e-01
5.80429983023762253e-04
3.75881079126200945e-01
5.80647747675347523e-04
3.77875167663447198e-01
5.42328090855357541e-04
3.79907149287436852e-01
6.12898024200289707e-06
3.81209324556101625e-01
1.03637168690233220e-04
3.71628747293735573e-01
1.29139905206896194e-05
3.80554795829181447e-01
5.48965631814087729e-05
3.70078548193972290e-01
1.16062928189429140e-04
3.79608579874982754e-01
-4.46733498398873286e-05
3.83553263115533782e-01
-7.07088175005415897e-04
3.80299386242290427e-01
-7.10151022028400057e-04
3.76332991199856914e-01
-6.84188076760703983e-04
3.85381676778677351e-01
2.02062684310966349e-04
3.83291909682592080e-01
1.52852290566067849e-04
3.75340008942280201e-01
2.11576053386395072e-04
3.85331072285631127e-01
-5.91615635717524283e-04
3.78120841262871543e-01
-5.89955125117785895e-04
3.81046271783450463e-01
-5.60289509672803041e-04
3.88426419601719697e-01
7.57998536000025467e-04
3.84550009998078368e-01
7.43988520094847404e-04
3.79530556265006758e-01
7.37006449073385151e-04
3.88650167476512709e-01
4.95140733299986738e-04
3.84430013050163499e-01
4.52745260705152402e-04
3.80669523448904923e-01
5.00142872176928630e-04
3.88463558430023170e-01
-5.06579921198964823e-04
3.82617658409492634e-01
-5.18328477986591254e-04
3.81819925700432439e-01
-4.68896335313753276e-04
3.80813598466731407e-01
-3.02694898719329912e-04
3.85098074939996315e-01
-2.60592191131553809e-04
3.76264202140211113e-01
-2.98525719738136229e-04
3.82955595838724627e-01
-2.82087887692027508e-04
3.78607530401973535e-01
-2.43358446735441469e-04
3.86332561867072655e-01
-3.50245348742759827e-04
3.79380744008672888e-01
-3.54964543010986909e-04
3.83572035595606153e-01
-3.26438166638494853e-04
3.91621268886287233e-01
3.02677157572397407e-04
3.88497400038423868e-01
2.52525767258431457e-04
3.82133731445300773e-01
3.10918172994741884e-04
3.92981560007105823e-01
-7.05397008222483426e-04
3.88271286874567689e-01
-7.07326153294463153e-04
3.84705366988093322e-01
-6.75308743046011770e-04
3.92598166166030438e-01
7.06764060606842486e-04
3.86729289372709284e-01
6.78341038814262950e-04
3.87210404990070978e-01
7.05126233212264751e-04
3.90770368873947449e-01
-2.00218756746898760e-04
3.87933549538671762e-01
-2.31117437512453000e-04
3.83069549843066792e-01
-1.80894786845902582e-04
3.94242949635186357e-01
-6.51351044700450039e-04
3.85345302422578251e-01
-6.48987535949870813e-04
3.89784219401180076e-01
-6.22311982428167530e-04
3.94379479220576201e-01
6.50252077300014514e-04
3.88723775130829785e-01
6.16366813601812468e-04
3.87626681062513967e-01
6.50009163240490681e-04
3.97406875782678304e-01
7.58497449051869378e-04
3.89607223361506938e-01
7.31794011079296897e-04
3.89041395277198720e-01
7.44503700472000048e-04
3.93443130630457549e-01
-4.13553894203522198e-04
3.84316842356437316e-01
-4.23655511518560794e-04
3.89885870043843896e-01
-3.81993292276303379e-04
3.89457792555182647e-01
-7.45026019353362315e-04
3.93296906798699608e-01
-7.63632349149313068e-04
3.83245982287948983e-01
-7.28455922189883733e-04
3.83241726571716235e-01
-7.39810145581677498e-04
3.91378300853534089e-01
-7.54815283366369908e-04
4.00461718382222664e-01
7.88973182324128990e-04
3.94445671460134262e-01
7.74806136187949435e-04
3.87603712444793691e-01
7.61293331707386294e-04
3.97396040052485355e-01
-7.79601391327613860e-04
3.85880147631548043e-01
-7.53831667314327114e-04
3.95348731518621710e-01
-7.72251659515193600e-04
3.97758146424801173e-01
5.75552285445878964e-04
3.90420371327954485e-01
5.79139909244495124e-04
3.93200156848197924e-01
5.36268128010887273e-04
3.95011699816753548e-01
-1.26812077341000999e-04
3.92889452876547196e-01
-1.64128955779580302e-04
3.87166004405983366e-01
-1.10574439243015538e-04
3.98558026693212775e-01
3.96805188707171708e-04
3.95085622679528292e-01
3.50156792062244311e-04
3.89391675375498125e-01
4.04170792693363560e-04
3.98097416475078847e-01
-7.54176279503417004e-04
3.93779881002875254e-01
-7.50131059648758715e-04
3.90822099170636872e-01
-7.31724347933669292e-04
4.01376140083274768e-01
-7.90992713912257563e-04
3.88722637608925226e-01
-7.64061630818351129e-04
3.99390267223689810e-01
-7.85818235595278722e-04
4.00755117446711495e-01
7.90502425230944208e-04
4.00618239508303386e-01
7.90077159888466322e-04
3.88134807925276770e-01
7.63349918742288599e-04
3.98748837757580687e-01
-5.78730946152448012e-04
3.92043488647470406e-01
-5.86426879189721269e-04
3.93602748629431343e-01
-5.43327175615848494e-04
3.96370929254250992e-01
-3.12496058806159863e-04
3.91352813689196999e-01
-3.32182939071988721e-04
3.90733836756615993e-01
-2.86325643359465942e-04
4.00755123058360807e-01
-7.90372985593995213e-04
3.88134917568604132e-01
-7.63373132789583824e-04
4.01073843755384463e-01
-7.90921242930834613e-04
3.97434725946068657e-01
-2.44646462812191859e-05
3.96219553795207458e-01
-7.61194791358696594e-05
3.88673256451551818e-01
-8.60377616292492888e-06
4.01466225584047987e-01
-4.83106987438739898e-04
3.94967778995265584e-01
-4.95986108621031675e-04
3.97452039234529653e-01
-4.48673873868262873e-04
4.00260003504935957e-01
7.94904065949599437e-05
3.98843442989160579e-01
2.73032742110438040e-05
3.90737889812746486e-01
9.22422545333478514e-05
4.05301481548437759e-01
-7.03081780662338091e-04
3.99145735929625933e-01
-7.05498452003426482e-04
3.99769193684545721e-01
-6.78177874874055656e-04
4.04683047981470423e-01
7.87929518918773983e-04
4.01046201632664190e-01
7.74680629267242402e-04
3.96555910042837190e-01
7.74312993891440051e-04
4.06325930831323290e-01
7.08596256782177366e-04
4.00348872658556509e-01
6.80695731985586660e-04
3.99466450809256246e-01
7.09030228433300195e-04
4.05164844557568460e-01
4.84068195059131432e-04
4.01857467167903493e-01
4.41186466211292974e-04
3.96911273351537974e-01
4.90765875385210820e-04
4.05025143631401130e-01
1.85170424032502650e-04
4.02638333442002061e-01
1.32266614176641535e-04
3.95207290397971700e-01
1.94412292439682450e-04
4.05668034773621844e-01
7.51590933628266500e-04
3.99129823775927428e-01
7.30353574708852548e-04
4.01543331750484234e-01
7.56422727423894424e-04
4.04339681843749188e-01
-2.53407730430693558e-04
4.00355335062825390e-01
-2.83876392400363143e-04
3.97554892478622357e-01
-2.26473472829726664e-04
4.08269717848402602e-01
-7.57498532975749150e-04
4.03187137464996181e-01
-7.56763023657325263e-04
4.00621175763710757e-01
-7.33098965736621376e-04
4.08214692720396288e-01
6.47650664412252695e-04
4.02982106235583837e-01
6.12852663036159498e-04
4.01300556783042384e-01
6.50048626934233878e-04
4.05605860719725764e-01
-3.70589364123118808e-04
3.99526609104964792e-01
-3.93292070861696558e-04
4.00986970621285910e-01
-3.41507195642248341e-04
4.08418616695545911e-01
-7.87000371647034484e-04
4.00859731008641307e-01
-7.76553779751291127e-04
4.03256359396104103e-01
-7.71750156157344734e-04
4.08827784440801756e-01
-6.41128793650385894e-04
4.01540058985092874e-01
-6.47709439763021790e-04
4.03784949050124298e-01
-6.10836215663141985e-04
4.10949007473075389e-01
2.88262344966979582e-04
4.07982630535918045e-01
2.36913732831892717e-04
4.01289313240417833e-01
2.96388928818199025e-04
4.11185134195577173e-01
8.04252640507111417e-04
4.07934646233932496e-01
7.96811030826826794e-04
4.05828624278614269e-01
7.97561751878165322e-04
4.12265930028842098e-01
-5.57912436707391638e-04
4.05511030439955900e-01
-5.69550461986216257e-04
4.06862218295758860e-01
-5.21239924648568597e-04
4.12133434102800178e-01
5.65023852174795574e-04
4.08645048658791865e-01
5.25630388958375295e-04
4.04949217272632944e-01
5.71344288588063166e-04
4.11904730597615343e-01
-1.76823719087949665e-04
4.08121228908684686e-01
-2.16135244472496693e-04
4.03459502710678597e-01
-1.51291900576496201e-04
4.17291662543850750e-01
-8.09147068717210169e-04
4.07344579792049299e-01
-7.96662379984983430e-04
4.12855001086937567e-01
-7.99245531750548835e-04
4.15091695541596806e-01
-4.52953988634292295e-04
4.08282136425744235e-01
-4.69190054143159654e-04
4.10345082242424442e-01
-4.12194653325771471e-04
4.13890138636069771e-01
-5.69958672026684525e-05
4.12892200042666357e-01
-1.17615083568498589e-04
4.05664686350611869e-01
-4.02766582699881997e-05
4.18306010688712093e-01
3.85425451700942875e-04
4.14622914684424249e-01
3.37306127718338888e-04
4.08436849913969058e-01
3.92232993590727226e-04
4.18781335388335230e-01
7.51850728696577234e-04
4.12550018328074364e-01
7.31643698013176042e-04
4.12229060319226459e-01
7.52998314874813346e-04
4.16069531946679061e-01
-3.24998268657292384e-04
4.10839076814526027e-01
-3.48724584620280860e-04
4.10202735677496821e-01
-2.89068356535518466e-04
4.19995800678994724e-01
-7.54278997993759401e-04
4.14137085761206170e-01
-7.57065343448792534e-04
4.12643525906839503e-01
-7.30689404528818507e-04
4.20716688515073933e-01
-6.99344099569532162e-04
4.13013841938655535e-01
-7.02683404482725262e-04
4.14767873330756376e-01
-6.71722320778588944e-04
4.20618278406205581e-01
7.05054939550847377e-04
4.14412015456656069e-01
6.77883568015864163e-04
4.13476271232265991e-01
7.08097367177608935e-04
4.18474557235861910e-01
5.16284686376923335e-05
4.16178036053608591e-01
-3.15422110445631371e-06
4.09370601902123488e-01
6.61666016694448467e-05
4.21078911307707748e-01
-7.93189726362577641e-04
4.14753008217370212e-01
-7.91361606401348814e-04
4.14670607295343163e-01
-7.77205738231686173e-04
4.17352643679132829e-01
7.79188521110093656e-04
4.18494796980370787e-01
7.94637865502814547e-04
4.17925035250244881e-01
7.87371551617276955e-04
4.07947534861941796e-01
7.78918633456275361e-04
4.11507978281486164e-01
7.66322098774969702e-04
4.27686235191094721e-01
-8.23043961137432311e-04
4.14526187162249038e-01
-8.11677351491908619e-04
4.22490899086522820e-01
-8.17654098465803885e-04
4.21705551260742106e-01
6.36295121527803600e-04
4.16914933430420243e-01
6.02026013161672353e-04
4.14963756749911761e-01
6.43042364923008831e-04
4.22771598690036443e-01
8.10235267082416049e-04
4.20634422974546895e-01
8.03272623057750958e-04
4.13726121621605325e-01
8.01207178962633519e-04
4.23260018080577949e-01
-6.24280900797053438e-04
4.16048369149967123e-01
-6.34015547292947432e-04
4.17758793916295557e-01
-5.92229365187927530e-04
4.22819181283647094e-01
4.76468197933117832e-04
4.20558269795722972e-01
4.31960325294806504e-04
4.13996130937659412e-01
4.81284823159201130e-04
4.25813754635063990e-01
8.22663763944963124e-04
4.26042631788417003e-01
8.23215058538335717e-04
4.13129357076999937e-01
8.10044079440999567e-04
4.25935471575495050e-01
8.23097893848562506e-04
4.13390500856009313e-01
8.10979412440242090e-04
4.23972953397440400e-01
1.61695712230803417e-04
4.21218981623072586e-01
1.06507230199870967e-04
4.14503206790219680e-01
1.74178944385528178e-04
4.26042833370701368e-01
-8.23270040890066368e-04
4.13390313676981258e-01
-8.11086213549775336e-04
4.26878559437672112e-01
-8.23568861598223323e-04
4.25517645865906569e-01
-5.26458324309465181e-04
4.18895497833157993e-01
-5.43414258110134054e-04
4.20300847560090340e-01
-4.90426679044503214e-04
4.26595831818625093e-01
8.20277448736375973e-04
4.18888055181870333e-01
8.13980003702784996e-04
4.26211825800587918e-01
8.21828940948453194e-04
4.25760382553501349e-01
-2.72099190923074481e-04
4.20915865558774527e-01
-2.99408352035870917e-04
4.18829514314443763e-01
-2.24092670834052596e-04
4.24687074998626457e-01
8.16072483580811830e-04
4.27179443771668221e-01
-4.07369851345192242e-04
4.21138121537752208e-01
-4.31318134801986718e-04
4.21620885033272885e-01
-3.66476357028780312e-04
4.26322153542326499e-01
5.56589644461942166e-04
4.19230839322583371e-01
5.61639733401628335e-04
4.24566953147382575e-01
5.17821902910576941e-04
4.29901659647752843e-01
7.82924889008948868e-04
4.23628960695048185e-01
7.82108360906725187e-04
4.24338121894579312e-01
7.69045370227095285e-04
4.30446809744745751e-01
2.71778315394344131e-04
4.27204510763504963e-01
2.16969630195400681e-04
4.20702752646855971e-01
2.80854168436571526e-04
4.32086266656348306e-01
-8.13104862161975642e-04
4.24693642368016100e-01
-8.13003632422383527e-04
4.26580189466259363e-01
-8.05009135969850915e-04
4.33243472424058529e-01
-7.43099973795405093e-04
4.26624553847110399e-01
-7.50061223197578909e-04
4.26975357587044690e-01
-7.23213534948246185e-04
4.33898210692264752e-01
7.48659677381260718e-04
4.27253186699547094e-01
7.29024096047609419e-04
4.26343638805102232e-01
7.51724322006039943e-04
4.33330986882720426e-01
-7.86917139844007835e-04
4.27210111701258055e-01
-7.91423116376630095e-04
4.26658642383748399e-01
-7.72931606343075172e-04
4.34205839877410182e-01
6.90725750736386466e-04
4.27950803684192527e-01
6.65280248968746417e-04
4.27416363013027989e-01
6.99099339110022082e-04
4.26586792901229750e-01
-1.56832455715389665e-04
4.30245875823077717e-01
-7.91671894769203964e-05
4.19248415587530343e-01
-1.67301000819422590e-04
4.28414203162301221e-01
-1.18449126740049395e-04
4.22070791917934285e-01
-6.78595188541298016e-05
4.34696132753185083e-01
-6.79737941052000025e-04
4.27711532388647453e-01
-6.90917048082863305e-04
4.28973444124799541e-01
-6.53641093033651799e-04
4.33758875585650960e-01
6.13283983536909850e-04
4.30037283476123577e-01
5.85917127714226599e-04
4.27735732156612258e-01
6.25755197645896368e-04
4.36654604608616326e-01
-5.92784080149954878e-04
4.29961883385735710e-01
-6.09813909583462868e-04
4.31081686452915391e-01
-5.60831115458403822e-04
4.36497615333770239e-01
8.02806487717070381e-04
4.33198916993146721e-01
7.94210313473783336e-04
4.27495874987261271e-01
8.01122905078672739e-04
4.37188169671722415e-01
3.73958865822763284e-04
4.33812127458130581e-01
3.23533578934292630e-04
4.27752077830263144e-01
3.80569378281689591e-04
4.35984950124388537e-01
1.84578111712873564e-05
4.33112025973824533e-01
-3.08854973977244418e-05
4.27233142049586678e-01
3.55787540939105697e-05
4.36687924396382710e-01
-2.17497429452028878e-04
4.31225394346602009e-01
-2.45611998897212033e-04
4.31636349524895546e-01
-1.86960903845276495e-04
4.38301045481123586e-01
-4.82067577489613940e-04
4.31912974385389059e-01
-5.05512456155830184e-04
4.32736322636935844e-01
-4.45419955428114295e-04
4.38375956820820922e-01
-3.48279684876415078e-04
4.32779556625418116e-01
-3.78993633157928046e-04
4.32065619397553391e-01
-3.10267941238117316e-04
4.41240599486227680e-01
8.13864416372041743e-04
4.38870633749516958e-01
8.09447648995648269e-04
4.32003840956388385e-01
8.15061656142791312e-04
4.43750676869765104e-01
-8.16604444515510734e-04
4.35731532580739156e-01
-8.22710950158032591e-04
4.37915488755331650e-01
-8.16699190764596118e-04
4.42476821959875199e-01
4.86928435498572233e-04
4.32651853555774790e-01
4.82509126028086782e-04
4.39825126940548650e-01
4.32207082363799202e-04
4.41973614588939467e-01
1.31845359101835543e-04
4.38974007171340941e-01
7.49224224527430876e-05
4.32977551620424006e-01
1.47449754455051673e-04
4.44981190931700632e-01
7.75188057161495486e-04
4.39435367794639486e-01
7.64224039813420552e-04
4.37444264532922789e-01
7.80755924543569796e-04
4.45823420166715612e-01
-7.99841905401887498e-04
4.38962080041006286e-01
-8.08379601448180342e-04
4.39572951776207477e-01
-7.95848819338006229e-04
4.46353039624101278e-01
-7.69385953180242994e-04
4.39847757582627619e-01
-7.79625001709519940e-04
4.39792948829727859e-01
-7.58932115081800457e-04
4.45975330014450611e-01
8.17030616102657338e-04
4.43611027343018383e-01
8.16331310374497046e-04
4.36282266665177609e-01
8.22261502063555139e-04
4.41132152266479449e-01
5.63469152874630417e-04
4.33729000016182253e-01
5.60778514709126181e-04
4.41802064205259470e-01
5.26715534014851193e-04
4.46975216136687559e-01
-7.20386662852428054e-04
4.40115012973501529e-01
-7.33128812564821518e-04
4.40830380447203463e-01
-7.02380829587940614e-04
4.47314049467672614e-01
7.30429214197492746e-04
4.40754097057655780e-01
7.13203211066238741e-04
4.40610811636209354e-01
7.40736042549023526e-04
4.46081348415869605e-01
6.57568522062010894e-04
4.39916169175274929e-01
6.36949537629052649e-04
4.40148486863286947e-01
6.75352903096338429e-04
4.37447330528064449e-01
5.89522808154281002e-04
4.49487695975800794e-01
8.15572601013585122e-04
4.47736861312898249e-01
8.16828681465229752e-04
4.37644255824793937e-01
8.24730571823382021e-04
4.45716965363430029e-01
-1.31185288785654730e-04
4.41201189422383344e-01
-1.75348747531466824e-04
4.37982839156938197e-01
-1.04746486889249461e-04
4.48257263243099724e-01
-6.48106529114379337e-04
4.41482140392575051e-01
-6.65197468111187150e-04
4.42450762441410295e-01
-6.22300767672945288e-04
4.51402011722169316e-01
8.13301658511479610e-04
4.50452555659734077e-01
8.14596337434804929e-04
4.38712844053084805e-01
8.24800979154666951e-04
4.48974828425840466e-01
2.45751568821382465e-04
4.45468115150501887e-01
1.89038821961030586e-04
4.39716061160561555e-01
2.59561384883817367e-04
4.49666553202000663e-01
-5.50219821029808605e-04
4.43165178776405877e-01
-5.72724848491685807e-04
4.43979011863824713e-01
-5.17431842861196039e-04
4.49468382797035826e-01
-2.81653106440763845e-04
4.43923599846500039e-01
-3.16074848301011368e-04
4.43077060868639072e-01
-2.49519774939844521e-04
4.54610937699069129e-01
-8.07756541922422487e-04
4.51402218697871893e-01
-8.13094521731406333e-04
4.41137628980473206e-01
-8.22849967072051300e-04
4.38712970405538139e-01
-8.24791812727596226e-04
4.53017950891817012e-01
-8.10680793894951227e-04
4.50356756559136817e-01
-4.26476625210155146e-04
4.44332046957943594e-01
-4.55481434794500518e-04
4.44362325479384923e-01
-3.88023571877593601e-04
4.51901672216294459e-01
7.89656752668898795e-04
4.48439946281309509e-01
7.84341526926797365e-04
4.44201196442051305e-01
7.98449288608391646e-04
4.52243255536852518e-01
-2.56518638295007269e-05
4.48976168282342880e-01
-7.91685548744773369e-05
4.44117001776243303e-01
-3.07625997006944309e-06
4.58810409041697731e-01
-7.90305737154840468e-04
4.51288181821628887e-01
-8.06102509654553425e-04
4.52312659598957334e-01
-7.97885466421683525e-04
4.56500781035047154e-01
3.72392624634966291e-04
4.52728554948631956e-01
3.10349948468737760e-04
4.46849925772983603e-01
3.73746296266549863e-04
4.56822432959804958e-01
-8.01399552634064326e-04
4.55723863476236724e-01
-8.04430930793706509e-04
4.50282951376386575e-01
-8.11244847436412954e-04
4.55597427852498571e-01
5.95809782567742908e-04
4.48362702135899405e-01
5.80858074285946061e-04
4.50843672456004874e-01
6.28418055663361669e-04
4.59590236642478445e-01
-7.72180456779153154e-04
4.52713524838926351e-01
-7.87838097695426091e-04
4.52966131693961105e-01
-7.74070845263540117e-04
4.57970150093868933e-01
7.92393811232236511e-04
4.54936836976785441e-01
7.92652018232067033e-04
4.49605089978937722e-01
8.06209750385545373e-04
4.59771713685983241e-01
-7.40187361813336026e-04
4.53068561460873653e-01
-7.56200750200082235e-04
4.53367533961417823e-01
-7.33427487494074659e-04
4.59197845209731392e-01
6.92479816188360355e-04
4.52633800845841705e-01
6.77706052304048170e-04
4.53262349156098643e-01
7.12681833660122762e-04
4.62836132240521947e-01
7.45866782015880631e-04
4.53913902769473687e-01
7.63068692637946448e-04
4.55066708161197653e-01
7.42756618941980908e-04
4.60304427300996133e-01
-6.86401839662292390e-04
4.53645917161179524e-01
-7.04592093733689842e-04
4.54274960473753042e-01
-6.69893189124834898e-04
4.59204011855794514e-01
8.81138979215130780e-05
4.55718270431578643e-01
3.08371626834028848e-05
4.50593027876579399e-01
1.10690889577343306e-04
4.59107573363210064e-01
-1.96624191922031415e-04
4.54287547761162369e-01
-2.40277226151089531e-04
4.52411864444321743e-01
-1.63681490493970981e-04
4.61314800048704288e-01
-6.05733132693347096e-04
4.54791622727384770e-01
-6.28058061594679359e-04
4.55485090940453474e-01
-5.79974628877718158e-04
4.63674485181577278e-01
5.06933930970885553e-04
4.53078469819817031e-01
4.98132025843910325e-04
4.60073850357733793e-01
4.43287739241593937e-04
4.62215997177510107e-01
-4.96602180935774894e-04
4.55945707511571818e-01
-5.24593790162143896e-04
4.56281416496726266e-01
-4.62816915738659227e-04
4.61735609740065611e-01
-3.57021066772948291e-04
4.56048498246875988e-01
-3.93007775395648365e-04
4.55598767968597107e-01
-3.19760136316274283e-04
4.59637357741222330e-01
5.53857771608326542e-04
4.65784219742254035e-01
7.78521713506303203e-04
4.61878429112497213e-01
7.87058934660023950e-04
4.55877106938577858e-01
8.02829217195409682e-04
4.66466662108005081e-01
2.10729360603000471e-04
4.62827785227437727e-01
1.49676282745401780e-04
4.57726167080360846e-01
2.28959501254645878e-04
4.66582555669488530e-01
7.59716343415637306e-04
4.64710360180993209e-01
7.54961980543915117e-04
4.59243430662414409e-01
7.77031797929584353e-04
4.71765341801866134e-01
-7.57776221706290415e-04
4.64297720698367056e-01
-7.82447177642405694e-04
4.65283693277617982e-01
-7.77112937029656391e-04
4.73165609984484758e-01
7.54844702934996518e-04
4.69477894807692697e-01
7.67565610666127258e-04
4.61320688868686546e-01
7.93024838470377143e-04
4.67506572347651361e-01
-9.19103095773340294e-05
4.63303960291006289e-01
-1.45337327561275949e-04
4.59876165838579598e-01
-5.82570745517061998e-05
4.69248388962803686e-01
6.38949495822010061e-04
4.62416175780671179e-01
6.20346524140103091e-04
4.64229270580982234e-01
6.67057951996166991e-04
4.72881155118127894e-01
-7.46759253249934638e-04
4.65852587918583194e-01
-7.70822436252678839e-04
4.66230217615393905e-01
-7.63199168461520662e-04
4.72976144982915236e-01
-7.31507804641896354e-04
4.66290034877892279e-01
-7.53377323760858137e-04
4.66367604204684150e-01
-7.39808397595104520e-04
4.73069535448478184e-01
-7.00202895460896218e-04
4.66427403089600567e-01
-7.21338707377897547e-04
4.66680187828124426e-01
-6.97004798982307056e-04
4.73293978063764664e-01
7.01555114066209793e-04
4.66238998355818446e-01
7.00945316153568621e-04
4.68073723048073875e-01
7.24742694249647904e-04
4.76841432487467409e-01
7.39664637737701743e-04
4.75011604629601181e-01
7.47546811621016246e-04
4.64111382619881552e-01
7.86118421416919411e-04
4.73656290919457601e-01
-6.43786731852127544e-04
4.66986899296668589e-01
-6.66074929908187026e-04
4.67478562011065302e-01
-6.27896128576831982e-04
4.72838224504251670e-01
7.49634868570544697e-04
4.69710675495297436e-01
7.56526137561229755e-04
4.65405007631493395e-01
7.73963679120828383e-04
4.72319093769692555e-01
-2.72325137832776136e-04
4.67028137035516822e-01
-3.16007992659038612e-04
4.65711095071138337e-01
-2.34623358130081952e-04
4.74180156220005811e-01
-5.55276780974635602e-04
4.67753185251732928e-01
-5.81513325168480006e-04
4.68191798507488988e-01
-5.28115447148823402e-04
4.73843979424243167e-01
3.34888354589631240e-04
4.70145394508189651e-01
2.74161154286925717e-04
4.65178514467427695e-01
3.54454490510437042e-04
4.74029096528368332e-01
-4.29903748261768553e-04
4.68126298131711693e-01
-4.64498507318191779e-04
4.67877543767891091e-01
-3.94587513297762322e-04
4.82555198938230290e-01
-7.11190355370462982e-04
4.76841832629282703e-01
-7.39770569114614322e-04
4.68578115743284396e-01
-7.71270758767112733e-04
4.64111167754814258e-01
-7.86177297015669429e-04
4.79718044474232219e-01
-7.26051017518192427e-04
4.77160091733730474e-01
-7.36462470010375899e-04
4.75282355129966527e-01
2.52965899783001885e-05
4.71388895260400620e-01
-3.39890460929207427e-05
4.67246321548383914e-01
5.74420381471418004e-05
4.80329498053909343e-01
5.78315805055073964e-04
4.71989701811234341e-01
5.47279130779986358e-04
4.74795260383192919e-01
6.09845567059250386e-04
4.82055922836888751e-01
7.12756615946795349e-04
4.73920746836277940e-01
7.49601074142409031e-04
4.77446317341639059e-01
7.33372330564263718e-04
4.82910335162716808e-01
4.46501822324762618e-04
4.78365130111778281e-01
3.93485257547679585e-04
4.73302318052363336e-01
4.78141547929270547e-04
4.86847237887799766e-01
-6.86418681212455205e-04
4.79313824981976888e-01
-7.25292985836405450e-04
4.79858305907202132e-01
-7.21095085526263094e-04
4.83270414260742076e-01
6.54621433281942205e-04
4.76251030818538312e-01
6.51265103161209440e-04
4.78289374220652319e-01
6.78763158750459697e-04
4.81824691273680827e-01
-1.70542417305952660e-04
4.77070088621471766e-01
-2.22782126140809612e-04
4.74664749404560882e-01
-1.31009122514066673e-04
4.86409408665184062e-01
-6.87817257962981777e-04
4.79652849161863848e-01
-7.19132600406770781e-04
4.79686391310693627e-01
-7.14314054596664610e-04
4.83064265849296126e-01
1.50486884601747941e-04
4.79165218674952098e-01
8.79032563227283032e-05
4.74770485768371109e-01
1.81494181005945185e-04
4.82475079336090185e-01
7.00391188543994731e-04
4.81468160232546349e-01
7.10028468162415870e-04
4.72649960962149063e-01
7.28887636241135626e-04
4.81974734304373154e-01
7.05467466933198148e-04
4.74024745991904417e-01
7.37876971301037045e-04
4.86268074764449498e-01
-6.79839613476634517e-04
4.79629499252926750e-01
-7.06814081152781922e-04
4.79661530260363511e-01
-6.94769426585172488e-04
4.86332484438647794e-01
-6.52317069515893715e-04
4.79708332303432849e-01
-6.77058952576777896e-04
4.79986693016430543e-01
-6.52295233967144813e-04
4.86510274190796566e-01
-5.93381854253744378e-04
4.80090231312225169e-01
-6.19341055752470056e-04
4.80337605517588473e-01
-5.77670784097230466e-04
4.85254274298620114e-01
-3.50466436612359834e-04
4.79644274795989534e-01
-3.91541595411167064e-04
4.78782230552004362e-01
-3.12248295039490394e-04
4.86409296482343434e-01
-4.93864564095468687e-04
4.80300247221580323e-01
-5.25605234230158876e-04
4.80212407768060179e-01
-4.64061248186228772e-04
4.86755908548114347e-01
6.86924157344207431e-04
4.84111567314025326e-01
6.99751594705663271e-04
4.79799471818877055e-01
7.21032148409007012e-04
4.90816379367056299e-01
6.61544310819099429e-04
4.82046613943730329e-01
6.87883084395874648e-04
4.86651587825999932e-01
6.81035692039747313e-04
4.98620116060747909e-01
6.06407521731467704e-04
4.90331623967845631e-01
6.65065809907497787e-04
4.85888220089044587e-01
6.92712402364914341e-04
4.91093800761301047e-01
2.75196612128561177e-04
4.87068462406525793e-01
2.13966845713743913e-04
4.82476052239117881e-01
3.06031454441684707e-04
4.90609717781778698e-01
-5.39411955784477147e-05
4.86212358574910242e-01
-1.13346060490364476e-04
4.82947312909231097e-01
-1.36994754926031386e-05
4.94481971690142352e-01
5.21123915555567413e-04
4.88684205530304061e-01
4.87870737729387293e-04
4.87413581862413015e-01
5.50510407043167875e-04
4.93935610695743210e-01
6.04379772567096717e-04
4.87121950219340905e-01
5.96546857456444054e-04
4.88610023458210918e-01
6.30022315154554410e-04
4.95048610192182437e-01
6.34499366353801961e-04
4.90900597182819698e-01
6.62823440145902465e-04
4.88556998548404342e-01
6.76456087282434186e-04
4.99724733290174972e-01
-5.98474475260890636e-04
4.91158029536153118e-01
-6.59795396624753352e-04
4.93280689667698280e-01
-6.46443053320241252e-04
5.00102360565419901e-01
-6.03547367645741501e-04
4.93483722673377700e-01
-6.46953772988640026e-04
4.93249603407390269e-01
-6.50882614656542115e-04
4.95709505440667275e-01
-2.55593407869636371e-04
4.90482244953576618e-01
-3.04558171343086007e-04
4.88763578661338849e-01
-2.13470356024718659e-04
4.99729098982725717e-01
-6.17099903878566038e-04
4.93077254180194324e-01
-6.53683254487344347e-04
4.92991308493482883e-01
-6.54093103934128678e-04
5.02365601470050605e-01
5.76457465912374599e-04
5.00502987382130393e-01
5.91451510233795860e-04
4.89592827752523219e-01
6.71425795424241247e-04
4.99427003785468338e-01
-6.21259242681834463e-04
4.92855590532167043e-01
-6.51143869721648293e-04
4.92871512233163334e-01
-6.42272593634814096e-04
4.98070162403031258e-01
6.25925886078948328e-04
4.90661107148386899e-01
6.46316796225847269e-04
4.94448881842727395e-01
6.43759182332380464e-04
4.98209361362583814e-01
6.23773519923993608e-04
4.89841345454676502e-01
6.70584932146457680e-04
4.90335694118816279e-01
6.67762584715214528e-04
4.99210818543707302e-01
-5.99876332096361425e-04
4.92779716751421792e-01
-6.26475475196483543e-04
4.92851692763286942e-01
-6.01409594321256178e-04
4.97986830217854559e-01
-4.21644105638553234e-04
4.92202746221425680e-01
-4.58956409670634494e-04
4.91613688652723202e-01
-3.87978271471577671e-04
4.98929533765883448e-01
-5.37054838913415431e-04
4.92727141170449801e-01
-5.65853008862785348e-04
4.92660812960613259e-01
-5.18995342486309888e-04
5.00276307536765996e-01
3.82797263066755650e-04
4.95673183073063628e-01
3.31465492569395454e-04
4.91602736596592815e-01
4.15610356494660520e-04
4.98944591442738450e-01
7.30122999034726867e-05
4.94768987777812030e-01
9.09304959218179902e-06
4.91008220823873576e-01
1.12669918594769086e-04
5.07230971353126781e-01
-5.31648598591506565e-04
5.02365310692989064e-01
-5.76638948780959265e-04
4.94880964613637786e-01
-6.34212415871998072e-04
4.89592844673566563e-01
-6.71083734799930698e-04
5.04810842856938780e-01
-5.54562662257701458e-04
5.04513694970735616e-01
5.72109907296538796e-04
5.01360263160889663e-01
5.99642963176207793e-04
4.95636939655677899e-01
6.34690036173184927e-04
5.05466923146757119e-01
5.49257396424524544e-04
5.02054633594169242e-01
5.77610771931921373e-04
5.00254244200692200e-01
5.94915182269345456e-04
5.07554049555161924e-01
5.50169973281690143e-04
5.01005530954473643e-01
5.41425052431707306e-04
5.00753549117322061e-01
5.77531484435263873e-04
5.12065722706235515e-01
5.35474158906856616e-04
5.01428455483627467e-01
6.10219498981655318e-04
5.05144570961024830e-01
5.80772974426940194e-04
5.05360208309180492e-01
-1.43959004007928519e-04
5.00531771105468981e-01
-2.01332242759766231e-04
4.97983449892450747e-01
-9.87346462316728495e-05
5.06601703334525144e-01
5.85133520063965359e-04
5.00259594451768264e-01
6.00268153955993292e-04
5.02342644562198570e-01
6.05417292359070676e-04
5.07537493581791344e-01
2.01062672530231572e-04
5.03229867442721801e-01
1.37730617398828647e-04
4.99322464084688389e-01
2.39175662220082291e-04
5.11294628139535190e-01
5.02099948973998983e-04
5.07903355892016850e-01
5.38728676049081662e-04
5.03173809767247682e-01
5.73745005430841611e-04
5.11082973746559310e-01
4.65611964608137504e-04
5.05664719065818780e-01
4.28952895144079922e-04
5.02792909995241177e-01
4.93833719873383505e-04
5.09094792466546320e-01
-3.37420683707738488e-04
5.03543989973125772e-01
-3.81021083344613000e-04
5.02395512567545444e-01
-2.97970082538864735e-04
5.15092659512429774e-01
-4.63934656192439897e-04
5.07420123450659788e-01
-5.34762660307592391e-04
5.07590782116522199e-01
-5.40191845578647661e-04
5.13663699663197693e-01
-5.03366783573665146e-04
5.06891660490015994e-01
-5.54957064815022618e-04
5.06689262553349340e-01
-5.66727124460115117e-04
5.12862996454778175e-01
-5.40104576824676583e-04
5.06304461189038046e-01
-5.79073469408706827e-04
5.06136592095505322e-01
-5.87398653044925254e-04
5.15259910004498778e-01
-4.50389584382693156e-04
5.11256700015448651e-01
-4.91856866157779331e-04
5.07485900745377028e-01
-5.30507680720076818e-04
5.12422473814899804e-01
-5.60714859886329376e-04
5.05933575118437617e-01
-5.90969616687548683e-04
5.05806768799949902e-01
-5.86788963336272061e-04
5.10869556946379144e-01
-4.74456793886918443e-04
5.04906747002154876e-01
-5.06509380694777824e-04
5.04418636383614061e-01
-4.51560631922792949e-04
5.11805534041147925e-01
-5.46079120877894920e-04
5.05517045422781530e-01
-5.73046071753010992e-04
5.05357122200151054e-01
-5.46882200382009759e-04
5.15527619910839841e-01
5.30161599842339016e-04
5.06790396890018591e-01
5.85693653559857361e-04
5.13802545114794174e-01
5.32227322762714801e-04
5.14515262197923318e-01
-1.81602265786525269e-05
5.09930516833218217e-01
-8.22113892206433755e-05
5.06731654728662440e-01
2.82414164924810635e-05
5.18980752801678324e-01
4.10585484303307188e-04
5.12223404652892178e-01
4.83771913662285884e-04
5.15137491446942319e-01
4.57549069616433406e-04
5.16954297636488147e-01
3.18435141767098328e-04
5.12231696276223447e-01
2.62198349923481954e-04
5.08625278566093852e-01
3.51371378220909189e-04
5.19413860684520556e-01
5.30149574009351277e-04
5.13472535697057975e-01
5.46824667994112940e-04
5.13015709302954259e-01
5.57452014319023345e-04
5.21063103385008386e-01
4.27187125928956378e-04
5.16561152680501845e-01
4.85623713180804040e-04
5.12791227087258772e-01
5.04256135958259535e-04
5.16984010785268344e-01
5.34472340128069943e-04
5.11787394241255300e-01
5.63668489962638845e-04
5.16258254451843701e-01
5.32449948376559411e-04
5.19627986685170740e-01
-2.36503044301496874e-04
5.14361517482563757e-01
-2.88840233010712402e-04
5.12488903315920452e-01
-1.90906185007430076e-04
5.23186041349595787e-01
4.96681585339018368e-04
5.17118667340415339e-01
4.88144611314415139e-04
5.15380050609860252e-01
5.23406656907185355e-04
5.28981923553693001e-01
2.77208996890110750e-04
5.23979959636372783e-01
3.44834720894599033e-04
5.13789992441321064e-01
4.64740203216825202e-04
5.22370203059908000e-01
-4.03854567430462792e-04
5.16626366972138928e-01
-4.40295991250952954e-04
5.15722469449304666e-01
-3.73728534553422831e-04
5.27972039080462530e-01
2.93637645719424674e-04
5.28488648832749708e-01
2.84714679601448778e-04
5.15158857421077698e-01
4.52171081698397035e-04
5.26963148111295632e-01
-3.95104357420546194e-04
5.20321499109579477e-01
-4.49906600857202994e-04
5.19904663986976212e-01
-4.75688130532462596e-04
5.27926375092503952e-01
-3.03760714840868497e-04
5.21604557103504063e-01
-3.79242835686761394e-04
5.21504937569770233e-01
-3.88829785576219839e-04
5.26080118058832480e-01
-4.60405098459920387e-04
5.19480512527277005e-01
-5.00022254276043070e-04
5.19240932896871232e-01
-5.18855187522307176e-04
5.23858429322566543e-01
-4.92686121392960454e-04
5.17841621692807896e-01
-5.19393277795550824e-04
5.17351981579093012e-01
-4.89116800999140765e-04
5.25013390446663397e-01
-5.04323593633533053e-04
5.18727977445912591e-01
-5.31897541731633111e-04
5.18397656885858593e-01
-5.32593029408481009e-04
5.27806065469541785e-01
-3.35081905362686608e-04
5.21457891542997265e-01
-4.00948857257171754e-04
5.20728292890726197e-01
-4.26212761280860594e-04
5.23129649490539084e-01
1.14910993920624659e-04
5.18810673015770329e-01
4.83569763970073636e-05
5.15338923106721580e-01
1.59139494042236573e-04
5.27226981137266737e-01
3.29742069320483708e-04
5.24144923502603555e-01
3.79842100450160532e-04
5.19262626768155822e-01
4.21525247110146812e-04
5.33414467659858116e-01
-2.12273984889966124e-04
5.27971704626771676e-01
-2.93840983818917519e-04
5.20313561343267894e-01
-3.90534742737642926e-04
5.15158821108442022e-01
-4.52187543694729753e-04
5.30704387664202026e-01
-2.53608946334327201e-04
5.27224120446792122e-01
4.12045958035850673e-04
5.22070188124479473e-01
3.70693252865633444e-04
5.19165180521607095e-01
4.38979590099116150e-04
5.29217690335343383e-01
4.63388494780009026e-04
5.24306324431083937e-01
5.03644056615384613e-04
5.23103613313942950e-01
4.99807536922332774e-04
5.29734288188151825e-01
-1.19424470238205864e-04
5.24677008480276208e-01
-1.79878268528257560e-04
5.22122615983269367e-01
-6.84291966131771195e-05
5.36456061389533390e-01
-1.66476053514807667e-04
5.34941071497686327e-01
-1.88822954634168538e-04
5.25850490241511315e-01
-3.21040593525639094e-04
5.33220845489331130e-01
2.26828377744378167e-04
5.26103877410257548e-01
3.23491028645910320e-04
5.30224273423039905e-01
2.78927748869711245e-04
5.35163341996329756e-01
4.62190370162097010e-04
5.29158453104353055e-01
4.88754515325278641e-04
5.27296698466753311e-01
4.96365010350853769e-04
5.32217423724116734e-01
2.52005071887602557e-04
5.27654929572274001e-01
1.85600039219757933e-04
5.24595481011571052e-01
2.86025798605766830e-04
5.32686268774277605e-01
3.94241224520665930e-04
5.34255206706455321e-01
3.28501450888144940e-04
5.24105517206810201e-01
4.67221948690203196e-04
5.33473275389911405e-01
3.61974994063542785e-04
5.23157596713195061e-01
4.41999888979075948e-04
5.33385927793876280e-01
-3.19834439245315482e-04
5.27882391806149931e-01
-3.63701939219953296e-04
5.26497360928356417e-01
-2.80377141175502389e-04
5.30951214580352771e-01
4.31685587612021010e-04
5.35613643296637076e-01
-4.38441945200859935e-04
5.29746191998078375e-01
-4.65905159971249970e-04
5.28978239544102613e-01
-4.26601846544953146e-04
5.38292900417384201e-01
2.29251776157557636e-04
5.36275173525040838e-01
2.79956863170177032e-04
5.29678830697305481e-01
3.34350523520493201e-04
5.37315537998588222e-01
-4.55666929380320882e-04
5.31176139642022482e-01
-4.78986449374137603e-04
5.30572076019957817e-01
-4.82712606850555100e-04
5.38824967482991468e-01
-3.89576017720887676e-04
5.32462860231000534e-01
-4.23805378270983735e-04
5.31906044894234098e-01
-4.57070976036896284e-04
5.40280828521972900e-01
-2.82141774320504113e-04
5.33630159469072551e-01
-3.38515644110310939e-04
5.33170314816317825e-01
-3.81292244165774114e-04
5.41824960764570429e-01
-1.71954898200416131e-04
5.34821977100848223e-01
-2.55390974331801471e-04
5.34385992361339213e-01
-2.92925566167592604e-04
5.41994605518529293e-01
-1.09304334344717557e-04
5.34966440558960699e-01
-2.10071046846975885e-04
5.34894268593667177e-01
-2.29485223507916496e-04
5.39299700442629648e-01
4.44887882768933566e-04
5.33240373354650132e-01
4.37454580415170505e-04
5.31254922920368688e-01
4.70237368320165251e-04
5.38099089751660653e-01
-1.46563444108734189e-04
5.37280864251308943e-01
-1.55407462014317305e-04
5.33009533821700687e-01
-2.28251495580545277e-04
5.44170046859402512e-01
3.88729664549981665e-05
5.36587320130527679e-01
1.63576409629128110e-04
5.38691293750644173e-01
1.36401675210506102e-04
5.38938892185797491e-01
2.39037188242902604e-05
5.34323600981762348e-01
-4.90627633562192107e-05
5.31039087171335744e-01
7.05594474836482804e-05
5.43639584918377827e-01
1.04021766852583223e-04
5.40967003412394565e-01
1.67530561723628620e-04
5.35434658224312132e-01
2.23185546788963620e-04
5.42911936679202567e-01
3.62278724040964557e-04
5.37539171090862022e-01
3.13556538179267635e-04
5.35081192230866365e-01
3.87059980674328238e-04
5.44650473118887590e-01
3.61344365867281609e-04
5.39894700435856523e-01
4.21453841027312481e-04
5.36938457018654169e-01
4.13896777509175609e-04
5.44158899905003435e-01
-2.14776724077137243e-04
5.38772425615074546e-01
-2.69951342801979610e-04
5.36940340910098013e-01
-1.67757937117992187e-04
5.48702396706778672e-01
-1.69601559452521003e-05
5.40965294689356391e-01
1.10754795687086698e-04
5.46171625519537685e-01
4.36349044511827878e-05
5.47065796005996030e-01
-3.78153516005153803e-04
5.41349531055262956e-01
-4.09513520179494823e-04
5.40210979664414892e-01
-3.53752976698323981e-04
5.45405973422289914e-01
1.71418837795278388e-04
5.42151423803652222e-01
9.90870559049313412e-05
5.38817980079494885e-01
2.13057759875410156e-04
5.49089026390329304e-01
-4.17795436077314064e-04
5.43215973668401575e-01
-4.35785424041051244e-04
5.42333508606489323e-01
-4.37063942905634173e-04
5.53330338340260908e-01
1.19971731239437119e-04
5.45716638644837881e-01
-1.99957451377367547e-05
5.47658676980036119e-01
9.59942201897920988e-07
5.56489788748971148e-01
-2.04361090253620702e-04
5.53647636572174306e-01
-1.40020375226618282e-04
5.42723719322889542e-01
6.03114032528004676e-05
5.55075456258547817e-01
-1.72494254095879570e-04
5.40802232216005652e-01
9.76128750584352175e-05
5.50980172675805679e-01
-3.37337615948168879e-04
5.44915242767512686e-01
-3.61392291854009315e-04
5.44131594409359653e-01
-4.08120921018590105e-04
5.52382971526402811e-01
3.84796235025207812e-04
5.45817460987961800e-01
4.28667183844589055e-04
5.43783788586240435e-01
4.23647579844424406e-04
5.50532412346711464e-01
2.24418937512866728e-04
5.47588232131740460e-01
2.98754274322016037e-04
5.41611251363513069e-01
3.13539339004990307e-04
5.53013679792571877e-01
-1.81086805488514437e-04
5.46656551920146727e-01
-2.30288143482702785e-04
5.45906705152036653e-01
-2.97604981525318032e-04
5.57129387118563746e-01
2.18256891074652276e-04
5.53647301433315198e-01
1.39918556852304933e-04
5.45267975193032717e-01
-1.54274669844701259e-05
5.40802450804151125e-01
-9.75908449501134768e-05
5.55396357405651520e-01
1.79238918726507408e-04
5.55214358819564158e-01
-5.68766138357758158e-06
5.48525787896187667e-01
-8.95869540377974448e-05
5.47738284892023697e-01
-1.55591531866144532e-04
5.56446277231817499e-01
1.24879227869516762e-04
5.49224293250950901e-01
3.87727538737817384e-06
5.49129125558857401e-01
-3.27282263548823568e-05
5.52548645155803486e-01
-1.09003676380522933e-04
5.50625912259012806e-01
-6.32268081074752853e-05
5.48363791190772831e-01
-3.40717692984658586e-05
5.53842041968665710e-01
8.73869360585303903e-05
5.52189707557015241e-01
1.57608052885541974e-04
5.44047857502535925e-01
2.15692667977108435e-04
5.54287241735770486e-01
3.99366144269318779e-04
5.48573814284437966e-01
3.90467434183120474e-04
5.46807869588217144e-01
4.21450091557504930e-04
5.57871578697356152e-01
2.30969407918951469e-04
5.57504456077548283e-01
2.26272848816708237e-04
5.47162734049194244e-01
1.74515968141930494e-05
5.55601479724338820e-01
1.76491828632908791e-04
5.57365781342350264e-01
-5.67344309707768025e-05
5.55606808542808861e-01
1.57736901493803424e-05
5.47827772943579649e-01
9.53956668123107754e-05
5.53988269088065866e-01
-6.67080313909287822e-05
5.49060185323891004e-01
-1.44071379792320569e-04
5.46466063335250274e-01
-2.04164841896457434e-05
5.62957165444059382e-01
-3.45320324389148173e-04
5.59730281545952724e-01
-2.74939789592553807e-04
5.53558069992707846e-01
-1.41124830624785085e-04
5.54639028163915415e-01
3.08511293055840202e-04
5.49989454312431958e-01
2.45638456990590940e-04
5.48784485736763417e-01
3.35896405362694553e-04
5.57815241775766357e-01
-2.99199908250043906e-04
5.52446458543833119e-01
-3.41664046993753168e-04
5.50973697196695644e-01
-2.59842833891351787e-04
5.61391303995558255e-01
-2.08306337173326322e-04
5.52514380310440201e-01
-4.32270653326375116e-05
5.59381265372301373e-01
-1.32914005809484385e-04
5.61555973028955768e-01
2.36643606333510395e-04
5.56955844418736024e-01
3.22737429698479893e-04
5.53108932194885661e-01
3.00262069701924929e-04
5.60563230134002444e-01
-3.86120442839144094e-04
5.54841526380181915e-01
-4.01768154929682357e-04
5.53793430355009719e-01
-3.90934598580163905e-04
5.62695814144597573e-01
-3.08023537389164677e-04
5.56853935815132983e-01
-3.20124532341330929e-04
5.55871409804506333e-01
-3.76269297244041811e-04
5.65032400746202423e-01
-1.08024385884675160e-04
5.59035132004775281e-01
-1.41774160545657255e-04
5.57990193991728556e-01
-2.37428747884410222e-04
5.65732064045010308e-01
-3.58888680059104214e-04
5.63563669222150510e-01
-2.84530212502417208e-04
5.57216305776138898e-01
-1.78644156504905707e-04
5.70001585678688638e-01
4.71334028301992000e-04
5.61668128517951892e-01
2.87745138281694205e-04
5.63219671318906379e-01
2.91235451207653203e-04
5.67770659270722455e-01
1.43848287471954792e-04
5.61499797016165147e-01
6.99928254725915434e-05
5.60381388894320542e-01
-3.26128240594673570e-05
5.68095786374901102e-01
-4.50343470224171254e-04
5.60320342813368844e-01
-2.70949838553297801e-04
5.65531499737077503e-01
-3.99430026591562220e-04
5.63953846945749571e-01
1.27090574940147335e-04
5.58934135745667859e-01
2.96677606611985753e-05
5.54701016572731076e-01
1.50043101499641062e-04
5.70537538045961412e-01
3.77880349041471054e-04
5.63495434024465336e-01
2.48511510098954863e-04
5.62869109410713442e-01
1.74180209663694571e-04
5.67625705755256504e-01
3.33233014094663749e-04
5.60926903523388809e-01
3.81857348527211364e-04
5.60022480137971623e-01
3.56460012161862513e-04
5.66915865073607139e-01
-4.06608899705774977e-04
5.69119119036673560e-01
9.84277642446016933e-06
5.65330986273606229e-01
1.32951142357613051e-04
5.59827199206049730e-01
1.22382547822341806e-04
5.66798523401966570e-01
3.51563863502474272e-04
5.60703604051216664e-01
3.35135124600203279e-04
5.60559445046116878e-01
3.76897070034866314e-04
5.59268396059391937e-01
2.27423818116526111e-04
5.67860298987327705e-01
-1.79516915847517460e-04
5.62832543018414122e-01
-2.44679629082907490e-04
5.60914329003516232e-01
-1.23614456022702645e-04
5.72905680537994288e-01
-2.14976553354191214e-04
5.71017849463821947e-01
-1.00231822463227511e-04
5.63370704070108363e-01
-5.48675764302203640e-05
5.77919516290047897e-01
7.13662928342395468e-04
5.67897243177100997e-01
4.58481325675526806e-04
5.73959505881370124e-01
5.93260219290900402e-04
5.71523959841549800e-01
-3.50413190213521414e-04
5.66058804292363216e-01
-3.70042417656172890e-04
5.64645091792739362e-01
-3.32589469458752468e-04
5.74065602022825416e-01
-3.02199468912038387e-04
5.68400810678570068e-01
-3.02736651411635960e-04
5.67287383910969001e-01
-3.58860862606712910e-04
5.76156141432027646e-01
-4.23582691099081646e-04
5.74537309304967825e-01
-3.20170020011590630e-04
5.66756611876124250e-01
-2.29150582706906503e-04
5.81072055419296962e-01
8.10877763389673519e-04
5.79363704193552431e-01
7.51850904817204322e-04
5.69102674185420709e-01
4.93804140842551953e-04
5.66503546525241708e-01
4.22617679199659103e-04
5.80220527268998199e-01
7.82694506556675198e-04
5.82419267166123467e-01
-8.47919612020358693e-04
5.79364045512794190e-01
-7.51923637512005470e-04
5.69451927004690051e-01
-5.01992699318119405e-04
5.80894626104644929e-01
-8.00273725911799746e-04
5.66503309001473165e-01
-4.22562895447212063e-04
5.76536507247255026e-01
-7.13195413842324468e-05
5.70800795663819138e-01
-8.57075577148062471e-05
5.69595114505679012e-01
-2.07115108889168039e-04
5.79494833894586892e-01
7.65396314827561375e-04
5.79620588736862286e-01
2.60163913586247393e-04
5.73705637704340465e-01
2.04852616159532518e-04
5.72313111235887906e-01
5.91994642878582614e-05
5.79348151001186307e-01
-6.11121460521804887e-04
5.77757461801348349e-01
-5.19480421649734666e-04
5.70366267362922397e-01
-3.98743733373594722e-04
5.82996110162340542e-01
5.92969242694559701e-04
5.76772092339308484e-01
4.85768599553035177e-04
5.75376376811793433e-01
3.54555295727459335e-04
5.84513468819150783e-01
5.04894845998279075e-05
5.76027623611516493e-01
2.23038776131800946e-04
5.73049196837056130e-01
1.45280354509793555e-04
5.84704448874031724e-01
-9.12919100213492444e-04
5.73829395601455849e-01
-6.11857245356018644e-04
5.83563229254022486e-01
-8.82325586401907060e-04
5.85604547075812110e-01
8.52256485648038189e-04
5.77804181263741334e-01
6.55411243330092678e-04
5.78067948631823203e-01
6.05864965263226566e-04
5.76814199625991897e-01
2.69480992778058223e-04
5.70348475517375664e-01
2.03554913091580315e-04
5.71809869208344423e-01
3.17342749780858790e-04
5.79595185454471529e-01
3.30505763906947228e-04
5.73159562640372044e-01
3.57261351547200632e-04
5.73634112449196709e-01
3.30759094423210538e-04
5.82724760314889623e-01
-7.83412972597344608e-04
5.81040343555873862e-01
-7.00048973421358916e-04
5.74226086686744353e-01
-5.60663388128782134e-04
5.77875812304241232e-01
-2.87304226244565297e-05
5.72850983380168377e-01
-1.08742190930892594e-04
5.70903195663603147e-01
5.26713078106351665e-05
5.85265452052469271e-01
-9.07099014603583069e-04
5.76679118192562568e-01
-6.67855803343120075e-04
5.84986077552360428e-01
-9.13290253791503959e-04
5.83997210453935267e-01
-8.48591622559091187e-04
5.81810681835585042e-01
-2.90775052901800948e-04
5.76677341723118686e-01
-3.25361320502609509e-04
5.74805740014094568e-01
-2.40759056911531995e-04
5.85130380848898679e-01
-3.13701839845814147e-04
5.79622602285525312e-01
-3.06893779381538451e-04
5.78291931613603705e-01
-3.47580374233652696e-04
5.87921154948996549e-01
-2.83928997250369600e-04
5.86229195622245070e-01
-1.08965180045860841e-04
5.78513922578034023e-01
-1.27251370400286281e-04
5.87689478433769619e-01
-7.50096463678534732e-05
5.82135285784730172e-01
-6.84897199071268596e-05
5.80849057469069452e-01
-2.09166265350664750e-04
5.90758999138645935e-01
3.27116464271655805e-04
5.85204305131921565e-01
2.98307693498931772e-04
5.83630318098856016e-01
1.07704968708828292e-04
5.91625346323657375e-01
-6.19230457770590225e-04
5.89786623193644166e-01
-4.51355642877369521e-04
5.82257370784407979e-01
-4.04118737865564949e-04
5.98503263929522134e-01
1.32304031662854949e-03
5.88212935278162541e-01
1.00401239517112551e-03
5.92052774719177277e-01
1.08561484001417426e-03
5.94871467905274676e-01
7.87006535058808274e-04
5.88939801896421700e-01
6.91509557080334861e-04
5.87238267815552661e-01
5.06739304143343622e-04
5.88122127030456854e-01
1.36543061759654638e-04
5.82967943459540838e-01
5.29982007427535118e-05
5.82462443341995817e-01
2.10784730965487920e-04
5.89265575001718833e-01
3.30503377609654432e-04
5.82998199899060210e-01
3.12032586360072486e-04
5.84449910219495883e-01
3.36135780810887348e-04
5.99032684704619123e-01
1.18792855706233939e-03
5.92320860814804173e-01
1.01824075810497280e-03
5.91013449305450744e-01
8.78821539022946077e-04
5.95569729716988738e-01
-9.24225735293161409e-04
5.93607977359043359e-01
-7.74079511216013857e-04
5.85854788253813985e-01
-6.58672940564571769e-04
5.94672560142510465e-01
1.66135776148331512e-04
5.87096898278486878e-01
2.69615062621450790e-04
5.89635443040145923e-01
1.04170916842829454e-04
5.91726528790813000e-01
-1.88806462381931213e-04
5.86768205525167064e-01
-2.46754820928897685e-04
5.84772492484691542e-01
-1.09222825605694547e-04
5.97670975574462027e-01
-1.12867606481165442e-03
5.96627922665360466e-01
-1.03080298506559955e-03
5.88504330723404356e-01
-8.56709685396031149e-04
6.04872417988759903e-01
1.56719841970099001e-03
5.92978022703870122e-01
1.16844717231692568e-03
6.01682044474426414e-01
1.44951489789950372e-03
5.99539567011713181e-01
-1.28714178429240804e-03
5.98610208074955685e-01
-1.21252783961870521e-03
5.91129592493519707e-01
-1.02461040934044112e-03
5.95902216192865541e-01
-3.24461346377124312e-04
5.90543523643851764e-01
-3.20892225745871896e-04
5.88811153463639769e-01
-3.22495561946645149e-04
6.05073788365099063e-01
1.55520439981754834e-03
5.92224550151266738e-01
1.13008534430417574e-03
6.04962416848899287e-01
1.56433340918447103e-03
5.98591473995225498e-01
-1.19918751428261546e-04
5.93171090129032463e-01
-9.28433348686863203e-05
5.91821560014306969e-01
-2.40778779696903427e-04
6.07636648990597106e-01
-1.66295222544531681e-03
6.05074344736230230e-01
-1.55498071546000035e-03
5.95033319664741489e-01
-1.23266222805396052e-03
6.06351602299552983e-01
-1.60996627143872718e-03
5.92224226444238111e-01
-1.12984054022260863e-03
6.03628423869369435e-01
-1.48925714482928411e-03
6.01585828758225416e-01
-1.39169728032655484e-03
5.94445893913365331e-01
-1.18579585806025557e-03
6.01548189726250238e-01
3.41411290411760247e-04
5.96174783678235287e-01
3.40435702873555191e-04
5.94594697013900442e-01
1.08675905349904907e-04
6.07091974255945521e-01
-1.64106128514063731e-03
5.95899992151387781e-01
-1.25904789745058835e-03
6.07360597437601624e-01
-1.65502540530593342e-03
6.05358944039345093e-01
-1.56850150055979428e-03
6.05548080500804886e-01
9.06364361784049873e-04
6.00221155104399884e-01
8.51296641339729021e-04
5.98143680699149582e-01
5.96894947797235926e-04
5.99155195420110864e-01
2.75002200625767024e-04
5.93593485955240641e-01
2.12412067362413538e-04
5.94221401880103528e-01
3.11864223220470287e-04
6.10482224446388222e-01
1.45173496064633319e-03
6.04761671511433785e-01
1.32116622019063366e-03
6.02677129252287225e-01
1.10665014852186694e-03
6.02815092875216618e-01
2.65356638905038641e-04
5.95995915467668391e-01
3.17383942129822636e-04
5.98775574629831664e-01
2.17624977196593611e-04
6.01090501875409577e-01
-3.33652726690685203e-05
5.96388338041846988e-01
-1.17613047954729841e-04
5.94589501837275991e-01
5.78840716351521254e-05
6.16864503489985672e-01
1.94666758030755810e-03
6.07954359120784327e-01
1.56176798515505447e-03
6.07682360552602274e-01
1.62496816692292651e-03
6.09159876279957602e-01
-4.64338794660027734e-04
6.07478773186453047e-01
-7.65033503926919865e-04
5.96797417568410316e-01
-1.70012170448567191e-04
6.08348981391680033e-01
-6.20813230005544240e-04
5.97683794587735240e-01
-5.04747734039387810e-04
6.11028121213742059e-01
-1.19370810793494953e-03
6.09275506038081005e-01
-9.83404566991153903e-04
6.01313277898613108e-01
-8.87057480439864122e-04
6.06550033541174982e-01
-3.06626145523284722e-04
6.01251011908387589e-01
-3.21414934559183143e-04
5.99086041331292396e-01
-2.57967781688864684e-04
6.09668635857073427e-01
-1.91981395910569388e-04
6.04171758760347233e-01
-1.52497027863275598e-04
6.02728258667898809e-01
-2.86194372618441396e-04
6.11883538416315043e-01
2.95067650042613473e-04
6.06746369738454083e-01
3.25516126362443111e-04
6.05203242919370110e-01
5.75526965744118605e-05
6.15370048788380863e-01
-1.60315027820943944e-03
6.05459953397019413e-01
-1.24439086562031453e-03
6.13217331181563075e-01
-1.40539929266302651e-03
6.13209982153601008e-01
-2.02734608853319908e-04
6.03897865127001943e-01
1.32278110868760993e-05
6.11220563169314834e-01
-3.38245713570833916e-04
6.15741454493962670e-01
9.65662727298789280e-04
6.10662312861258494e-01
9.42399556762854042e-04
6.08631078348963794e-01
6.29674539695625419e-04
6.19417306033516635e-01
-1.92338789360266943e-03
6.08537275120317189e-01
-1.50604674428468448e-03
6.17404216644643844e-01
-1.76969496441777702e-03
6.14277890470089627e-01
-1.80134448572083863e-03
6.06906696615374552e-01
-1.53604850882788492e-03
6.16849679534437256e-01
-1.86523915833282676e-03
6.10941138992586175e-01
3.18006185700175090e-04
6.04993982580307676e-01
3.12698327079834334e-04
6.06905801080014240e-01
2.98419421179288295e-04
6.10326328520185646e-01
1.57476029861451780e-04
6.05661127269229604e-01
6.06813760020051768e-05
6.04745847891855592e-01
2.26857360738599162e-04
6.21109982011189832e-01
1.64891610034705494e-03
6.15804138089477093e-01
1.55447656626097252e-03
6.13328182440964653e-01
1.26200837303944418e-03
6.22123970660291459e-01
-2.15851909370541736e-03
6.18202847918966625e-01
-1.98053699293984599e-03
6.12874767574799750e-01
-1.81279060414294194e-03
6.30049011545394944e-01
2.53435594249346507e-03
6.17467859568975985e-01
2.03157669008507090e-03
6.23450504352770385e-01
2.25187189125082999e-03
6.15679475100440743e-01
-2.16542430101876628e-04
6.11114803753794789e-01
-2.74596868263661488e-04
6.08347384192144958e-01
-1.24562419188553353e-04
6.17173599146825458e-01
3.31317239205104020e-05
6.09949719900886755e-01
1.75345994037801869e-04
6.15223365018195745e-01
-8.40771848992663502e-05
6.27953938798996525e-01
2.26103064928788889e-03
6.22411073416520577e-01
2.10984981688215655e-03
6.19223522768307610e-01
1.84705093069174029e-03
6.29385424754003164e-01
-2.49681529875945976e-03
6.25754163663057028e-01
-2.33024499032622031e-03
6.18240885663315587e-01
-2.05383788889925735e-03
6.30712778524753714e-01
2.53509413518594132e-03
6.17907780270899099e-01
2.02538394840030226e-03
6.30351760559990870e-01
2.53927839332202714e-03
6.20587173778760159e-01
-2.77410478234718335e-04
6.15183714768422374e-01
-2.35331762978240240e-04
6.13491093699128687e-01
-3.20827072871578980e-04
6.22365319830720742e-01
1.97210303889256062e-04
6.17169490891060879e-01
2.54184482080495333e-04
6.15965923797417658e-01
-3.43457237156963909e-05
6.32467055109434462e-01
-2.63340830299998649e-03
6.30712355147652226e-01
-2.53446878297981532e-03
6.20062178745219295e-01
-2.13031466379669287e-03
6.31572772458324216e-01
-2.58593044632253553e-03
6.17907801716561567e-01
-2.02552654482326434e-03
6.25573917014959346e-01
9.58227244885777535e-04
6.20684690121740879e-01
9.70181952763776593e-04
6.18707510858002685e-01
5.96700781073856447e-04
6.30915995148067621e-01
-2.56987780828483829e-03
6.20006595419257400e-01
3.05030392544740933e-04
6.15097717321464010e-01
2.42578616138631320e-04
6.15500675742015058e-01
3.20717078674388984e-04
6.30726737678594995e-01
1.77201324735492519e-03
6.25931801957327338e-01
1.71617971547978953e-03
6.23231166702725492e-01
1.35006874980753209e-03
6.26993698782212117e-01
-1.46715672405005998e-03
6.27446533206017620e-01
-1.08469111284314091e-03
6.17214811194879087e-01
-1.08816684742678803e-03
6.18275425279029456e-01
-7.44835015939047289e-04
6.27252666091679956e-01
-1.28561447674006520e-03
6.30361106265152848e-01
-1.94819463505101404e-03
6.28704874115067147e-01
-1.71750411494835434e-03
6.20680862726753935e-01
-1.54863338216160965e-03
6.23727790233726598e-01
1.93608673484088330e-04
6.17274894736474122e-01
2.82943025127912464e-04
6.20490293905723189e-01
1.14986125398216902e-04
6.22679202015430810e-01
-1.17778056718226029e-05
6.19127493655100336e-01
-1.24115512165391315e-04
6.16500614850744477e-01
8.34146597673127887e-05
6.38544833455538363e-01
-2.77051336581721902e-03
6.28981973902093094e-01
-2.33589325510047711e-03
6.30329020341187873e-01
-2.45960417642537323e-03
6.34866737926290337e-01
-2.40803307883118720e-03
6.25110117062044668e-01
-1.98732408030948948e-03
6.32636395944408236e-01
-2.18948004200516817e-03
6.29235942093929301e-01
-7.33985994808689242e-04
6.21188828605625076e-01
-4.37418588567950201e-04
6.28375778196241908e-01
-9.16491569753795105e-04
6.37684789874389923e-01
2.51004877224135633e-03
6.32823692632928925e-01
2.38948423214900389e-03
6.29402217003524056e-01
2.06945383824978226e-03
6.36724240466817082e-01
-2.60431610937983437e-03
6.32114336418629463e-01
-3.36019831791021324e-04
6.26428257781674325e-01
-3.14939753953381960e-04
6.23809391022437376e-01
-2.94949393532528855e-04
6.35263534375803629e-01
8.98383239544026210e-04
6.30457307129339339e-01
9.37700784638295930e-04
6.28782244135793311e-01
5.09118337697323149e-04
6.41987474466820474e-01
3.01778756670487537e-03
6.36007948219590613e-01
2.77907433322417338e-03
6.29429889952895283e-01
2.46625071176541279e-03
6.32627534335433506e-01
-4.19392542346376724e-04
6.24853191336114944e-01
-1.57602893487066384e-04
6.30971880398382257e-01
-5.81952475151389318e-04
6.33383571133096179e-01
6.80310992074387860e-05
6.27940372812032632e-01
1.41058875321875560e-04
6.26905184262565029e-01
-1.53602258346267553e-04
6.39921075364232039e-01
1.84440911618458537e-03
6.35343978831404366e-01
1.81475055885209607e-03
6.32741690747496421e-01
1.37784432167696331e-03
6.31311567223599823e-01
2.96434875168634002e-04
6.25578153918407209e-01
3.28111805435327337e-04
6.27564564652024814e-01
2.48682210374415332e-04
6.29973900812360710e-01
2.34869391933916681e-04
6.26229058869809174e-01
1.16506819042397800e-04
6.25020843443617080e-01
2.79821170286938281e-04
6.47220729037299103e-01
3.17969759928331481e-03
6.44600871978206480e-01
3.10378532169517307e-03
6.37593718158728451e-01
2.71407974394456642e-03
6.48560229908311303e-01
-3.31120487586401271e-03
6.43562067607374222e-01
-3.05177810385413991e-03
6.38969885886779831e-01
-2.89537097997512143e-03
6.37795350145618167e-01
-1.73812671977556168e-04
6.30698399437430113e-01
4.92909510470555115e-05
6.35257872333690798e-01
-3.00899697284365969e-04
6.46684018486373025e-01
2.71694540322346472e-03
6.42191961546478063e-01
2.61657394960611430e-03
6.38710913053252671e-01
2.23325309899824898e-03
6.35787465151274045e-01
-1.58076324163997344e-04
6.33841672078270801e-01
-2.90863175733359434e-04
6.29250996554254871e-01
-7.71424407286077577e-05
6.45147588704335528e-01
-2.29528711953577236e-03
6.43954890699999893e-01
-1.83603189576152692e-03
6.36052433184045807e-01
-1.85450947044224295e-03
6.35678276751364679e-01
-1.43199011490341573e-03
6.44585139430267517e-01
-2.07832057260220332e-03
6.48767739610335292e-01
-2.79809794793182314e-03
6.46986588801769735e-01
-2.56010420992135645e-03
6.39552350344695375e-01
-2.35228538036036340e-03
6.45130634688358184e-01
8.20498532188762911e-04
6.40248142829298428e-01
8.68645579022097225e-04
6.39210399735810730e-01
3.94317877777588556e-04
6.58431471328655316e-01
-3.76819326652521941e-03
6.53489712390693978e-01
-3.54730198591726546e-03
6.45460742329479698e-01
-3.19224739039869043e-03
6.47263044728151549e-01
-1.53762198896519823e-03
6.38210149867828869e-01
-1.09306584379306022e-03
6.45650077202342243e-01
-1.69989066637773328e-03
6.48877675305318591e-01
1.88366320403548864e-03
6.44427079498137934e-01
1.87076635389267216e-03
6.42061105432681800e-01
1.36082067816022979e-03
6.56421943462620616e-01
3.67534559785958215e-03
6.56204655761282174e-01
3.63473225107713944e-03
6.43248187708347130e-01
3.09557166181739047e-03
6.43480795203122513e-01
3.07465722153249478e-03
6.56283323037824551e-01
3.65670899692707588e-03
6.39552230914038899e-01
3.44280505507504973e-04
6.34651478110617506e-01
3.15679087622628524e-04
6.35483725038306968e-01
3.25252388150619606e-04
6.44817308700159741e-01
-2.23789153891988333e-05
6.39183417304151957e-01
3.03142803382625743e-05
6.38281401699485329e-01
-2.68464862440775855e-04
6.55683346887981577e-01
3.47137756317700405e-03
6.51450591273097679e-01
3.32694881997959999e-03
6.46692840416662418e-01
2.98679559670530581e-03
6.56202656045642430e-01
-3.63531631123928216e-03
6.57276553852880974e-01
-3.70427788472556902e-03
6.43482083203412825e-01
-3.07569047165550096e-03
6.53448901873031951e-01
-3.27130849097674549e-03
6.44150331555123912e-01
-2.82418253484336117e-03
6.51133037054799413e-01
-3.04929627618748386e-03
6.44437453664265747e-01
8.46551473161568608e-06
6.37784514792179236e-01
1.99200854419446588e-04
6.41172334594802495e-01
-8.59884718811176945e-05
6.47927718148777809e-01
-1.11176234004479145e-03
6.40233384541958439e-01
-7.24389609198279475e-04
6.47633030544196298e-01
-1.33270733734562065e-03
6.55331275148438697e-01
2.89704156153142720e-03
6.51020317609686150e-01
2.80961046645594780e-03
6.47631724097784134e-01
2.35675801044992741e-03
6.41109012056777727e-01
1.56014612195634844e-04
6.38312625212823503e-01
-8.78253820997001810e-06
6.35595288825017479e-01
2.02505210973835041e-04
6.61357900155965406e-01
3.90000704579228060e-03
6.58871577226342597e-01
3.79037469745371718e-03
6.51681144054209516e-01
3.45839291680082820e-03
6.58934950550139842e-01
-3.68891013623738389e-03
6.56209938346536070e-01
-3.49361603044178945e-03
6.48733572442380058e-01
-3.21742641017978880e-03
6.52928519155965947e-01
-8.83899878356723891e-04
6.45295722958927453e-01
-4.74396579630244277e-04
6.50475094134457699e-01
-1.00661367042447695e-03
6.63726439929875900e-01
3.74782202829801068e-03
6.59706974873350949e-01
3.60911437378682318e-03
6.55216314446832593e-01
3.23007405452304438e-03
6.57755263530283685e-01
1.92055815243436759e-03
6.53352251377236071e-01
1.90789555627279839e-03
6.51428614124226923e-01
1.33171359273563487e-03
6.51234509634685210e-01
1.52405777009433454e-04
6.45273940669546575e-01
2.99671159551006031e-04
6.47899983290087467e-01
7.91456353791090018e-05
6.66524726373027288e-01
-4.11565184452990229e-03
6.62741066664359058e-01
-3.91330580530164195e-03
6.57537842215824009e-01
-3.70838749383146796e-03
6.47922742398346241e-01
3.47420227747658112e-04
6.44391484796166147e-01
2.71711995541946462e-04
6.43798276811324621e-01
3.51594632794140216e-04
6.56718765828100293e-01
8.39447426784733206e-04
6.50987016279806929e-01
8.33706405900156615e-04
6.50687995147993692e-01
3.34706942091313967e-04
6.67721112097924174e-01
4.16876132146344093e-03
6.64528384649964776e-01
4.03571807668407466e-03
6.57481318105234025e-01
3.67563770561481771e-03
6.63379937081731375e-01
3.05987398531951289e-03
6.59372952336171214e-01
2.98023760237442871e-03
6.56136119995743394e-01
2.45541959507601442e-03
6.49770804209618080e-01
-3.48329510034280630e-04
6.48571626042859339e-01
-2.54191476979209133e-04
6.41031609563315286e-01
-3.45909027458367433e-04
6.49044196446494692e-01
-3.47914275737761945e-04
6.42233813379372243e-01
-2.02853892201162414e-04
6.59805994089104564e-01
-2.72061865042912739e-03
6.62575400863755770e-01
-3.23681732339893731e-03
6.51859978616563085e-01
-2.24869487389446794e-03
6.61223099237004841e-01
-2.99344337591477211e-03
6.53844645280604264e-01
-2.73862208571387655e-03
6.61713380521737005e-01
-2.40412827010239548e-03
6.54463421126980749e-01
-1.93869881996370065e-03
6.60798915997088065e-01
-2.57687833253432592e-03
6.58830677107894447e-01
-7.12582731769414502e-04
6.51538911776022966e-01
-2.82570121567605971e-04
6.55934452510973487e-01
-8.05933083731917338e-04
6.55495077529138381e-01
-2.51593382530622692e-05
6.50217175493171817e-01
-2.48905100976824405e-05
6.52527176002241638e-01
-2.48136252666655052e-04
6.66589195715711402e-01
-3.74345311239090333e-03
6.64612345348536637e-01
-3.50681114292490529e-03
6.57666659246577523e-01
-3.24964806176504962e-03
6.50568766153846179e-01
3.77132874142863909e-05
6.49434966301841055e-01
-1.22977232712962099e-04
6.45884804831603709e-01
1.04325350682516827e-04
6.63628946406284559e-01
-2.12557429761517629e-03
6.55735817795163323e-01
-1.56915903911589443e-03
6.62703665505467776e-01
-2.27568449172042137e-03
6.71510369200094992e-01
4.03145388551566768e-03
6.67623922225806798e-01
3.88706862199496295e-03
6.63435547106225654e-01
3.46353369506355920e-03
6.71654752753768514e-01
-4.20440100743401171e-03
6.62543647004795844e-01
-3.72301955346043172e-03
6.69147572928578849e-01
-3.99091293900626608e-03
6.74489181926238301e-01
4.45725826296414739e-03
6.71099833863087025e-01
4.31151569752234818e-03
6.65098145046282618e-01
3.96946887791048766e-03
6.76913686307359264e-01
-4.59957356544596178e-03
6.67651927473484563e-01
-4.18509846484487434e-03
6.71727276263721529e-01
-4.36459883702991058e-03
6.58218916692355882e-01
2.55326994593211448e-04
6.52921358255176942e-01
3.54872952130876474e-04
6.54806524431553294e-01
2.04765225702407104e-04
6.66570268115836306e-01
2.01546237261650794e-03
6.62200838807613490e-01
1.96927507623507591e-03
6.61646937140077163e-01
1.39369291433477627e-03
6.71371858733158633e-01
3.24658261880992347e-03
6.67398918423011689e-01
3.15295835176033871e-03
6.64572721359167673e-01
2.56347171274706222e-03
6.68171652716008646e-01
-2.03486378095329209e-03
6.60491514651532219e-01
-1.39539551582786307e-03
6.65932728229435833e-01
-2.08718871426121855e-03
6.56006620305437882e-01
3.13337399081211883e-04
6.53132505830974708e-01
1.89229962496238811e-04
6.52039860039210661e-01
3.37348818875538622e-04
6.64753436439197709e-01
-5.52018578818568527e-04
6.57863261606071670e-01
-1.14690999181266386e-04
6.61861077566154976e-01
-6.38593532813427618e-04
6.64401205003798290e-01
8.38124511255791162e-04
6.60607581910681918e-01
8.40986895277958594e-04
6.59878737534574489e-01
3.38168033491884632e-04
6.78278760693963423e-01
-4.63348923735287018e-03
6.68599474897642931e-01
-4.15142053268084850e-03
6.74985103436106959e-01
-4.43329112155720854e-03
6.82121213909961277e-01
4.80374904822648309e-03
6.81478161716275177e-01
4.74866141801831478e-03
6.69292115937188847e-01
4.24764018780620940e-03
6.68871062976493458e-01
4.19866845485656302e-03
6.81771668839316503e-01
4.77635389802376006e-03
6.85565712861488263e-01
-4.95163594688556932e-03
6.81478644525773780e-01
-4.74850755943831936e-03
6.72021450779773377e-01
-4.37164338053692373e-03
6.83482229549557729e-01
-4.85049374451699405e-03
6.68870251811834127e-01
-4.19781189700997766e-03
6.79045663662283694e-01
4.33906442287254179e-03
6.75288055191587078e-01
4.18042231022452623e-03
6.71228771235116928e-01
3.69719332324820000e-03
6.81892601149207245e-01
4.80283675462236243e-03
6.78188206755196865e-01
4.62505714302148367e-03
6.72824575036406802e-01
4.28438447141855916e-03
6.82447083520246633e-01
4.83758556920437736e-03
6.82266438481353821e-01
4.82029807216140856e-03
6.71913740207886412e-01
4.37606232426719297e-03
6.71325998016841230e-01
-3.14135258312751115e-03
6.74983327029465507e-01
-3.65424029081294274e-03
6.66509442971542132e-01
-2.75813899646221812e-03
6.73168315120201699e-01
-3.40424258364105522e-03
6.67375154817330118e-01
-3.15273371765352733e-03
6.61664863774913958e-01
-3.22574785507494125e-04
6.59181112900054100e-01
-3.18954552901324858e-04
6.55788738900991763e-01
-3.44338877873285969e-04
6.60298826725626342e-01
-3.66662755893247809e-04
6.53941255309533287e-01
-2.87545400243232599e-04
6.74334767025666415e-01
-2.07085396776082948e-03
6.66494542100661835e-01
-1.30077555984244183e-03
6.71293595995297254e-01
-2.05570293177867935e-03
6.78975658132435766e-01
-4.25633318275011555e-03
6.77018417915500770e-01
-3.97618773789251874e-03
6.70758401263938597e-01
-3.71437768846333456e-03
6.65646727998460364e-01
7.98577207649514169e-05
6.60622568864169590e-01
1.77968098007409942e-05
6.63587809445300048e-01
-1.73718676252054957e-04
6.85869177689279463e-01
-5.01424020682522762e-03
6.82086820489545165e-01
-4.83542680732091095e-03
6.76189508996627775e-01
-4.56215483872941981e-03
6.64172268610688787e-01
3.20284731953616802e-04
6.59921814289756159e-01
3.65430298768901196e-04
6.61284162337077541e-01
2.92188442550247996e-04
6.77007697071848047e-01
-3.37632695825567340e-03
6.70301134658638054e-01
-2.71851928914503514e-03
6.74172916484045426e-01
-3.25501714633842382e-03
6.61068317481524503e-01
-3.04271247269256924e-05
6.59975070469840164e-01
-2.00411697346533358e-04
6.55936868707948983e-01
7.14616623077879171e-06
6.79143300363589608e-01
3.47947951544613733e-03
6.75287609087992124e-01
3.35991218567831826e-03
6.72864231239005517e-01
2.72286353336979566e-03
6.75199237638339111e-01
2.18309175156468967e-03
6.70932491584179669e-01
2.09624558435131999e-03
6.69775943709317367e-01
1.45715282358979182e-03
6.70326119312236401e-01
-3.89129194924876202e-04
6.64109324567074943e-01
2.73487086476181690e-05
6.67633380845057745e-01
-4.75164789786760547e-04
6.87515806213780611e-01
5.07402579702429576e-03
6.84968439214767133e-01
4.95374296658771581e-03
6.77629630115939352e-01
4.63215713128683863e-03
6.83481773584904695e-01
-4.77197519621123164e-03
6.81268258310787078e-01
-4.53941515820175182e-03
6.75023874309961136e-01
-4.23524194689748473e-03
6.88519356392130244e-01
-5.08870765377039940e-03
6.82722979798365825e-01
-4.85087853995292469e-03
6.87031332063515965e-01
-5.02010101227777939e-03
6.73022318790598928e-01
9.96849133853900359e-04
6.68762301445281704e-01
9.09492035690088389e-04
6.69280495790534835e-01
4.77920357061207212e-04
6.63345877901907799e-01
2.46317847488220572e-04
6.62057918443660243e-01
1.16035884366134560e-04
6.59766156377782353e-01
2.87248930987568597e-04
6.88811677475752893e-01
5.17330984045400941e-03
6.85352708553001566e-01
4.98018947417825947e-03
6.80179686599763578e-01
4.61513846528498368e-03
6.85751492717965538e-01
4.66001049912972021e-03
6.82412358418323595e-01
4.49328516789518264e-03
6.78582844203597935e-01
3.95268720892533523e-03
6.83670478057703979e-01
-3.72221804481191092e-03
6.75891248633429642e-01
-2.82223138297254920e-03
6.80349952923162471e-01
-3.54051955863081110e-03
6.79714831154663801e-01
-2.05084706224607696e-03
6.72110155671347909e-01
-1.18399069733111494e-03
6.77086928438474955e-01
-2.06568739586117552e-03
6.89402146668311233e-01
-5.21224710208962813e-03
6.80520045944069452e-01
-4.69367008335043814e-03
6.86469762906425141e-01
-5.01326324624992107e-03
6.94524416837467906e-01
5.41571032405639870e-03
6.91011370163886807e-01
5.23989196886506803e-03
6.84521102096879219e-01
4.95382440764084025e-03
6.96105249319063701e-01
-5.43375737705187930e-03
6.86503302389285586e-01
-5.02309158496043115e-03
6.90997472610931474e-01
-5.23505144740098616e-03
6.86843171244151063e-01
-4.58282789947612665e-03
6.81957481402710619e-01
-3.99056489542486299e-03
6.80898471536839911e-01
-4.08924530235246688e-03
6.69793877636214341e-01
3.21963663546905770e-04
6.66409667389555649e-01
3.23617117549164360e-04
6.67105597518128812e-01
3.30317799061246697e-04
6.86719461902988382e-01
3.80890323002037361e-03
6.82968279661051447e-01
3.63506731411228313e-03
6.80965176647051029e-01
2.96705167208882303e-03
6.75690389230964694e-01
-2.52213191491964313e-04
6.69731127983620333e-01
1.40705280925831834e-04
6.73150812984776192e-01
-3.20104987556099597e-04
6.82971728682126189e-01
2.43401104676521651e-03
6.79140897932484555e-01
2.29887131286492762e-03
6.77959628677064385e-01
1.65634301050155146e-03
6.71957832338576422e-01
-2.00727185075998300e-04
6.67961875590786569e-01
-3.26815228030399461e-04
6.66913388458609591e-01
-2.82490524940386719e-04
6.69813872445259473e-01
-3.16071943643232039e-04
6.63657451118710662e-01
-3.29246802764888795e-04
6.96417904231364293e-01
-5.57440659386809669e-03
6.87342541538207064e-01
-5.09883765717497692e-03
6.92930456761012614e-01
-5.41110958652924693e-03
6.94939392221303631e-01
5.56792482124177264e-03
6.91879458388315327e-01
5.36061609805181874e-03
6.87017573564520423e-01
4.97209183466382210e-03
6.67560268255427025e-01
-1.22232848040179073e-04
6.67608784148358558e-01
-2.51964024556050852e-04
6.64376012509508618e-01
-7.59742513121713377e-05
6.90335978683167761e-01
-4.16323470577270767e-03
6.82297975809204482e-01
-3.04113100873413915e-03
6.87020023007791192e-01
-3.92929402256259747e-03
6.75133214382166669e-01
3.03131493762512968e-04
6.70460330487060441e-01
1.69361948357701404e-04
6.73513408787904000e-01
6.27328397991858706e-06
6.92403323202504861e-01
5.06005406684144256e-03
6.89097710183542267e-01
4.84989082899782951e-03
6.85797429045365670e-01
4.26850575551819458e-03
6.93366323084598890e-01
-5.37634630798548060e-03
6.90153735066488694e-01
-5.01198741046310348e-03
6.86157351509867675e-01
-4.78627522006852893e-03
6.84595757754262291e-01
-1.98672196002304749e-03
6.77285115824660999e-01
-1.03751670333932238e-03
6.82260438777325007e-01
-2.02449754102395057e-03
6.81601634471039053e-01
1.33098339028063571e-03
6.77377297291868019e-01
1.14060597172771418e-03
6.78322888998822981e-01
7.62512385593833576e-04
6.70201896502249039e-01
1.43705467500315309e-04
6.68740227432060075e-01
1.22178599014720579e-05
6.66905959507660628e-01
2.00892478967864082e-04
7.01042211355827560e-01
5.78423045665533552e-03
6.97778016566295123e-01
5.59152825620883726e-03
6.91484822778334451e-01
5.31717614491373797e-03
6.96223348312778323e-01
-5.41715239665686854e-03
6.89994204164675273e-01
-4.58593625758893942e-03
6.91526736504888606e-01
-4.97054488497700522e-03
6.99539579842339498e-01
-5.91427564651830859e-03
6.96492234612492322e-01
-5.67584027180464881e-03
6.91499234795190154e-01
-5.31732072357992899e-03
6.78113138350313283e-01
-1.08669681520969649e-04
6.73753625443245019e-01
1.96302392825882397e-04
6.77010440659353119e-01
-1.74626115801365884e-04
7.06082635412608073e-01
-5.76833608599252538e-03
6.97301943278354708e-01
-5.44280472370445908e-03
7.01101187880784127e-01
-5.60917119620029346e-03
7.04615754158872010e-01
-5.87764186587604303e-03
6.95237515170884390e-01
-5.45024765460865642e-03
7.00531638616017083e-01
-5.74038020650309479e-03
6.93242574520399057e-01
4.21672019798501486e-03
6.90022255077422542e-01
3.99931857024071746e-03
6.88118679567424230e-01
3.29799759402252040e-03
7.00695444828135616e-01
6.03120564413595333e-03
6.97825680333966525e-01
5.78636991173853057e-03
6.93251168200252899e-01
5.36568865227902807e-03
6.74106186209779579e-01
2.34150437263032070e-04
6.72018882537408491e-01
2.14265528802923293e-04
6.72087297284896024e-01
2.92382984089089128e-04
6.95919646707854445e-01
-4.52437967518985826e-03
6.87743784841891803e-01
-3.17283787771346438e-03
6.93179636909106223e-01
-4.33633759022960998e-03
6.99812754078571686e-01
5.53757443159313099e-03
7.09436190317204396e-01
5.84815358590594879e-03
6.91137697933796091e-01
5.19909600983267228e-03
6.95794692842238049e-01
5.35967193549981204e-03
7.04630147287620301e-01
5.69624794331445670e-03
6.90115516216520009e-01
2.88679918617786675e-03
6.86598875562691058e-01
2.63759925762375698e-03
6.85831375014050115e-01
2.05707712017522875e-03
6.98756850117346562e-01
5.57192361013535489e-03
6.95606320470885997e-01
5.30026559235915757e-03
6.92766556664603961e-01
4.69011118006761908e-03
7.06501242734518309e-01
5.72501513726336123e-03
6.94020436343746105e-01
5.26510838384237553e-03
7.07932075623796564e-01
5.78505433017718375e-03
6.86965049575371967e-01
-1.69026765545208591e-03
6.81137135027786722e-01
-8.31919032395219077e-04
6.85937656039058985e-01
-1.84786209946790486e-03
7.07548740022106215e-01
5.85522015760971820e-03
7.03670815373828806e-01
5.69416013132947093e-03
6.97546692822735515e-01
5.48771248382474725e-03
7.08117684049141771e-01
-5.80095915599997559e-03
7.06502516380028034e-01
-5.72601095916296706e-03
6.96859909506827413e-01
-5.40085317488050911e-03
7.07280781519261326e-01
-5.76248781581353148e-03
6.94020974194589191e-01
-5.26443635388149696e-03
7.06778001260704669e-01
6.19236581595157543e-03
7.03907930471574073e-01
5.97645466359233903e-03
6.97815846401647732e-01
5.71260954212675972e-03
6.75681277833296345e-01
-1.95961237716670976e-04
6.72813932193727982e-01
-1.40564721007354357e-04
6.72022115827896172e-01
-2.84285646192023508e-04
6.74083077385720708e-01
-1.97227676455678189e-04
6.70269180821762012e-01
-1.34445355769680552e-04
7.06249883811565837e-01
-6.27431363050698181e-03
6.97818434036166835e-01
-5.73009330585345488e-03
7.02925867305844720e-01
-6.12158275842747401e-03
7.07087016896086662e-01
-5.78144278343115624e-03
6.79327276263897772e-01
8.02400514530765449e-05
6.75768521003430434e-01
-9.76889819521537482e-05
6.77335631817512773e-01
-1.18102184008166413e-04
6.74474772609571005e-01
1.62665094453295901e-05
6.73577769215915945e-01
-6.09568182590468951e-05
6.72411931167472998e-01
7.49216557086048953e-05
6.83656015046518073e-01
7.85130704248219406e-04
6.79499936033895580e-01
4.93709972287862688e-04
6.81446535820813160e-01
3.84688797002012239e-04
7.06067158885286816e-01
-6.58829367260633375e-03
7.01201894666201531e-01
-6.04865105439463240e-03
6.99702931748924728e-01
-5.93533688196803706e-03
7.05670757099529533e-01
-6.52468431163923286e-03
6.98050797533479206e-01
-5.35263606395092531e-03
7.00941595854434940e-01
-5.92294228194295818e-03
6.78848837382690529e-01
1.10537050287301659e-05
6.76324023495998516e-01
1.75533699798440700e-04
6.78587347572651600e-01
-3.32852636102491526e-05
7.06120663979722063e-01
6.59379250299142825e-03
7.03421010928892976e-01
6.29500484456765614e-03
6.99293932418814101e-01
5.84964670416536752e-03
6.89477892493721711e-01
1.96938616459678027e-03
6.85625621959379927e-01
1.59836203742131440e-03
6.86545169948622247e-01
1.33418315220262254e-03
6.99445124401658180e-01
-4.68924665475727726e-03
6.91918171902384693e-01
-3.19898656558370012e-03
6.97776552798170635e-01
-4.60923695247741037e-03
7.14174321282358138e-01
-6.13823779185814454e-03
7.05136282905308165e-01
-5.79993565276588820e-03
7.09406833984620899e-01
-6.02002296178496057e-03
6.99829502823910210e-01
4.87910046828700459e-03
6.96593864258034268e-01
4.51816599111465062e-03
6.94969965022589786e-01
3.84710040214217763e-03
6.88272769539026830e-01
-1.40097298181807834e-03
6.82995064980270850e-01
-5.97133336777312868e-04
6.87893152321542911e-01
-1.54423101684339915e-03
7.14705539851158145e-01
6.19030606765436694e-03
7.11116680615713759e-01
6.01571503997055338e-03
7.04630238372722206e-01
5.83429114679319925e-03
7.04494958197731336e-01
6.20399675542196525e-03
7.01662621439149703e-01
5.86676298821620697e-03
6.98890884008571689e-01
5.20315683695666675e-03
7.11724451137993541e-01
6.66159053384421818e-03
7.09252219700347131e-01
6.41192017726162963e-03
7.03355897170808486e-01
6.14928309155362163e-03
6.77851832989648906e-01
2.32252126202099062e-05
6.76101836880267371e-01
5.53922561835251933e-05
6.76189124183892210e-01
1.40098947717484066e-04
7.13692918641026575e-01
-6.50036990532792177e-03
7.05050015824903453e-01
-6.03637424477354492e-03
7.09992877192277438e-01
-6.40805781118837601e-03
6.97222085384819446e-01
3.71825833975572215e-03
6.93752874889545512e-01
3.24842022844660464e-03
6.93322618013387459e-01
2.79540763361922281e-03
6.76688183513925900e-01
-6.55171040901988250e-05
6.76161415526467247e-01
-1.40128627100283076e-04
6.75490064188283945e-01
-4.29280469369087051e-05
7.00073865164605680e-01
-4.38154217922826633e-03
6.93357195491287825e-01
-2.86325986893453364e-03
6.99944509037468077e-01
-4.56113790572385425e-03
7.14223366146926497e-01
-7.17048096573973982e-03
7.10208030862021333e-01
-6.93631959444627848e-03
7.06869717224838823e-01
-6.51204762130292315e-03
7.11261467405694403e-01
7.29822046909164423e-03
7.08709895773410925e-01
6.92241499287215255e-03
7.05043750643891465e-01
6.45923791110174662e-03
6.84658457925881092e-01
-6.86129487044491817e-04
6.81645552384726350e-01
-2.62404283026798548e-04
6.86507847876718702e-01
-1.02212971418126869e-03
7.12013530261555005e-01
-7.52944101598787986e-03
7.04017314308874820e-01
-6.02750204822198078e-03
7.08863030482400958e-01
-6.97969822407212316e-03
6.80723418390751234e-01
-2.02936249491075121e-04
6.79087709981357035e-01
-4.48288792174892444e-05
6.79975711834374663e-01
-6.87056221044822138e-05
6.83712677502692046e-01
5.42087739865778251e-04
6.80783373760264654e-01
1.86072117102835502e-04
6.81560835534227305e-01
2.73055745449528407e-04
6.82189454778608595e-01
3.32829270319209760e-04
6.78289949600578312e-01
-6.32122324189635142e-05
6.89885424174789486e-01
1.68493139869536662e-03
6.86886894690812322e-01
1.15078086078441002e-03
6.86664034844547633e-01
1.04088731951427755e-03
7.16081406554330502e-01
7.22347925647797654e-03
7.13907113229865220e-01
6.92369203102700340e-03
7.08416172811526246e-01
6.66682694676209563e-03
6.79356466145902727e-01
9.45663805299050468e-05
6.80004802833181654e-01
1.30475579669106918e-04
6.77996246254140011e-01
-1.70395354105411630e-05
6.78160363466506433e-01
2.93353440508959462e-06
6.77411225187517618e-01
-1.44727121436502511e-05
6.77888393349476148e-01
5.83079491573902949e-07
7.21220828173413042e-01
6.57458281434350911e-03
7.17956093564034004e-01
6.37096245124641348e-03
7.11148045121197114e-01
6.21923899429483069e-03
7.10121830454151115e-01
7.12404154945593671e-03
7.07355697633548774e-01
6.62567290539858855e-03
7.04996644428278363e-01
5.99344312764470491e-03
7.05980701246206821e-01
5.93665974549504368e-03
7.02984898995798413e-01
5.34916709876376729e-03
7.01596183491546843e-01
4.79354287296102251e-03
7.17900942223484551e-01
-8.09503224304863531e-03
7.11873340710755698e-01
-7.39226155676528125e-03
7.11968321336567622e-01
-7.28329070499357349e-03
6.96652580958505907e-01
3.31736657383592710e-03
6.93214668348118290e-01
2.51276799235203253e-03
6.93197588118935615e-01
2.44404897961103106e-03
7.21986726973060766e-01
-6.62781149618952344e-03
7.13296876960143322e-01
-6.26302716717710550e-03
7.17855107934530889e-01
-6.57899927846051797e-03
6.98338421686488187e-01
-3.74488249164204191e-03
6.93138398918442977e-01
-2.43478787323907556e-03
6.99434756901136545e-01
-4.08242409515116155e-03
7.23716702849283355e-01
-6.32118238136795095e-03
7.14896486862290237e-01
-6.06429105674565795e-03
7.18954920589331747e-01
-6.23654265164211730e-03
6.84136455745273486e-01
-7.23930779995700206e-04
6.82325238559613467e-01
-4.21814341851083638e-04
6.84495491534141909e-01
-6.93145408231940594e-04
7.24637245066800051e-01
6.33243059042170806e-03
7.17001884365511821e-01
6.09695978807987555e-03
7.16107688548122678e-01
6.11730778775469806e-03
7.16099511113018505e-01
8.20283855016973144e-03
7.13708633663130310e-01
7.71764362324324146e-03
7.10330415857344355e-01
7.22522041357937569e-03
6.79279779769807246e-01
1.13490410183206600e-04
6.79298816507329040e-01
1.09860048432505031e-04
6.78633592058074275e-01
3.29747199060438420e-05
7.21924271778839333e-01
-7.37127105546417187e-03
7.14080262501875951e-01
-6.81267619844463761e-03
7.18110551157278509e-01
-7.30747113926666012e-03
7.14346933214218049e-01
-8.07560842141356351e-03
7.06931987748938728e-01
-6.36085484350171898e-03
7.13263064700371485e-01
-7.79744674765537552e-03
7.20121924528730584e-01
7.92040504255065239e-03
7.18109138218161802e-01
7.54787601746514849e-03
7.13153367494323898e-01
7.30207521791812874e-03
7.03482281886397054e-01
5.22358284585983188e-03
7.00480375912539088e-01
4.35372135798867653e-03
7.00062504158775689e-01
4.24473037632425425e-03
6.87870445514225937e-01
1.54425760727971051e-03
6.84074092076189189e-01
8.39641314434560549e-04
6.85865957594796294e-01
9.48509601221121114e-04
6.85882983648957834e-01
1.16480059490977283e-03
6.82418659665416372e-01
4.54940449170530012e-04
6.88734095142087943e-01
-1.66815995889862565e-03
6.93044933294117316e-01
-2.71379768737804380e-03
6.86725695603986330e-01
-1.10287837515370829e-03
6.90825353183150193e-01
-2.16109926600892331e-03
6.90886300782755813e-01
-1.92106989335064158e-03
6.86319647000288025e-01
-1.14420620121646758e-03
6.81801045155052465e-01
5.25926067343371025e-04
6.82870075675288679e-01
6.72315181293074780e-04
6.80544408319224137e-01
2.64283601885878299e-04
6.80600076661966535e-01
-3.77480184191654954e-04
6.82190820421698763e-01
-6.90285913597823162e-04
6.79354347988980534e-01
-1.19322578447429991e-04
6.81316698953812416e-01
-5.24818872765953938e-04
6.81588079329164764e-01
-4.06274337449339176e-04
6.79580582738244510e-01
-6.00972180354145699e-05
6.78945183610598413e-01
-1.64819520003783775e-05
6.79906955841941718e-01
-2.18003960167993243e-04
7.25579259400320309e-01
6.98108527925079755e-03
7.23397052384149530e-01
6.76320871722876742e-03
7.16196616686821108e-01
6.63200216529943962e-03
6.92645590192086602e-01
2.60177290167909513e-03
6.91338280177833164e-01
2.08357163765318610e-03
6.90192685202781542e-01
2.04014624704951372e-03
6.80882930394415498e-01
4.64370249365001386e-04
6.81318274443077021e-01
5.00691249434369475e-04
6.80040375486404169e-01
2.49281851329914944e-04
6.85324989409891061e-01
-1.49945815039834607e-03
6.83636530316806934e-01
-1.04651764956609455e-03
6.84864685520522820e-01
-1.05068852020562807e-03
6.79975055348434498e-01
1.77169247404516765e-04
6.79680196237514855e-01
1.59794003970373423e-04
6.79716859371800153e-01
4.10625385651062903e-05
7.15063191872870485e-01
8.38905815840880476e-03
7.12667808861759733e-01
7.69734065671163255e-03
7.10540677084670835e-01
7.15787092179310126e-03
7.13155681259008301e-01
-7.95104313154625965e-03
7.06522965213251641e-01
-6.04228232088303060e-03
7.14045778921454155e-01
-8.07683781690605312e-03
6.97502473253245769e-01
-3.98360808710870873e-03
6.95229010201610320e-01
-3.32268958381297429e-03
6.98260990029192397e-01
-3.82743805781302852e-03
6.99126894261198673e-01
4.40769804868396120e-03
6.97972519345583908e-01
3.80107599789096138e-03
6.95809013861942827e-01
3.45377423306069287e-03
7.32235352542671025e-01
-6.43609572264932078e-03
7.27983394110057747e-01
-6.37696410433003305e-03
7.20179972147522607e-01
-6.16282460783060867e-03
7.23896351967247331e-01
8.79744154550369216e-03
7.22021528021475567e-01
8.32775442343464470e-03
7.17614440817374022e-01
8.09767395445268150e-03
7.11440579651275384e-01
7.72856578319341611e-03
7.08850269178917025e-01
6.71171095487851314e-03
7.07444067307481328e-01
6.44592211000200206e-03
7.20305633437519632e-01
9.31151038351852450e-03
7.18240127450928467e-01
8.71568799125313834e-03
7.15250873279862365e-01
8.24505432440648944e-03
6.80732241182547271e-01
5.52860601247324242e-04
6.80826161306822386e-01
5.16653922356021911e-04
6.80304376531451371e-01
3.39910131796786555e-04
6.89140227427976093e-01
-2.65487363591902607e-03
6.87125167001153669e-01
-2.03050889698826089e-03
6.89109314493548064e-01
-2.08082961138962097e-03
7.27785872756345542e-01
-8.61073452451254460e-03
7.22922545796411575e-01
-8.44096909198964462e-03
7.20992191368221236e-01
-7.85735940973881185e-03
7.05827137189064535e-01
-6.16893596884800829e-03
7.01991358823577327e-01
-4.81933115566259007e-03
7.10063958577899390e-01
-7.19400395477711851e-03
7.31325967109515807e-01
-6.69604173173802587e-03
7.22744644088086807e-01
-6.43504124463436297e-03
7.26667918562436066e-01
-6.67230297324742944e-03
6.85901082363181147e-01
1.80050510553278367e-03
6.83634866386595319e-01
1.35508997528670781e-03
6.85042207800397929e-01
1.24992825214642373e-03
6.84716621454080188e-01
1.57509986096072952e-03
6.82746886753168858e-01
8.70641653604510264e-04
7.29881734228279289e-01
-7.36602325885463496e-03
7.21782541043382020e-01
-6.93967487623347364e-03
7.25925352654510858e-01
-7.39073880873529054e-03
6.82375199937078736e-01
1.12991148346611647e-03
6.82978031926892215e-01
1.24630807120228323e-03
6.81615945273506774e-01
7.43470699627271463e-04
7.29005782666280799e-01
7.48657058305482546e-03
7.27292058874726810e-01
7.21472690840853012e-03
7.20384640269269516e-01
7.12395326859624391e-03
7.31299485540210070e-01
-6.40064029895582448e-03
7.31744551233517115e-01
-6.41413313200222841e-03
7.18923179459789230e-01
-6.11096463425216466e-03
6.89632992281969504e-01
2.96094941262589314e-03
6.88875716374059310e-01
2.13707618653489377e-03
6.87668693601186098e-01
2.34355639619166856e-03
6.80206190893618001e-01
-2.07415296376491673e-04
6.80688533996506306e-01
-5.52950292202078150e-04
6.79939229192674799e-01
-1.11538444152356863e-04
6.80395601682874163e-01
-3.79685970549650516e-04
6.80689472368398385e-01
-4.77611212356612727e-04
7.30238810742310340e-01
-1.02999952734033774e-02
7.21291846535850989e-01
-9.11933865234553290e-03
7.24042922042433368e-01
-9.09385120450106194e-03
7.34580333288876508e-01
6.47096295927426530e-03
7.31299633170949481e-01
6.40115507390622007e-03
7.22030113736014334e-01
6.20897131207916956e-03
7.18924507519557610e-01
6.11022971607362835e-03
7.32918371782052436e-01
6.43486403158978048e-03
6.93844274332909183e-01
-4.22145137678693778e-03
6.91393390674228780e-01
-3.39407253685732524e-03
6.93640445359396063e-01
-3.34715988277626457e-03
6.80450886664458188e-01
4.36009071482922940e-04
6.80303668630720115e-01
2.89391771424637773e-04
6.80257118177320597e-01
2.65118343917037547e-05
6.81666448012260506e-01
1.07504003687864140e-03
6.82011226878982635e-01
1.11173612348827115e-03
6.81165316179128455e-01
7.84493663143010812e-04
7.06382789789246623e-01
6.84358867338242301e-03
7.05069837268214039e-01
5.93070611064736887e-03
7.02688182344889833e-01
5.57523034299727341e-03
7.34352062666650096e-01
6.66739372291627521e-03
7.29478254001533211e-01
6.49406627969116752e-03
7.24541394807059591e-01
6.46755150429574252e-03
6.94788523788711143e-01
4.28658093269189498e-03
6.93837244524401431e-01
3.31459902576389199e-03
6.92134273017972479e-01
3.60265308767057819e-03
7.02653567368157872e-01
-5.62225944827705881e-03
7.00035941404320572e-01
-4.77853749443977495e-03
7.04346629728449414e-01
-5.90473642532848668e-03
6.82349387577679489e-01
-1.83514693129934836e-03
6.83464517340846789e-01
-2.38270880254745025e-03
6.81598661480841028e-01
-9.02149101193131875e-04
6.82877166840322625e-01
-2.10782304950288052e-03
6.83032315826019976e-01
-1.32046200127952087e-03
6.81469394671904038e-01
-1.35967400369452207e-03
6.81077657670356995e-01
-8.94655572575995791e-04
6.81872611899024594e-01
-1.60354027478908480e-03
6.84805456098936727e-01
-2.97984656206248897e-03
6.84108426013849469e-01
-2.67995440517265109e-03
6.85272352758048653e-01
-2.10299421070988439e-03
6.80832712924943073e-01
8.94028686110538880e-04
6.80833221567022306e-01
7.06084737695912004e-04
6.80609318496650406e-01
6.63286216957178478e-04
7.27368998873002992e-01
9.89583431979040688e-03
7.25651499028513003e-01
9.30643874797627661e-03
7.21774615947334164e-01
9.10589246522418121e-03
6.97583897069391723e-01
-5.18984051031479154e-03
6.95692814771514900e-01
-4.70056952796863922e-03
6.97704308623823932e-01
-4.50570168906371579e-03
7.00738254930664439e-01
6.25234523929416551e-03
7.00077761676523025e-01
5.20518957629086641e-03
6.97685058840607386e-01
5.23867151660248852e-03
6.80450698130339093e-01
-4.40830474819642337e-04
6.80833564994363427e-01
-8.94385309557475501e-04
6.80610204479116354e-01
-6.66630510383928133e-04
6.80795481641261024e-01
-7.12894734610114867e-04
6.80356400635103720e-01
-3.07138783770426476e-04
6.81466912851162121e-01
1.36145368266152290e-03
6.81584948410349001e-01
1.21389758643136161e-03
6.81118234373380704e-01
1.12579231387133997e-03
7.19449857545491733e-01
1.04458359925604979e-02
7.17409548277698872e-01
9.29517185173524274e-03
7.15441889842919121e-01
9.07920029411936856e-03
7.31830933810054818e-01
8.12471890038246949e-03
7.30420290111487902e-01
7.78174178598037974e-03
7.23977515020177376e-01
7.72883912888809588e-03
6.80323596829169985e-01
5.27518713905165392e-07
6.80275245383552551e-01
-1.40589234536636740e-04
6.80356403834019519e-01
2.18805116514638083e-04
6.80355787078064322e-01
-2.20025439717695654e-04
6.84812268897057375e-01
2.96441910038498964e-03
6.83464997933963314e-01
2.38923875528086749e-03
6.84281624509710529e-01
2.02418430908402319e-03
6.84109670504004175e-01
2.67541031142769356e-03
6.82941951332493358e-01
1.66141812791722196e-03
6.86377369594281639e-01
3.58878678198577697e-03
6.86271835118145934e-01
2.54525719613941069e-03
6.85566911617445762e-01
3.27530060363416227e-03
6.81120610270448901e-01
-1.12614306054895693e-03
6.82346551133674484e-01
1.85785570906365854e-03
6.82875981853842573e-01
2.12331284144849294e-03
6.82008105085686211e-01
1.42193927446123141e-03
7.24639355131443508e-01
1.10438325909041068e-02
7.22549773941262519e-01
1.00960394831872500e-02
7.19862922404822525e-01
9.72626250515088581e-03
6.86375606186909182e-01
-3.58778517033871971e-03
6.88142723654918353e-01
-4.28263011687116113e-03
6.86017453267045108e-01
-2.33101534785095169e-03
6.87235587432499018e-01
-3.93454419357298565e-03
6.88825040281545453e-01
-3.33832747607688048e-03
6.91972579327150172e-01
3.96471432017710124e-03
6.93393055716428286e-01
4.12409126682629617e-03
6.90773687717832430e-01
3.44093222867048690e-03
6.85565543328007676e-01
-3.28078430023520705e-03
6.81876783137451814e-01
1.60771552298998271e-03
7.00896482795337339e-01
-6.27733278667440362e-03
7.01960829200400815e-01
-5.90135215819809385e-03
6.99221394714143352e-01
-5.72576639488574495e-03
6.88143820576020082e-01
4.27781587200628133e-03
6.89033927873658358e-01
3.53249222883252707e-03
6.87236563747566032e-01
3.93203668419512143e-03
7.13278797450946023e-01
9.31928602095449463e-03
7.12509287607743458e-01
8.43845226673012663e-03
7.09808577623703640e-01
8.06482533225562868e-03
6.80456807103235972e-01
5.56391874426483634e-04
6.80333971194177822e-01
-1.14804138682308688e-07
6.80364238621668727e-01
2.77688994057301644e-04
6.80334924547289166e-01
-5.07910161584639559e-07
6.80460273369521418e-01
4.94597677403602770e-04
6.80456932911448709e-01
-5.57155553185247976e-04
6.80364395419045476e-01
-2.78362376716963006e-04
6.80460524092281638e-01
-4.96085820381363053e-04
6.80825568156305128e-01
1.12222428097329520e-03
6.80610678834342009e-01
8.38942714081537138e-04
6.80836449951059852e-01
1.00085380884480093e-03
6.80825711563098346e-01
-1.12156426523839638e-03
6.80610658819329473e-01
-8.39045948889452758e-04
6.80836724751545441e-01
-1.00130197705737209e-03
7.28072508653975548e-01
-1.11287873457159726e-02
7.21271520053754167e-01
-9.67456629549746407e-03
7.29305865492861916e-01
-1.07428558909791212e-02
6.81437457601619667e-01
1.70336057336184466e-03
6.81101126663113510e-01
1.41219895488018852e-03
6.81459710561536425e-01
1.52357682237053171e-03
6.81436472230818158e-01
-1.70181432536374230e-03
6.81100803219527484e-01
-1.41104068662541052e-03
6.81460613726470377e-01
-1.51913005262687101e-03
7.07368765489209239e-01
-7.66381608315937213e-03
7.11491651233875699e-01
-8.54468083097817757e-03
7.04970552724816346e-01
-6.59207658559369039e-03
7.09520112538631897e-01
-8.11985129965639776e-03
7.08611794365684333e-01
-7.28065978315627169e-03
6.90109734567384447e-01
5.01442416959983761e-03
6.91136270353419846e-01
4.43833793246963763e-03
6.89102541791392409e-01
4.64303173218887956e-03
6.90108730855017449e-01
-5.00954347153562476e-03
6.89762002020209097e-01
-3.63796610399269712e-03
6.89103234059660896e-01
-4.64330665293922768e-03
6.92245442873120509e-01
-5.81533478437975745e-03
6.91156056259163765e-01
-5.41273307852211880e-03
6.93214922663458966e-01
-4.90860913790147711e-03
6.82287069685681313e-01
2.30783163375371508e-03
6.81832338182533526e-01
2.00451651953916258e-03
6.82325686674976728e-01
2.07085500727385938e-03
6.82284862774552248e-01
-2.30468171460784625e-03
6.81831314053591986e-01
-1.99961122020680645e-03
6.82324431114426755e-01
-2.06246145137599628e-03
7.18670086883092529e-01
-1.03013765895499289e-02
7.15956407272433704e-01
-9.00528483398100460e-03
7.15349348502278160e-01
-9.51238447416752168e-03
7.07077026194291469e-01
8.48684098426957106e-03
7.06862553864393672e-01
7.57686947195280146e-03
7.03859103420800047e-01
7.35404699731586307e-03
6.83367324548196042e-01
2.94175525528091522e-03
6.82798153550247422e-01
2.62300230098538693e-03
6.83426039243409833e-01
2.65119305430162530e-03
6.83367877281894853e-01
-2.94008710961146192e-03
6.82798189688797241e-01
-2.61999230366733154e-03
6.83427096879354656e-01
-2.64838175244475971e-03
6.92248594550425644e-01
5.81343129499579253e-03
6.93754809937466632e-01
4.92040688868749035e-03
6.91151900216547044e-01
5.41420417051244416e-03
6.84670621612551544e-01
3.61209811509971166e-03
6.83990919498533079e-01
3.27503677979813302e-03
6.84752936720996686e-01
3.27152855253899427e-03
6.84670656719368442e-01
-3.61312146653617987e-03
6.83991289589208740e-01
-3.27527015327141882e-03
6.84750746595203741e-01
-3.27486832207992242e-03
7.36464688477249774e-01
-8.46832241380945407e-03
7.29187458900352414e-01
-7.91964343572767321e-03
7.32169535686206796e-01
-8.58464671062952010e-03
6.80419428971975826e-01
6.94065491478372326e-04
6.80301651171368427e-01
9.30078807862174867e-08
6.80330880802146321e-01
3.46996692385493906e-04
6.80321960589374219e-01
-9.08654549503382427e-08
6.80442571967827092e-01
6.21807505021285904e-04
6.80419232059545687e-01
-6.93731422367251799e-04
6.80330816132707739e-01
-3.46754522407100442e-04
6.80442529530971729e-01
-6.21759038362458658e-04
7.04377706566758022e-01
-7.85534057684870654e-03
7.02607229486586715e-01
-7.04513817278930223e-03
7.06017912239706225e-01
-7.73985225562646637e-03
6.80771573580782108e-01
1.39432378194740119e-03
6.80565952017453735e-01
1.04387449081073903e-03
6.80803594654368793e-01
1.25105842310392580e-03
6.80771042210861155e-01
-1.39338577915945139e-03
6.80565639481725548e-01
-1.04329001390630048e-03
6.80803351186866967e-01
-1.25032343458381968e-03
6.86186977255400232e-01
4.32398112843307425e-03
6.85401810188337346e-01
3.96585653136729936e-03
6.86295040564430359e-01
3.93924619117362422e-03
6.86186489592710558e-01
-4.32465643074590820e-03
6.85400243992556946e-01
-3.96738189645649136e-03
6.86292962681081753e-01
-3.94176862976275237e-03
7.38271373462339398e-01
-7.24821535924917437e-03
7.30123994981565438e-01
-6.95452631381320192e-03
7.34090591877374243e-01
-7.31842370620287407e-03
6.81355573182830576e-01
2.10644457189677892e-03
6.81034374449559166e-01
1.74993398656699776e-03
6.81402421003811987e-01
1.89439928204030599e-03
6.81354565379766353e-01
-2.10473269203869957e-03
6.81033655611279487e-01
-1.74863206989979295e-03
6.81401222062440470e-01
-1.89258712303038931e-03
7.26579616492401437e-01
-1.19347199786068343e-02
7.19908653857678882e-01
-9.98004267581367385e-03
7.27542017815207998e-01
-1.15609255704410153e-02
7.34299537000276281e-01
8.90133493157919606e-03
7.33068902037989578e-01
8.48527242647036106e-03
7.27236150233190992e-01
8.47374852396255533e-03
7.30587341257251888e-01
1.13092032537308474e-02
7.29009233370412679e-01
1.05484025330554784e-02
7.25481367071719396e-01
1.03659375370873108e-02
6.82167348931701389e-01
2.83595620913951402e-03
6.81732812324891579e-01
2.47068469658207708e-03
6.82234339539746659e-01
2.55809680602801922e-03
6.82166788381755373e-01
-2.83431309907772625e-03
6.81731709401315000e-01
-2.46940212910473156e-03
6.82233178093707093e-01
-2.55614823817973619e-03
6.94548692026709102e-01
6.66763423957897079e-03
6.94866302356794474e-01
5.28944595738098117e-03
6.93378994783581448e-01
6.23800470801981043e-03
6.94548272015646839e-01
-6.66792908467408584e-03
6.96996435769031031e-01
-7.57931287136561545e-03
6.94318189676890851e-01
-5.28172648770923805e-03
6.95751821010569094e-01
-7.12305164931420574e-03
6.97497014298041007e-01
-6.20811307660462663e-03
6.93377227428344067e-01
-6.23933037263992973e-03
6.87904004324287777e-01
5.08127585701328294e-03
6.87019606878075728e-01
4.70086470981955634e-03
6.88039738028869641e-01
4.65788901555115945e-03
6.87903289748856062e-01
-5.08264414913960245e-03
6.87018761270028477e-01
-4.70186565836456551e-03
6.88039241703281124e-01
-4.65900315118732058e-03
6.83201124560989248e-01
3.58800201698069709e-03
6.82656177205554715e-01
3.21145889455204002e-03
6.83292976777923666e-01
3.24824845664708432e-03
6.83201255024236787e-01
-3.58735535828515889e-03
6.82655703572112360e-01
-3.21044807675181917e-03
6.83293186040396683e-01
-3.24737886634210481e-03
7.41184949418324579e-01
6.60890463334694311e-03
7.37863758822862259e-01
6.53749936984914307e-03
7.32921194218400185e-01
6.49627326830480144e-03
6.96991020662036109e-01
7.57755951752077297e-03
6.96008065397785258e-01
5.68279842415501252e-03
6.95751880821443902e-01
7.12110159436847318e-03
6.84449624310401683e-01
4.36714208120176674e-03
6.83798049251560180e-01
3.97701643532253485e-03
6.84570692738503905e-01
3.97037449701813632e-03
6.84449401851540795e-01
-4.36727442103125498e-03
6.83798145035189431e-01
-3.97671274480089054e-03
6.84570791046417382e-01
-3.97049347103932328e-03
6.89809641150260888e-01
5.88554401444441912e-03
6.88832019052286859e-01
5.48228178322374572e-03
6.89976630214083952e-01
5.42891130179536021e-03
6.89810140511909253e-01
-5.88573179225262370e-03
6.88831346386072463e-01
-5.48267708144880173e-03
6.89975473596162625e-01
-5.42860084043565207e-03
7.40342240342246272e-01
-6.69417969088776689e-03
7.32022566563982680e-01
-6.52845203752595426e-03
7.35843700556553126e-01
-6.69847693161338114e-03
6.99565928074439958e-01
8.54730704939847888e-03
7.00382399685840706e-01
7.23650610635468740e-03
6.98262374589280532e-01
8.06504926168717141e-03
6.80358467191833682e-01
8.55163773241921703e-04
6.80247718596537099e-01
3.15110198010484360e-07
6.80275207318087771e-01
4.27735007217881292e-04
6.80276322891422702e-01
2.17125022649180405e-07
6.80390808797340374e-01
7.70462013717113244e-04
6.80358158240153221e-01
-8.54460502133016944e-04
6.80275050891706701e-01
-4.27091173824302385e-04
6.80390543955497362e-01
-7.69892068554127321e-04
6.80689765717947926e-01
1.71369625677889243e-03
6.80496371110235310e-01
1.28446221841041204e-03
6.80733225504647432e-01
1.54572303501756582e-03
6.80689141555034682e-01
-1.71283830793104433e-03
6.80495886104674930e-01
-1.28367426152778343e-03
6.80732599091046442e-01
-1.54479500766361720e-03
6.85904296222903831e-01
5.17696846702200755e-03
6.85150555134921402e-01
4.77160362179532109e-03
6.86058261131249236e-01
4.72899339994435012e-03
6.85903554934121584e-01
-5.17735010981852650e-03
6.85150278255369671e-01
-4.77172893963099653e-03
6.86057571399816490e-01
-4.72964686822006583e-03
6.99567221139406947e-01
-8.54613278758292565e-03
7.00473771548425161e-01
-7.24582715190540995e-03
6.98263531946401339e-01
-8.06250267853086955e-03
6.81239594133014603e-01
2.57936728966931669e-03
6.80937176233366914e-01
2.14659375480593393e-03
6.81301256652459553e-01
2.33067535600167642e-03
6.81238770194862120e-01
-2.57849426625034878e-03
6.80936393265254902e-01
-2.14567199176368207e-03
6.81300379912271770e-01
-2.32945813139032610e-03
6.82004612033676239e-01
3.45539674241871712e-03
6.81594962038110874e-01
3.01748229574214837e-03
6.82091181927580004e-01
3.12974045646005790e-03
6.82003883795115229e-01
-3.45474418958809874e-03
6.81594181837996027e-01
-3.01658300828137492e-03
6.82090530359593106e-01
-3.12873139718135729e-03
6.91890487489117190e-01
6.73753938036648122e-03
6.90827740281327762e-01
6.30996938948939681e-03
6.92088349499794364e-01
6.25251573506891908e-03
6.91891263642584464e-01
-6.73817654732685681e-03
6.90827368650368756e-01
-6.31048257370562127e-03
6.92088062965547257e-01
-6.25261327812210495e-03
6.87554939326463832e-01
6.01991259515171923e-03
6.86704292679174766e-01
5.59806482303387958e-03
6.87744453023596103e-01
5.52706086163065255e-03
6.87554253064666665e-01
-6.02040428636018733e-03
6.86703694889106764e-01
-5.59855975766201421e-03
6.87743853012360962e-01
-5.52770845631415150e-03
7.41960434626032117e-01
7.03010680294469895e-03
7.38146945646513619e-01
6.83523066919018187e-03
7.31602474387633928e-01
6.85457539249821352e-03
6.82980207519773397e-01
4.34467053577471899e-03
6.82465772045060315e-01
3.90018983590040410e-03
6.83097764189979029e-01
3.94700840254430876e-03
6.82979877205944330e-01
-4.34432859594010862e-03
6.82465333300815824e-01
-3.89965171000011780e-03
6.83097629110369087e-01
-3.94654443728141308e-03
7.20589906846764605e-01
1.19922378408695157e-02
7.20142260672958168e-01
1.11576216681097459e-02
7.16939757370452346e-01
1.06685853790823380e-02
6.84160602727489020e-01
5.24961537893540824e-03
6.83544390099709687e-01
4.79741267940656663e-03
6.84314456252734571e-01
4.78601076794322750e-03
6.84160401662059048e-01
-5.24953493671149150e-03
6.83544186135770282e-01
-4.79722377416542684e-03
6.84314263910749787e-01
-4.78596186240937919e-03
7.13511882622915650e-01
1.10832871053443555e-02
7.13551092797580777e-01
1.01137197311496358e-02
7.10252009477587598e-01
9.77552977165652322e-03
6.89390779937896991e-01
6.89706715791310685e-03
6.88448679176049128e-01
6.45825983927101731e-03
6.89617412041665268e-01
6.36623039959114019e-03
6.89390295534967779e-01
-6.89761378806579700e-03
6.88448173741504466e-01
-6.45885479689178171e-03
6.89617306978875355e-01
-6.36682419145296989e-03
6.94134221942359630e-01
7.63647463638067285e-03
6.92990822335726842e-01
7.18662560645399150e-03
6.94362233490101732e-01
7.12872382116143920e-03
6.94134012003971068e-01
-7.63721447707487594e-03
6.92990548261535055e-01
-7.18721450743943589e-03
6.94361954554509331e-01
-7.12963678110627077e-03
7.27042914272150398e-01
1.28321675834192194e-02
7.25942975464439422e-01
1.18662489324345959e-02
7.23295352003802017e-01
1.16902323720218977e-02
7.15319937641234249e-01
-1.06609756116440163e-02
7.11032811646147178e-01
-9.69903455315994888e-03
7.13389853448983979e-01
-9.55030344027768020e-03
7.09178573625014685e-01
-8.63601175041696020e-03
7.13240044237875015e-01
-1.01946051501389263e-02
6.80297263478892078e-01
1.04387957771013423e-03
6.80195139069711630e-01
4.35585688656094542e-07
6.80220575721111387e-01
5.22257603327590724e-04
6.80219914253936797e-01
3.79181548145685632e-07
6.80326632845935975e-01
9.44676321972953053e-04
6.80296911836154705e-01
-1.04300797350520016e-03
6.80220398499801759e-01
-5.21383045429278224e-04
6.80326293474168398e-01
-9.43885123378999285e-04
6.80602805592241511e-01
2.08795703318675465e-03
6.80424498218642704e-01
1.56621864675440012e-03
6.80645875073750406e-01
1.89121897046142244e-03
6.80602156695680471e-01
-2.08711254317717762e-03
6.80423989506416360e-01
-1.56535526666601397e-03
6.80645234649240094e-01
-1.89038195399574764e-03
7.07288982075265138e-01
-9.52372057820071588e-03
7.05812607622093413e-01
-8.66688842398249601e-03
7.09267844805646641e-01
-9.60593774864128801e-03
6.85538802490857746e-01
6.17197022562216042e-03
6.84824425510975110e-01
5.71122968231899727e-03
6.85733380430783579e-01
5.64945009087154323e-03
6.85538452563940748e-01
-6.17214671771584844e-03
6.84824103450670019e-01
-5.71131276822481326e-03
6.85732882321501980e-01
-5.64968913690408990e-03
7.02248182781981201e-01
-9.56425276465499609e-03
7.00891529779280598e-01
-9.05645117965168597e-03
7.03511448380286675e-01
-8.60399518257150796e-03
6.81110374793698292e-01
3.13322134652770827e-03
6.80831236550218599e-01
2.61110099206424704e-03
6.81175921462231049e-01
2.84210857306582687e-03
6.81109601707377887e-01
-3.13249466219856290e-03
6.80830505097248184e-01
-2.61031152640035791e-03
6.81175127746303399e-01
-2.84133545649896098e-03
7.02248307214938805e-01
9.56196844572620823e-03
7.01643704802968116e-01
7.69246296718292550e-03
7.00892516865022075e-01
9.05456252873833647e-03
6.81817676514490767e-01
4.18009565610669414e-03
6.81438944103091582e-01
3.65739265836124722e-03
6.81913920288291342e-01
3.79925475980523539e-03
6.81817040124239271e-01
-4.17960649173328754e-03
6.81438204140531356e-01
-3.65680094848349745e-03
6.81913254395228319e-01
-3.79870479950115275e-03
6.91400330973884203e-01
7.80896544586314693e-03
6.90372373539426487e-01
7.35325458732162887e-03
6.91665251763087907e-01
7.24704740862906586e-03
6.91399988377872532e-01
-7.80966193746161254e-03
6.90372231495928634e-01
-7.35384907887678182e-03
6.91665421767683530e-01
-7.24770048021086341e-03
7.27528854788161206e-01
-1.31166475362762703e-02
7.23169278812813565e-01
-1.17816680410249685e-02
7.27120809082993702e-01
-1.24974541692619064e-02
6.87106737995621053e-01
7.11275331459037749e-03
6.86298320051439759e-01
6.64304235642646391e-03
6.87345399497873211e-01
6.53906546344928345e-03
6.87106278575249640e-01
-7.11316728145765242e-03
6.86297843364484295e-01
-6.64333400447919553e-03
6.87344830198761247e-01
-6.53949940775575000e-03
6.82721518749608181e-01
5.22881072320399275e-03
6.82244871971047218e-01
4.70542440430301700e-03
6.82855932865352511e-01
4.76429677088712530e-03
6.82721114321916067e-01
-5.22859748688113933e-03
6.82244330669609989e-01
-4.70508749427698755e-03
6.82855550122495214e-01
-4.76402306868442364e-03
6.96522593929176259e-01
8.58213744910455573e-03
6.95307892787834003e-01
8.10887607264558843e-03
6.96779812980266811e-01
8.05720190362234530e-03
6.96522461242745416e-01
-8.58275200515116500e-03
6.95308325251795423e-01
-8.10960452427983078e-03
6.96781684318236283e-01
-8.05801314550305507e-03
7.05030433208713281e-01
1.06198765063309931e-02
7.06322943437477035e-01
9.40731365959722454e-03
7.03625272579492145e-01
1.00943963740041630e-02
7.36598438545650436e-01
9.92402481363229873e-03
7.35456293455326704e-01
9.37442460818939741e-03
7.30275375725530473e-01
9.43058495144329101e-03
6.83817828410780981e-01
6.27932989696113834e-03
6.83245391354391440e-01
5.75529514918878687e-03
6.83996968099426006e-01
5.73849101967966076e-03
6.83817508083575110e-01
-6.27934550145040678e-03
6.83245042173747152e-01
-5.75519955915874525e-03
6.83996699182945034e-01
-5.73845585040366063e-03
6.88855521378475610e-01
8.07225483919827777e-03
6.87957564677647793e-01
7.59347317145583033e-03
6.89140600243407953e-01
7.45571125157890556e-03
6.88855129945200151e-01
-8.07284119313561414e-03
6.87957092239548151e-01
-7.59395798938046832e-03
6.89140140582210292e-01
-7.45628982390528043e-03
6.93570723442521797e-01
8.75455228013384372e-03
6.92463719889868989e-01
8.28223863553390928e-03
6.93874356135064985e-01
8.16893152568943896e-03
6.93570599999780657e-01
-8.75537967314550351e-03
6.92463656321488652e-01
-8.28298583311820082e-03
6.93874243765517207e-01
-8.16967308736511223e-03
7.21769611354125762e-01
-1.24165289081005527e-02
7.18656499328215514e-01
-1.15903504661749226e-02
7.20259901613090725e-01
-1.12820313808922011e-02
6.80262445509555835e-01
1.26464361210116530e-03
6.80170938626151522e-01
5.73844877120880143e-07
6.80193784978040505e-01
6.32801178376858750e-04
6.80177736686651491e-01
4.97157227269590085e-07
6.80274883128544228e-01
1.14863078813844154e-03
6.80262101501106553e-01
-1.26354091364963886e-03
6.80193609236866781e-01
-6.31664280089312300e-04
6.80274531800377558e-01
-1.14766304153072693e-03
6.80536402266594842e-01
2.52569377894237748e-03
6.80376569892516270e-01
1.89573713492364104e-03
6.80565614028001864e-01
2.29567516782343750e-03
6.80535771952385793e-01
-2.52475178002706507e-03
6.80376066298310267e-01
-1.89469763569178923e-03
6.80564971975368138e-01
-2.29480528539239203e-03
6.85101680060803520e-01
7.33127519420352126e-03
6.84436002170858537e-01
6.80680221128662343e-03
6.85331004224763785e-01
6.72258568172761500e-03
6.85101288878625536e-01
-7.33148348745206371e-03
6.84435670357772641e-01
-6.80690806786885330e-03
6.85330641661449191e-01
-6.72276924634035780e-03
6.80992175921894205e-01
3.78073287759736389e-03
6.80741538924705347e-01
3.15415643661927933e-03
6.81048894780791558e-01
3.44051871688173501e-03
6.80991413736135254e-01
-3.78008732886596279e-03
6.80740810903838978e-01
-3.15334485868973757e-03
6.81048132453424326e-01
-3.43984389256385111e-03
6.99042004511545856e-01
9.57004790486779347e-03
6.97763547987897637e-01
9.07607860281162138e-03
6.99328197154898579e-01
9.03514967359645566e-03
6.99041846240967657e-01
-9.57099244066122491e-03
6.97764114155527526e-01
-9.07716570169397191e-03
6.99329007557236482e-01
-9.03585449865948118e-03
7.40912600336142702e-01
-1.01353287364893303e-02
7.35704015425417968e-01
-1.03537009768779990e-02
7.34337203008425754e-01
-9.37059943149058487e-03
6.81628712723914010e-01
5.02676753395973636e-03
6.81287851331487060e-01
4.40506676972596614e-03
6.81723014326914400e-01
4.58197823330852919e-03
6.81628028110515594e-01
-5.02646576107259116e-03
6.81287106350856986e-01
-4.40458338760827978e-03
6.81722358218980196e-01
-4.58157177076224265e-03
6.90775601277510476e-01
9.04991448320684004e-03
6.89793007542357173e-01
8.56235539507154732e-03
6.91108295952745588e-01
8.39928991943380242e-03
6.90775367172895671e-01
-9.05066130047204979e-03
6.89792638903816480e-01
-8.56303071894917375e-03
6.91108011998540883e-01
-8.40000493235296825e-03
7.05027076452870216e-01
-1.06227133241660592e-02
7.03622227083625318e-01
-1.00958833118195077e-02
7.06274838038458252e-01
-1.00229485945180167e-02
6.86567365202118141e-01
8.38389114327446963e-03
6.85811379027875589e-01
7.85937393679854088e-03
6.86851086474763672e-01
7.71676929493588654e-03
6.86566910605224567e-01
-8.38429503081886303e-03
6.85810965513141246e-01
-7.85968052118538561e-03
6.86850640692713843e-01
-7.71716564771822260e-03
6.82444528561035213e-01
6.26081033242818948e-03
6.82014241739167026e-01
5.64547799226231429e-03
6.82585582753656328e-01
5.71876903403980424e-03
6.82444043076336992e-01
-6.26075926041029952e-03
6.82013668656942573e-01
-5.64530901131402724e-03
6.82585134298640317e-01
-5.71862380477696376e-03
6.95889186706237894e-01
9.73199365570616773e-03
6.94709682064111544e-01
9.24433133812491495e-03
6.96230284267581268e-01
9.13022246357218965e-03
6.95889347022686788e-01
-9.73304917319689315e-03
6.94709591865248610e-01
-9.24525164255181331e-03
6.96230261692178720e-01
-9.13111743451683333e-03
7.32943643294084124e-01
1.29700285759645467e-02
7.31819080166486668e-01
1.20787000812419120e-02
7.28847581883218631e-01
1.20837712571250852e-02
6.83437693445659744e-01
7.47987562134803767e-03
6.82919005633954024e-01
6.87240487634507326e-03
6.83633532663969534e-01
6.84946730366416384e-03
6.83437330772171059e-01
-7.47996757994514889e-03
6.82918608231469881e-01
-6.87243436165207305e-03
6.83633184483624645e-01
-6.84952371414920217e-03
6.88208548116718832e-01
9.43604037042556840e-03
6.87365487448925339e-01
8.91207072557957496e-03
6.88549516793499961e-01
8.72065730198417696e-03
6.88208116763366684e-01
-9.43665298828939847e-03
6.87365043021270439e-01
-8.91258304913613957e-03
6.88549109727851882e-01
-8.72125132907053922e-03
6.92856889460371272e-01
1.00443885964673491e-02
6.91794729216259396e-01
9.54882796878791032e-03
6.93237072443913527e-01
9.36870657663422916e-03
6.92856738220501867e-01
-1.00453022398802848e-02
6.91794493924429377e-01
-9.54966373184466984e-03
6.93236941015936692e-01
-9.36958292856017450e-03
7.01676960464493127e-01
1.05957582077118827e-02
7.00342278588994560e-01
1.00841156763460393e-02
7.01989239075366478e-01
1.00565118867916928e-02
7.01676153348533616e-01
-1.05972324927004775e-02
7.00342374038643634e-01
-1.00851696456581916e-02
7.01988683161352212e-01
-1.00580111959347775e-02
6.84605805934444089e-01
8.68099345884633215e-03
6.83999977726638897e-01
8.08286624149458233e-03
6.84863121293712296e-01
7.97247983393250571e-03
6.84605422112951945e-01
-8.68123187212858395e-03
6.83999612535890700e-01
-8.08303060957661634e-03
6.84862732649704209e-01
-7.97271077011551393e-03
7.07886217980527421e-01
1.17104563078649169e-02
7.07665244276903027e-01
9.91050462615086086e-03
7.06447024912124188e-01
1.11671342311867906e-02
7.13443031619276358e-01
-1.17628753534928070e-02
7.09914799641273908e-01
-1.11933767200794107e-02
7.12242915586917658e-01
-1.06820749029103122e-02
7.08584039914163077e-01
-1.03416469819372168e-02
7.11714955105954283e-01
-1.14835145200790027e-02
6.98342474230002619e-01
1.07381353362563398e-02
6.97096908232617718e-01
1.02367539243179533e-02
6.98718793332121502e-01
1.01276315109729530e-02
6.98342581956914454e-01
-1.07393526431550732e-02
6.97096911450804102e-01
-1.02378350548166779e-02
6.98718721135155540e-01
-1.01287287798588754e-02
6.90018352599060747e-01
1.04861919376627536e-02
6.89091703867229177e-01
9.96356708531794498e-03
6.90418005668826051e-01
9.73324597931146500e-03
6.90018007869846350e-01
-1.04870078019235514e-02
6.89091323271114775e-01
-9.96428091244537344e-03
6.90417710873000967e-01
-9.73402545163405165e-03
6.85946011784968723e-01
9.86125647712152859e-03
6.85254521773110969e-01
9.27391904002278916e-03
6.86269983549335216e-01
9.08604015129167372e-03
6.85945559197272403e-01
-9.86170727683458037e-03
6.85254091268466592e-01
-9.27425562678031723e-03
6.86269533084164718e-01
-9.08646637497073119e-03
6.95088607282475568e-01
1.10534709307200385e-02
6.93952296839265848e-01
1.05510327421787422e-02
6.95515012493664875e-01
1.03618711344309541e-02
6.95088505770496523e-01
-1.10545634029878756e-02
6.93952187535890386e-01
-1.05520423658492096e-02
6.95515016057383639e-01
-1.03629500456701613e-02
7.17603776175989139e-01
-1.28235059048842498e-02
7.15553782816978456e-01
-1.23062091380242850e-02
7.16485607592685203e-01
-1.16807581903528544e-02
7.10811405523989137e-01
1.28248278784671085e-02
7.12418913387369068e-01
1.18525281052270504e-02
7.09337908163197417e-01
1.22735328541045078e-02
7.07885976379008297e-01
-1.17140369533140967e-02
7.06442990546424121e-01
-1.11714720657764242e-02
7.08952046273519265e-01
-1.14366625792984723e-02
7.19791438352220592e-01
1.39916468091589256e-02
7.20447193855729640e-01
1.28945813710197223e-02
7.16602091992157408e-01
1.25335666569212096e-02
7.04412868499372680e-01
1.16525401528483619e-02
7.03029622785894315e-01
1.11259335561673146e-02
7.04748541303154785e-01
1.11145148652958409e-02
7.04411226799095180e-01
-1.16545743089971014e-02
7.03028632128671616e-01
-1.11278514775135576e-02
7.04746730812431221e-01
-1.11169301104211173e-02
6.87455059115510525e-01
1.10178472810562641e-02
6.86679576305979533e-01
1.04426969209404901e-02
6.87849234299599432e-01
1.01882164713700471e-02
6.87454597007041479e-01
-1.10185434366821405e-02
6.86679103726837936e-01
-1.04432668849544132e-02
6.87848791679672500e-01
-1.01888615736152183e-02
6.91989368515928849e-01
1.15323693882914864e-02
6.90982903278917870e-01
1.10120943842083995e-02
6.92447690247888104e-01
1.07528881980802002e-02
6.91989133845549054e-01
-1.15333695930134508e-02
6.90982626799816924e-01
-1.10130016540418221e-02
6.92447495897245080e-01
-1.07538445173898742e-02
7.00916893816297515e-01
1.17683314698498586e-02
6.99612179956988989e-01
1.12555199157283025e-02
7.01325482408559298e-01
1.11562000418700923e-02
7.00916745839242461e-01
-1.17697618170780702e-02
6.99612027924650159e-01
-1.12568691962442805e-02
7.01325057735031510e-01
-1.11576992308237422e-02
6.97459680110514846e-01
1.20740354663670859e-02
6.96254836108388786e-01
1.15663534481639987e-02
6.97929863091724778e-01
1.13756385957284704e-02
6.97459598379331913e-01
-1.20752917578818581e-02
6.96254793835682562e-01
-1.15675414296748363e-02
6.97929872357669900e-01
-1.13768918885729358e-02
6.89129335789912090e-01
1.21480086998049554e-02
6.88271716157261571e-01
1.15864133344661339e-02
6.89595525059341408e-01
1.12768958859339914e-02
6.89128940252313194e-01
-1.21489325212167272e-02
6.88271275432128626e-01
-1.15872284681298177e-02
6.89595159015188974e-01
-1.12777554254910543e-02
7.38707462786283631e-01
1.12449354379946503e-02
7.37666582884601074e-01
1.05337670674652949e-02
7.33065458185222840e-01
1.06446811025121928e-02
6.94113745243243763e-01
1.25721466201965046e-02
6.93031453621262505e-01
1.20554655772840275e-02
6.94629190141682451e-01
1.17772658260467851e-02
6.94113609782246122e-01
-1.25733067024570537e-02
6.93031272466316906e-01
-1.20565480867788691e-02
6.94629072043854601e-01
-1.17783908887135382e-02
7.28149020917012391e-01
1.51811541104249024e-02
7.27796243411424459e-01
1.39038375697208682e-02
7.24336145437566636e-01
1.35961273403239109e-02
7.07234795862295318e-01
1.27334548344154204e-02
7.05809956328583676e-01
1.21961354244148577e-02
7.07589742473182515e-01
1.22015650604718820e-02
7.07233306688218266e-01
-1.27353408981609271e-02
7.05808830391893571e-01
-1.21980310386793425e-02
7.07588142457111990e-01
-1.22041870641037241e-02
7.03599332975003544e-01
1.28170204229408544e-02
7.02241931117937535e-01
1.22957594289197607e-02
7.04036385424472222e-01
1.22102133586108053e-02
7.03598844483204533e-01
-1.28186224953378575e-02
7.02241520748593029e-01
-1.22972512801589624e-02
7.04035420197386630e-01
-1.22118928956495010e-02
7.28744411801118264e-01
-1.48352881794151341e-02
7.25285829862246767e-01
-1.36733422785511073e-02
7.28214406685726456e-01
-1.39244315006825485e-02
7.10808755374270018e-01
-1.28286780374301627e-02
7.10378832233283353e-01
-1.19805874782598996e-02
7.09337005769990259e-01
-1.22746318211395915e-02
6.90964862974939864e-01
1.32490338042707042e-02
6.90027144820484328e-01
1.27023441327270403e-02
6.91503059599234859e-01
1.23497601804023749e-02
6.90964565992087110e-01
-1.32501433696901663e-02
6.90026790511359622e-01
-1.27033685508119894e-02
6.91502797614551135e-01
-1.23508071548251320e-02
6.99958907180848633e-01
1.31021277627800924e-02
6.98691162855978098e-01
1.25912547010644769e-02
7.00469180638525368e-01
1.24057233438330528e-02
6.99958759581811973e-01
-1.31034977688264873e-02
6.98691098534811150e-01
-1.25925696359327315e-02
7.00469038453596204e-01
-1.24071161569156672e-02
7.45048196491905235e-01
7.44056797787349174e-03
7.43501444482487894e-01
7.21623808135198660e-03
7.35323720736113629e-01
7.26792332250189750e-03
7.22820171482389306e-01
-1.45042412615409393e-02
7.20234366675045035e-01
-1.36886930522629804e-02
7.22395638715647159e-01
-1.33851177642800318e-02
7.45017844998600798e-01
-8.11222311803492212e-03
7.37443711252412593e-01
-7.75784755440728658e-03
7.40762859351358660e-01
-8.30739830539291464e-03
6.96383257019431268e-01
1.36026435901663786e-02
6.95229293172939689e-01
1.30910195028109237e-02
6.96952764952059045e-01
1.28033681692268277e-02
6.96383173066845829e-01
-1.36039224715413711e-02
6.95229180369505984e-01
-1.30922439370414583e-02
6.96952680796320445e-01
-1.28046321817140291e-02
7.13783493306691885e-01
-1.39559956495686095e-02
7.12285526392005930e-01
-1.33980036842858575e-02
7.13689920518613241e-01
-1.27886089581841101e-02
7.13781672789247867e-01
1.39521346832108140e-02
7.13816729597693933e-01
1.23845910254750946e-02
7.12288406810100416e-01
1.33932050662526666e-02
6.92957245862394267e-01
1.43182666374789148e-02
6.91941673854166273e-01
1.37878020725150426e-02
6.93565607957492891e-01
1.34042730322900417e-02
6.92957043493612534e-01
-1.43195115210661278e-02
6.91941424261312554e-01
-1.37889862904749545e-02
6.93565441152553253e-01
-1.34054698050779172e-02
7.06376551154589416e-01
1.38774090472200406e-02
7.04973198395123068e-01
1.33510805048602972e-02
7.06837413407871540e-01
1.32822065744268476e-02
7.06376048273366086e-01
-1.38792138439149983e-02
7.04972524371622278e-01
-1.33527698085243313e-02
7.06836455618530368e-01
-1.32841443506329735e-02
7.10128957458306620e-01
1.38287203286193029e-02
7.08669720096803957e-01
1.32848932732687035e-02
7.10499021332036684e-01
1.33078374132227801e-02
7.10127999325239512e-01
-1.38311505918964402e-02
7.08668462000365151e-01
-1.32875963582608433e-02
7.10498060216318561e-01
-1.33109981047225805e-02
7.02575044348225264e-01
1.41329501895771630e-02
7.01250051680067377e-01
1.36213150443347565e-02
7.03120617292875671e-01
1.34468814628392504e-02
7.02574808740094259e-01
-1.41343969335144259e-02
7.01249882813952619e-01
-1.36227337973189189e-02
7.03120302975225875e-01
-1.34483989444451994e-02
6.98789396793524586e-01
1.46205373597829234e-02
6.97568049087145980e-01
1.41156504788838497e-02
6.99408468850738596e-01
1.38275289215041754e-02
6.98789311218174780e-01
-1.46218901574867964e-02
6.97567956687348500e-01
-1.41169726739446433e-02
6.99408360363077852e-01
-1.38288863771747379e-02
6.95101686356310422e-01
1.53531192931292242e-02
6.94010709756113675e-01
1.48401645620006486e-02
6.95776552937428461e-01
1.44376901248091279e-02
6.95101552266892297e-01
-1.53544453488359909e-02
6.94010549959588108e-01
-1.48414562681723865e-02
6.95776444591927556e-01
-1.44389898231408968e-02
7.34764936629447751e-01
1.53300355361272751e-02
7.33977523102994356e-01
1.40520996826159483e-02
7.30909694344041294e-01
1.41291494341064614e-02
7.47404331333067273e-01
-7.08882882245477283e-03
7.39358352478065251e-01
-6.91349062601064133e-03
7.42847897135993085e-01
-7.17413586911234188e-03
7.16796087019378803e-01
-1.50837163680496225e-02
7.15280397399181034e-01
-1.45263249840479631e-02
7.17366668033013632e-01
-1.38576321745739004e-02
7.16793487623659797e-01
1.50806248000094172e-02
7.18468778153106724e-01
1.44928386288894796e-02
7.15280538863792836e-01
1.45249642901883694e-02
7.05296980138271135e-01
1.51609700037714304e-02
7.03920286065884415e-01
1.46513992903440429e-02
7.05872034199802156e-01
1.44929464107752103e-02
7.05296759508085569e-01
-1.51624617425402067e-02
7.03920073501897781e-01
-1.46528807279126642e-02
7.05871693811192968e-01
-1.44945636652864893e-02
7.09236107241939306e-01
1.49419310614411025e-02
7.07792895718500903e-01
1.44144665124396158e-02
7.09715328541449808e-01
1.43641284051051546e-02
7.09235801080344119e-01
-1.49437430336371614e-02
7.07792444806896182e-01
-1.44161968983322723e-02
7.09714715483283909e-01
-1.43660865591224551e-02
7.01323496974446736e-01
1.56221040052302359e-02
7.00039126020659874e-01
1.51258390610304293e-02
7.01986270812156588e-01
1.48454597355708144e-02
7.01323399112115053e-01
-1.56234974278516275e-02
7.00039022180727333e-01
-1.51272130391563227e-02
7.01986121112502248e-01
-1.48468700186810531e-02
7.13082051316887289e-01
1.49297794325196301e-02
7.11594576214811703e-01
1.43845074161333651e-02
7.13462266117814714e-01
1.44237854928584777e-02
7.13081612970031142e-01
-1.49315414045836214e-02
7.11594344181523009e-01
-1.43866002558960242e-02
7.13462437970289187e-01
-1.44264624629622772e-02
6.97393010476165420e-01
1.63510929039588672e-02
6.96229263549739019e-01
1.58568867541311782e-02
6.98128955343871205e-01
1.54470728502348383e-02
6.97392903657350738e-01
-1.63524579048203722e-02
6.96229153622117347e-01
-1.58582359442820259e-02
6.98128861077772056e-01
-1.54484295845249420e-02
7.25510312742676189e-01
1.58571895208617364e-02
7.26994364253811032e-01
1.55121124876706901e-02
7.22668375972933541e-01
1.49601888639406076e-02
7.40361875984114737e-01
1.28645558647519122e-02
7.39560454060516848e-01
1.19939641512009035e-02
7.35501174975105809e-01
1.21643978167589803e-02
7.03976799979491807e-01
1.66032465854222058e-02
7.02633811991593582e-01
1.61176652963243849e-02
7.04676154642272290e-01
1.58522914680637797e-02
7.03976751623778485e-01
-1.66046644776502994e-02
7.02633718906139904e-01
-1.61190696193170488e-02
7.04676043725406598e-01
-1.58537343237244409e-02
7.08113828223878583e-01
1.61799704641437322e-02
7.06690881691108053e-01
1.56755907872078541e-02
7.08711624736602985e-01
1.55369464326735440e-02
7.08113796145169339e-01
-1.61814755132127890e-02
7.06690749102046323e-01
-1.56771201192723343e-02
7.08711495456499030e-01
-1.55385803052827242e-02
7.19834704942287074e-01
-1.61987302920162356e-02
7.18306655396807381e-01
-1.56484814327903510e-02
7.21613680766688081e-01
-1.52709301638975017e-02
7.28481517194479178e-01
-1.63374046185274270e-02
7.25677233345688566e-01
-1.54599708962385313e-02
7.28718096869606313e-01
-1.55490952471534598e-02
6.99825690416101098e-01
1.73097773516676344e-02
6.98591981730101619e-01
1.68355121582368268e-02
7.00615619672375733e-01
1.64293105314463582e-02
6.99825592169534882e-01
-1.73111689487028750e-02
6.98591882950474030e-01
-1.68368923594303388e-02
7.00615530208046677e-01
-1.64306975804004371e-02
7.12165928290974026e-01
1.60021034546780003e-02
7.10688962282652326e-01
1.54777210148604807e-02
7.12657546518779328e-01
1.54466836422154329e-02
7.12166149875462895e-01
-1.60037776128889100e-02
7.10688795012343277e-01
-1.54794596641301095e-02
7.12657424873212708e-01
-1.54484784511514754e-02
7.50737292967858072e-01
-6.69271095498187325e-03
7.41457519749294192e-01
-6.59126004244351034e-03
7.45552133839366249e-01
-6.69935547599285162e-03
7.16082363014908685e-01
1.60246265407794734e-02
7.14572711610286349e-01
1.54833732759409540e-02
7.16467417244831650e-01
1.55377282066159056e-02
7.16082412642741417e-01
-1.60262998601887890e-02
7.14573094533150432e-01
-1.54854850469653190e-02
7.16469395208530369e-01
-1.55395193174943866e-02
7.46628656351346232e-01
7.93408021796718731e-03
7.45837802945083395e-01
7.66762846298130272e-03
7.37828601992095767e-01
7.77156703545698723e-03
7.41121974243977411e-01
-1.37869518714151020e-02
7.38265982794697240e-01
-1.50815590876082536e-02
7.34613294198998235e-01
-1.25558765998345732e-02
7.32463237733417483e-01
-1.36291125227454082e-02
7.39822974052174342e-01
-1.44415266941521469e-02
7.19827228409656072e-01
1.62008991839097914e-02
7.19908849686392460e-01
1.50305418398681209e-02
7.18304797970101827e-01
1.56481213705388714e-02
7.02393865435191667e-01
1.82268595674643478e-02
7.01093165470000335e-01
1.77736808164111748e-02
7.03229150987621954e-01
1.73811431413027351e-02
7.02393812207599999e-01
-1.82282790727912487e-02
7.01093085817113715e-01
-1.77750883516802627e-02
7.03229115201360000e-01
-1.73825496984238610e-02
7.06740547803881625e-01
1.75595514590450932e-02
7.05343337882526122e-01
1.70868753537418393e-02
7.07468240487663325e-01
1.68426581899371701e-02
7.06740650715621865e-01
-1.75609689689799550e-02
7.05343347683632049e-01
-1.70882903207375363e-02
7.07468292032572110e-01
-1.68441015137322687e-02
7.37347478944873957e-01
-1.63626325481314276e-02
7.32441257779959387e-01
-1.48207790022892912e-02
7.37895562710151109e-01
-1.57053608484384842e-02
7.11015108051927247e-01
1.71831831460977982e-02
7.09551119970719846e-01
1.66874268991826676e-02
7.11628140699271827e-01
1.65712228387217900e-02
7.11015368977728657e-01
-1.71846260431460750e-02
7.09551246371999733e-01
-1.66889125793220350e-02
7.11628379437367120e-01
-1.65727557201937846e-02
7.15154964048562936e-01
1.70488307908886888e-02
7.13649641974871685e-01
1.65321532658486911e-02
7.15652394577606210e-01
1.65199793659065244e-02
7.15155719369428788e-01
-1.70502688161197416e-02
7.13649987154202914e-01
-1.65336572424598163e-02
7.15652859171592604e-01
-1.65213911470217696e-02
7.51498458725177398e-01
6.81361510023143890e-03
7.46324576482366386e-01
6.70852656407163080e-03
7.42933602360791423e-01
6.77122907628106407e-03
7.22886530946569961e-01
1.72895195489034016e-02
7.24402861759589456e-01
1.65236701373343911e-02
7.21351217514961895e-01
1.67531931786867767e-02
7.19118126030526161e-01
1.71028274365162200e-02
7.17591922191267440e-01
1.65717677037452125e-02
7.19503648452561539e-01
1.66377892760881559e-02
7.19119506792482821e-01
-1.71038428310162222e-02
7.17593595563466247e-01
-1.65729265933653828e-02
7.19505411358330127e-01
-1.66391181027044054e-02
7.22876614172151655e-01
-1.72952072429138314e-02
7.23027648441632143e-01
-1.57919399430488695e-02
7.21351197596080462e-01
-1.67551132884458283e-02
7.34969870697038452e-01
1.68808564393329898e-02
7.34936479433136336e-01
1.60735742406194898e-02
7.31652640039586299e-01
1.61247995009497179e-02
7.05091352433328766e-01
1.91001222276462566e-02
7.03726792647225152e-01
1.86691251487973234e-02
7.05961998414452618e-01
1.82991854750271694e-02
7.05091432318946776e-01
-1.91015599367595039e-02
7.03726796352974637e-01
-1.86705589852573586e-02
7.05962108267360167e-01
-1.83005982855388612e-02
7.46420021336718587e-01
-1.26371167341378498e-02
7.43865645679507415e-01
-1.32433578233314853e-02
7.38322464902279596e-01
-1.15642316179488738e-02
7.09606043967887512e-01
1.84863335089675458e-02
7.08158976204569357e-01
1.80289093179880136e-02
7.10352873640893501e-01
1.78107559769596115e-02
7.09606401277425136e-01
-1.84877177593497019e-02
7.08159189810019574e-01
-1.80303129414080693e-02
7.10353195340862609e-01
-1.78121581287799466e-02
7.13990787465351384e-01
1.81633331226316377e-02
7.12490762820646051e-01
1.76798567788705521e-02
7.14610931376137293e-01
1.75874921053629854e-02
7.13991413915627260e-01
-1.81646762329421216e-02
7.12491236209290224e-01
-1.76812618881327967e-02
7.14611624973865434e-01
-1.75888908181986159e-02
7.35878863164759256e-01
-1.71753653395130025e-02
7.32333174814327803e-01
-1.60762013402236878e-02
7.36688370344449672e-01
-1.67688769037281811e-02
7.41920623829466996e-01
1.52427008557809059e-02
7.41196941236450635e-01
1.39507717444305110e-02
7.37423834956036139e-01
1.41570141386358778e-02
7.18192767892725903e-01
1.80722962772599735e-02
7.16664333174133805e-01
1.75681496668364766e-02
7.18689103884584624e-01
1.75732362296480982e-02
7.18194077805698772e-01
-1.80736152220860105e-02
7.16665125347775600e-01
-1.75695242945058047e-02
7.18690295976259219e-01
-1.75745506740022372e-02
7.29594106031202894e-01
1.77354141528501472e-02
7.28964541570604307e-01
1.63826588402973747e-02
7.27533769479173476e-01
1.68072153345011736e-02
7.25949489773979661e-01
-1.83450819104003411e-02
7.24407348558107511e-01
-1.78301776374128161e-02
7.27513138841049178e-01
-1.72667464751747636e-02
7.47807649391561635e-01
8.60896538680708256e-03
7.47218354627800729e-01
8.24475328258360979e-03
7.39831828470570607e-01
8.43485177521982078e-03
7.07911666730286049e-01
1.99274511951969407e-02
7.06486525860570147e-01
1.95196818708687665e-02
7.08806504634715062e-01
1.91799586477985652e-02
7.07911976006046939e-01
-1.99288716110448405e-02
7.06486711901544662e-01
-1.95211165687403133e-02
7.08806854239754425e-01
-1.91813477958269613e-02
7.22180541376755469e-01
1.81524335101441621e-02
7.20642486460898568e-01
1.76367438983486176e-02
7.22561002046732681e-01
1.77107802395051958e-02
7.22181829135285502e-01
-1.81533599154225338e-02
7.20643796957126992e-01
-1.76382583234780121e-02
7.22561139470538794e-01
-1.77120667207545900e-02
7.12564720436690391e-01
1.93786960955973780e-02
7.11072086379680779e-01
1.89389746905937635e-02
7.13320710753738707e-01
1.87504365025797787e-02
7.12565399897746921e-01
-1.93800104667448125e-02
7.11072589482699580e-01
-1.89403277221726965e-02
7.13321369702263230e-01
-1.87517525793984736e-02
7.50514895859936471e-01
-9.44537843616326603e-03
7.43479036909729163e-01
-8.98390916637186593e-03
7.45757523423237645e-01
-9.82855500650085985e-03
7.17031386874279364e-01
1.91128590374673168e-02
7.15500025838954667e-01
1.86454627583619720e-02
7.17650067277400439e-01
1.85770344751722619e-02
7.17032417532804778e-01
-1.91140325003087350e-02
7.15500916939921017e-01
-1.86467373787206347e-02
7.17651198069794605e-01
-1.85782706978068791e-02
7.25938067251849839e-01
1.83435630862962898e-02
7.27943480502994955e-01
1.80297116760551879e-02
7.24406185901662392e-01
1.78281667947257638e-02
7.21270110892028304e-01
1.90624992759987066e-02
7.19722991544208601e-01
1.85760311977164159e-02
7.21758107796034887e-01
1.85958211148654524e-02
7.21271589236389454e-01
-1.90635218468164433e-02
7.19724377761405743e-01
-1.85770891160650757e-02
7.21759783547190170e-01
-1.85966791724412189e-02
7.33950794577598153e-01
-1.82459627974370688e-02
7.35048510215443041e-01
-1.77025896195263169e-02
7.31218451136104286e-01
-1.73322571696575313e-02
7.10848026606472061e-01
2.07068355210450715e-02
7.09365731381662923e-01
2.03232861319037235e-02
7.11754937568710444e-01
2.00199201860913056e-02
7.10848643198224162e-01
-2.07081876165956628e-02
7.09366191448837391e-01
-2.03246794292943761e-02
7.11755596701040161e-01
-2.00212453340018956e-02
7.15608183515624940e-01
2.02315992600494987e-02
7.14074186895295449e-01
1.98120987418039969e-02
7.16362779225030999e-01
1.96553054204309692e-02
7.15609204279477051e-01
-2.02328046966710820e-02
7.14075021597920578e-01
-1.98133599047487299e-02
7.16363802524727644e-01
-1.96564914646905585e-02
7.25259235619406750e-01
1.91612463027583911e-02
7.23714862349504218e-01
1.86669792412416415e-02
7.25627615236939416e-01
1.87433288184442326e-02
7.25262614550476026e-01
-1.91618273023280092e-02
7.23716418328414934e-01
-1.86677977410663436e-02
7.25632473161143432e-01
-1.87444906404327163e-02
7.20128038820174954e-01
2.00239444883457615e-02
7.18569769176067075e-01
1.95765023461879246e-02
7.20736390273908900e-01
1.95308861475802648e-02
7.20129444235115712e-01
-2.00249285486969499e-02
7.18571012299334844e-01
-1.95776189928017937e-02
7.20737865995825344e-01
-1.95318654766580349e-02
7.35848390391998342e-01
1.96512899753398043e-02
7.35542387702602496e-01
1.81858708072027350e-02
7.32740352720157362e-01
1.87558268681601824e-02
7.48659081626665168e-01
9.44228091427011008e-03
7.48234631660288696e-01
8.99480910013516176e-03
7.41493231215043846e-01
9.24739211101471663e-03
7.29010762954561908e-01
-1.93436749868358127e-02
7.27475205753246978e-01
-1.88560039265798091e-02
7.31850431069248186e-01
-1.87872203588560216e-02
7.13893366711225164e-01
2.14363794491941977e-02
7.12357483171210282e-01
2.10779819437897746e-02
7.14799527202848783e-01
2.08155070065772704e-02
7.13894331788002656e-01
-2.14376047742727213e-02
7.12358279630334046e-01
-2.10792803131382329e-02
7.14800522635032132e-01
-2.08167194287716406e-02
7.42139348065471771e-01
1.72128131651384519e-02
7.42097274368185955e-01
1.61740442642028422e-02
7.38472385320126823e-01
1.63595736804893060e-02
7.24378205966586974e-01
2.00095192034152672e-02
7.22816666364186511e-01
1.95456737938783515e-02
7.24850709808350313e-01
1.95764223558176700e-02
7.24380266016072749e-01
-2.00101803910878520e-02
7.22818536488669672e-01
-1.95464390568462765e-02
7.24853059866491511e-01
-1.95770749717207870e-02
7.28996611487742863e-01
1.93464041347378470e-02
7.29387567660111369e-01
1.85107830002142031e-02
7.27464836905647894e-01
1.88571735284972404e-02
7.18728267862328352e-01
2.10399532944745594e-02
7.17156984768592465e-01
2.06432164170761365e-02
7.19470543345478108e-01
2.05188274724781641e-02
7.18729594889627066e-01
-2.10409999361488680e-02
7.17158158132187307e-01
-2.06443371106531937e-02
7.19471897316001252e-01
-2.05198500334855087e-02
7.53753233803203582e-01
-7.70027074669337331e-03
7.46004938815950980e-01
-7.50033555114580815e-03
7.49397544186694020e-01
-7.90968534102234021e-03
7.28349286145079100e-01
2.01176509757810019e-02
7.26799304383824896e-01
1.96509419219782662e-02
7.28698946925102176e-01
1.97259506596310155e-02
7.28352861427897458e-01
-2.01184517385201989e-02
7.26803905310986709e-01
-1.96514656002448260e-02
7.28706267275089470e-01
-1.97259036044307133e-02
7.23272573492207416e-01
2.08886776877692769e-02
7.21691461173127213e-01
2.04651532865799471e-02
7.23861537887715012e-01
2.04399785070061950e-02
7.23274266355089623e-01
-2.08895348042107930e-02
7.21692994468667526e-01
-2.04660707369932540e-02
7.23863373641046803e-01
-2.04407684808010706e-02
7.17040352229165734e-01
2.21142997455656375e-02
7.15454583271994071e-01
2.17819282240827097e-02
7.17932496276068810e-01
2.15631797290211646e-02
7.17041665983043974e-01
-2.21153544037534407e-02
7.15455728903591992e-01
-2.17830788233480052e-02
7.17933813335286386e-01
-2.15642332437751688e-02
7.32046584172316162e-01
2.02889081042594219e-02
7.30823648882677590e-01
1.89855195613872971e-02
7.30519784771239244e-01
1.98298171117271063e-02
7.27509851728884827e-01
2.09031621260466309e-02
7.25937646426648708e-01
2.04668407973013916e-02
7.27959655478248258e-01
2.05042388853392786e-02
7.27512483246604669e-01
-2.09037837554314869e-02
7.25939876238768877e-01
-2.04676364981354990e-02
7.27962663175739211e-01
-2.05049286694920820e-02
7.21917060797341859e-01
2.17986865805522533e-02
7.20312438806248956e-01
2.14272280166464338e-02
7.22635957684207519e-01
2.13344307554993416e-02
7.21918639853873834e-01
-2.17995358359370402e-02
7.20313906398278192e-01
-2.14281833762577402e-02
7.22637567111682144e-01
-2.13352877997772666e-02
7.49257221123356798e-01
1.05700938060214501e-02
7.48961611216723777e-01
9.96238020056060096e-03
7.42942078163618125e-01
1.03303864503697419e-02
7.41287817561315232e-01
1.85953145651989969e-02
7.41784276715517166e-01
1.78857412171252311e-02
7.38147557489672312e-01
1.78160760404879118e-02
7.26457588683355970e-01
2.16993290377813161e-02
7.24857228412643773e-01
2.13035868044004449e-02
7.27018162728610196e-01
2.12953304390806133e-02
7.26459420161434943e-01
-2.16999694179449143e-02
7.24859045014956016e-01
-2.13043196526887663e-02
7.27020282297966225e-01
-2.12959678490044768e-02
7.20281404286282734e-01
2.27389422227941423e-02
7.18649571456321246e-01
2.24334113064536267e-02
7.21146090908462267e-01
2.22594684163763060e-02
7.20283028608545539e-01
-2.27397773872239951e-02
7.18651046315213482e-01
-2.24343633496691154e-02
7.21147680798510549e-01
-2.22603167273084206e-02
7.31442741853950085e-01
2.10107516446874400e-02
7.29891802650113775e-01
2.05772700210435505e-02
7.31770868044386291e-01
2.06445841153571688e-02
7.31445366535538821e-01
-2.10105405754663112e-02
7.32047047008669183e-01
-2.02855578792470112e-02
7.29895882930532647e-01
-2.05773308317688183e-02
7.31773026583684594e-01
-2.06432585063442281e-02
7.30525770227472115e-01
-1.98293628122306123e-02
7.35096661565291631e-01
2.11458299355925840e-02
7.35554960929137636e-01
2.03809459399657937e-02
7.33567440194412113e-01
2.07309374179573958e-02
7.36971764473139168e-01
-2.05405747058831217e-02
7.34626052545388042e-01
-2.04435967555990084e-02
7.33155635941728612e-01
-2.00355871125186061e-02
7.39077931608905114e-01
-1.99628099010154374e-02
7.38087443295461165e-01
-2.02569867009607212e-02
7.36490437405516007e-01
-1.91504775546900360e-02
7.25166956046692790e-01
2.25028135250199338e-02
7.23532801688420046e-01
2.21591012736384735e-02
7.25851514121727104e-01
2.20956523283831405e-02
7.25168679862556509e-01
-2.25033965864605313e-02
7.23534466809263921e-01
-2.21598422020371118e-02
7.25853254487354604e-01
-2.20962627095476552e-02
7.30659181497460009e-01
2.17335720050858168e-02
7.29079130491644301e-01
2.13298358884881460e-02
7.31079317406374773e-01
2.13683129900617656e-02
7.30661351401899473e-01
-2.17337265792430269e-02
7.29081413773778220e-01
-2.13303101184773233e-02
7.31081686126584862e-01
-2.13684562883302391e-02
7.55220382077801289e-01
-1.13358210334942571e-02
7.50887075847903374e-01
-1.20241370529633532e-02
7.48046986304578221e-01
-1.08176513817644752e-02
7.57328334274676829e-01
-6.90985585152553185e-03
7.48823477729499309e-01
-6.82703000440147527e-03
7.52375696514251846e-01
-7.00238173212697299e-03
7.43014389004262865e-01
-1.98363091107601405e-02
7.41153894052704376e-01
-1.99402946189815300e-02
7.39398456199277354e-01
-1.85657963856964633e-02
7.49665531543056152e-01
1.20504827575998695e-02
7.49468852816615239e-01
1.12510962444022193e-02
7.44201554652906827e-01
1.17387363364792850e-02
7.41203800665440227e-01
2.04273373729570822e-02
7.41315623852517036e-01
1.94841106126037618e-02
7.38604179862221266e-01
2.01036785357259114e-02
7.23608721931707333e-01
2.33087966044922615e-02
7.21934746715618858e-01
2.30308458114631062e-02
7.24432614988638868e-01
2.29010194771919751e-02
7.23610566191449145e-01
-2.33093084110154343e-02
7.21936501232869454e-01
-2.30315291770042882e-02
7.24434366822696352e-01
-2.29015759868725806e-02
7.29676378064457731e-01
2.24483024677644243e-02
7.28060083235338218e-01
2.20840740569521604e-02
7.30199958502135593e-01
2.20881413376765381e-02
7.29678104003576689e-01
-2.24484857310211748e-02
7.28061952904806464e-01
-2.20845089220188424e-02
7.30201867524589043e-01
-2.20883053177366624e-02
7.35087891708495533e-01
-2.11456849440340953e-02
7.36089407158144748e-01
-2.08426548390172398e-02
7.33565281836877969e-01
-2.07299051216050662e-02
7.34537333367204948e-01
2.18274572530812727e-02
7.32987428310324041e-01
2.14329042359537314e-02
7.34837162760120677e-01
2.14851217905132827e-02
7.34538036460707366e-01
-2.18268419223023348e-02
7.32988260890775178e-01
-2.14323716555195366e-02
7.34835751595826925e-01
-2.14837690623113503e-02
7.45953251125920036e-01
-1.88097473869670469e-02
7.41626365871398630e-01
-1.77011108715847097e-02
7.44597331284841846e-01
-1.93413816784957400e-02
7.58364853255101057e-01
6.64878784159577633e-03
7.55962186512863954e-01
6.64463612159800054e-03
7.46479536735163651e-01
6.61458928954727476e-03
7.43639927711177040e-01
6.58208117825052636e-03
7.57157524333505916e-01
6.64492688673571068e-03
7.60742112099352830e-01
-6.64607651458497001e-03
7.55961106206533562e-01
-6.64417512731089142e-03
7.46502121225749993e-01
-6.61909710397994965e-03
7.58339161562481823e-01
-6.64383227460033608e-03
7.43640003609125633e-01
-6.58213220982302883e-03
7.28470685136920704e-01
2.31475366037215725e-02
7.26810625312295011e-01
2.28339537051765080e-02
7.29110248813323869e-01
2.27962073411750524e-02
7.28472343527812427e-01
-2.31477165408654345e-02
7.26812330447475508e-01
-2.28343511844137093e-02
7.29111905465615329e-01
-2.27964006233873709e-02
7.33821041295291576e-01
2.24914464926102599e-02
7.32235395488761376e-01
2.21248330269222145e-02
7.34204795798808818e-01
2.21583347572147302e-02
7.33822181600200740e-01
-2.24907210703622455e-02
7.32237200357023221e-01
-2.21245673319222999e-02
7.34205985712520270e-01
-2.21575741327249415e-02
7.38116415532038661e-01
2.19228204810639413e-02
7.36971985058183177e-01
2.07768522239017532e-02
7.36605597787212796e-01
2.15487824427138056e-02
7.48843409926434167e-01
-1.74157031736850813e-02
7.43541471019693256e-01
-1.64059334042799022e-02
7.47496974069216669e-01
-1.81203226435448506e-02
7.50099790430363678e-01
1.42814103712064627e-02
7.49900565049913204e-01
1.30628189704572566e-02
7.45221881030612265e-01
1.36551315175427769e-02
7.27014299036965683e-01
2.38224737891951747e-02
7.25302207667582688e-01
2.35727773764126992e-02
7.27784448339609646e-01
2.34846349457929759e-02
7.27016174593640097e-01
-2.38225477253327378e-02
7.25304103487427132e-01
-2.35730806761740019e-02
7.27786165704821131e-01
-2.34847782001781080e-02
7.32923003319175037e-01
2.31282943352860530e-02
7.31293756058863265e-01
2.27992001535629041e-02
7.33401392520895534e-01
2.28099916558827907e-02
7.32924353099286274e-01
-2.31279685730230479e-02
7.31295301210979409e-01
-2.27991174267856561e-02
7.33402694494969420e-01
-2.28095068535086529e-02
7.38120830499713887e-01
-2.19188463337099612e-02
7.40924909929368769e-01
-2.18282052737415327e-02
7.36604095505747791e-01
-2.15488121527468990e-02
7.39582609017472969e-01
-2.18860611867950847e-02
7.38926838871163283e-01
-2.12138097772399635e-02
7.37627960982694675e-01
2.25593754528455905e-02
7.36080194630426288e-01
2.22088897194254349e-02
7.37894585477743670e-01
2.22402618765446258e-02
7.37628764262163727e-01
-2.25584040960435557e-02
7.36080429858000707e-01
-2.22072002789613053e-02
7.37894753206491782e-01
-2.22379617286449713e-02
7.31821278367607353e-01
2.37283092090329432e-02
7.30138779355197332e-01
2.34470964427666469e-02
7.32405734589689938e-01
2.34301007330966343e-02
7.31822657472342208e-01
-2.37280251204972925e-02
7.30140318031845759e-01
-2.34470401022073040e-02
7.32407081992862419e-01
-2.34298151849656397e-02
7.41141280876208342e-01
2.25953582204793287e-02
7.41268002094637279e-01
2.14901098549179111e-02
7.39626186564017574e-01
2.22737572216467790e-02
7.36991027998859627e-01
2.31677159900131567e-02
7.35402188516033561e-01
2.28426317169633138e-02
7.37332480922617162e-01
2.28644947949368238e-02
7.36991612502305937e-01
-2.31666617543324176e-02
7.35403112327471131e-01
-2.28418470850190354e-02
7.37333068788463386e-01
-2.28634980876405575e-02
7.30489937809945311e-01
2.42787085248124951e-02
7.28743857526108152e-01
2.40578836921243773e-02
7.31194040192960304e-01
2.40073071831845460e-02
7.30491584872184796e-01
-2.42783463330045052e-02
7.28745648733031492e-01
-2.40577309491763029e-02
7.31195511116697561e-01
-2.40070040253658433e-02
7.44054463271789368e-01
-2.18290765600566219e-02
7.42545555806063073e-01
-2.18488445962612375e-02
7.41512082402946748e-01
-2.09417699945852950e-02
7.50028416639828888e-01
1.61314515674599833e-02
7.50084755973857820e-01
1.51514765622824642e-02
7.46002791220460648e-01
1.58074016497610804e-02
7.52814315217329999e-01
-1.56891350243697492e-02
7.46939633093044120e-01
-1.48872082711047193e-02
7.50919947714941860e-01
-1.65533064309985635e-02
7.36192214121842659e-01
2.37325912012163673e-02
7.34552562332448922e-01
2.34419504308453278e-02
7.36617779995220268e-01
2.34529770942051852e-02
7.36193107719182782e-01
-2.37319326740486856e-02
7.34553648854471719e-01
-2.34413815500667290e-02
7.36618523437655881e-01
-2.34521446009837709e-02
7.41140253415927930e-01
-2.25917433443003184e-02
7.39630310612424569e-01
-2.22726640268058398e-02
7.41040009245275244e-01
-2.22102640860807506e-02
7.35212054139602778e-01
2.42408939830652571e-02
7.33510452598490126e-01
2.39941297971246331e-02
7.35732045974168969e-01
2.39917600965125419e-02
7.35213065976786373e-01
-2.42402883700720759e-02
7.33511658575182857e-01
-2.39936683755518840e-02
7.35732999233149387e-01
-2.39911491172329870e-02
7.40714206946567089e-01
2.31955874104378956e-02
7.39169292415319479e-01
2.28934748029041464e-02
7.40944344602337157e-01
2.28960010506332537e-02
7.40714669708709028e-01
-2.31946187141113674e-02
7.39169647462358581e-01
-2.28920482017271297e-02
7.40944431052049990e-01
-2.28942607155864716e-02
7.49583981467708438e-01
1.89224483705332791e-02
7.46475991269934136e-01
2.00336731874831142e-02
7.45843241994824879e-01
1.81699746856838380e-02
7.48122443214530475e-01
1.94964209709002252e-02
7.43864066893522247e-01
1.93665598353512103e-02
7.49872409471497914e-01
1.74325924182745264e-02
7.46335213573521949e-01
2.16955545254500295e-02
7.46452580754931927e-01
2.08461501610462743e-02
7.43755668382717783e-01
2.11202542694184960e-02
7.55758683889884320e-01
-6.67274628197894650e-03
7.34027258603336841e-01
2.46763838667329906e-02
7.32251399465071007e-01
2.44849721272135494e-02
7.34653913566627348e-01
2.44662672227303375e-02
7.34028483141139554e-01
-2.46757423500315251e-02
7.32252845056326818e-01
-2.44844398393576045e-02
7.34655015551189838e-01
-2.44656553719993022e-02
7.47912584045029694e-01
-2.18521961596840411e-02
7.45401309656634870e-01
-2.08744720045138388e-02
7.46042658065089959e-01
-2.18785782159112187e-02
7.40166233984818622e-01
2.37543856864313001e-02
7.38575468269531799e-01
2.34748585322710930e-02
7.40459862762370413e-01
2.34779339444912971e-02
7.40166463763532234e-01
-2.37534867540921055e-02
7.38575962533654540e-01
-2.34739690283803856e-02
7.40460124118227592e-01
-2.34770755008130230e-02
7.64476340075117222e-01
7.03029188788238495e-03
7.57971415458728925e-01
6.92636382716932918e-03
7.53224844240783620e-01
7.09373424987410229e-03
7.59743676320090766e-01
-8.63985915308990507e-03
7.52368677458888691e-01
-8.41672597708507594e-03
7.55147919444320137e-01
-9.04332777810874788e-03
7.39479355121118620e-01
2.42550349793327034e-02
7.37831601570221984e-01
2.40058164216488054e-02
7.39845247844468590e-01
2.40099567870482623e-02
7.39479905126433579e-01
-2.42543285546169551e-02
7.37832274943110988e-01
-2.40050734251466835e-02
7.39845642716136398e-01
-2.40091568855773305e-02
7.44144353820800242e-01
-2.31553877189807633e-02
7.42490454132822109e-01
-2.25153979896578621e-02
7.42641851318499135e-01
-2.28910513026130656e-02
7.44149299940332298e-01
2.31558732307300674e-02
7.45386874187463744e-01
2.24359325902097548e-02
7.42643885895043043e-01
2.28929811867744047e-02
7.38636628808179041e-01
2.46814865143102392e-02
7.36919104621303833e-01
2.44710366687328033e-02
7.39083725891193200e-01
2.44761441089052234e-02
7.38637306839776797e-01
-2.46807975907680777e-02
7.36919950821657843e-01
-2.44703688084318138e-02
7.39084348194916529e-01
-2.44754562327960702e-02
7.62690496285359232e-01
6.66799210500066200e-03
7.60521196729586735e-01
6.65526622415751109e-03
7.51945705205041337e-01
6.68341396532209486e-03
7.37617718164499503e-01
2.50145283413293479e-02
7.35816369994862440e-01
2.48529940678726309e-02
7.38156672429001071e-01
2.48590364731640680e-02
7.37618487666395262e-01
-2.50138358833564590e-02
7.35817357236920100e-01
-2.48522942543639748e-02
7.38157405436843383e-01
-2.48583472455623129e-02
7.43794489918381929e-01
2.37280618014955279e-02
7.42253474360937360e-01
2.34783808995393806e-02
7.43983908436192998e-01
2.34454422030893235e-02
7.43793894039944892e-01
-2.37274909315155630e-02
7.42252941379634712e-01
-2.34774014325809799e-02
7.43982609497335967e-01
-2.34442912547344756e-02
7.47131726300733323e-01
-2.36044638498262363e-02
7.45637690547334642e-01
-2.33983340881616896e-02
7.45528180263545504e-01
-2.27397795725600115e-02
7.43344127014752942e-01
2.42447724101728587e-02
7.41752626633840451e-01
2.40139975336545880e-02
7.43585174958996009e-01
2.39912171588800051e-02
7.43344088398441794e-01
-2.42440543262546215e-02
7.41752825924541170e-01
-2.40132622164298502e-02
7.43585027124330389e-01
-2.39905409741481869e-02
7.42780425688640000e-01
2.46902503844525639e-02
7.41126534983005847e-01
2.44850998172430091e-02
7.43080670216753392e-01
2.44747858713495123e-02
7.42780748416713599e-01
-2.46896954302298910e-02
7.41126927535981528e-01
-2.44844224559860810e-02
7.43080842431240729e-01
-2.44741699765305930e-02
7.42088890865121864e-01
2.50467502113560989e-02
7.40358490749257858e-01
2.48742346566928896e-02
7.42455781879321375e-01
2.48788200615846673e-02
7.42089328109518775e-01
-2.50461779776137705e-02
7.40359043883113466e-01
-2.48735917357874245e-02
7.42456179833210883e-01
-2.48782588925063539e-02
7.53271807750169553e-01
-2.22570485310723438e-02
7.50616277515489760e-01
-2.21275833429382049e-02
7.49387160307360523e-01
-2.05750711923660123e-02
7.47128254938149494e-01
2.36064580713231525e-02
7.46750448038445369e-01
2.26525475741828942e-02
7.45638470526277186e-01
2.33987222374115698e-02
7.41252653155328733e-01
2.52923139006598664e-02
7.39430161794302765e-01
2.51610567702980625e-02
7.41695004851704143e-01
2.51834537098877854e-02
7.41253061662728641e-01
-2.52917598565337923e-02
7.39430731094175564e-01
-2.51604094100835486e-02
7.41695453204620714e-01
-2.51828868900200661e-02
7.62775666113857831e-01
-7.29606567582924675e-03
7.55080912111904645e-01
-7.21949677587505577e-03
7.58272767684328719e-01
-7.49567853239611719e-03
7.59939777357454549e-01
-1.37429072384696749e-02
7.53140009624025497e-01
-1.33700459979513159e-02
7.56451902336990667e-01
-1.47251367074910620e-02
7.46866983167232656e-01
2.41500451502185930e-02
7.45329741449900163e-01
2.39566974189689072e-02
7.47010956870089116e-01
2.38815118253732639e-02
7.46866599542743814e-01
-2.41500290547382278e-02
7.45329233074111364e-01
-2.39559010169566738e-02
7.47010087902290842e-01
-2.38811442275056220e-02
7.46522941647841054e-01
2.46324786711089941e-02
7.44931703147508784e-01
2.44535332902714141e-02
7.46707435909573891e-01
2.43973546423668051e-02
7.46522905582376994e-01
-2.46322185121555411e-02
7.44931637387890699e-01
-2.44531164510764544e-02
7.46707084708808977e-01
-2.43972727524770193e-02
7.50111206068201142e-01
-2.39314756727021724e-02
7.48621649796103572e-01
-2.37864039414735148e-02
7.48957863025627502e-01
-2.29046816359096198e-02
7.46091924550354890e-01
2.50336372555358330e-02
7.44433588370686405e-01
2.48747861937721991e-02
7.46321540110734594e-01
2.48419776527046589e-02
7.46092148519167719e-01
-2.50333547226932150e-02
7.44433839467840586e-01
-2.48743299851448725e-02
7.46321656165096159e-01
-2.48416913026553582e-02
7.52155871550356125e-01
2.09855654544385331e-02
7.50835230997859537e-01
1.99301846125078640e-02
7.49304222631960393e-01
2.05878630774511510e-02
7.45562970334517239e-01
2.53338370746725230e-02
7.43822626392031894e-01
2.52006301768522185e-02
7.45843608961225146e-01
2.51960135074944525e-02
7.45563280829457109e-01
-2.53335040583831071e-02
7.43822988989769063e-01
-2.52001773062269854e-02
7.45843898899600344e-01
-2.51957013808050585e-02
7.52164600863064026e-01
2.30688501922733935e-02
7.52194682335513010e-01
2.20113411339348426e-02
7.49173155818739445e-01
2.24650207186782129e-02
7.44923280994345571e-01
2.55090545866586658e-02
7.43084048560704091e-01
2.54083982445981599e-02
7.45261674215966785e-01
2.54376895478213641e-02
7.44923478316939724e-01
-2.55087432218562421e-02
7.43084331346161919e-01
-2.54079520810175201e-02
7.45261958358491849e-01
-2.54373614897316809e-02
7.50117945324705659e-01
2.39290860882689568e-02
7.51207329350689124e-01
2.35120315912150206e-02
7.48624040091757315e-01
2.37854619428155591e-02
7.49935129149460811e-01
2.44554713564913984e-02
7.48399996061344663e-01
2.43204372735963889e-02
7.50031895850750030e-01
2.41970494574482824e-02
7.49934225861375814e-01
-2.44562309039489112e-02
7.48399393400342783e-01
-2.43209034193799453e-02
7.50030931196113526e-01
-2.41983465882307479e-02
7.56782138850964681e-01
-1.96096732650472248e-02
7.55191095099890353e-01
-2.09195969013009977e-02
7.52680348110428388e-01
-1.86135359731184856e-02
7.49702131565307184e-01
2.49127751505738050e-02
7.48111323639727988e-01
2.47879320531611200e-02
7.49826760407597104e-01
2.46912394833597899e-02
7.49702311553452461e-01
-2.49128453477447109e-02
7.48111340623293986e-01
-2.47879375596249674e-02
7.49826670273798901e-01
-2.46915585543679914e-02
7.49410799345279433e-01
2.52815522167340635e-02
7.47749516925138691e-01
2.51706938979125334e-02
7.49565990800778681e-01
2.51073021928573739e-02
7.49411056475541515e-01
-2.52815554312655240e-02
7.47749756033633250e-01
-2.51705335181782903e-02
7.49566231414346085e-01
-2.51073232431626540e-02
7.49053213752227443e-01
2.55405069182856291e-02
7.47305742408431839e-01
2.54476791278580097e-02
7.49242937138370979e-01
2.54247374973662101e-02
7.49053503343184657e-01
-2.55404449280219985e-02
7.47306028408938894e-01
-2.54474904017641980e-02
7.49243229236511765e-01
-2.54246977898527557e-02
7.48620728602203189e-01
2.56642266707325546e-02
7.46769199282774521e-01
2.55944073334508429e-02
7.48849517675846288e-01
2.56203084480749049e-02
7.48620865275113179e-01
-2.56641809045658996e-02
7.46769351264299663e-01
-2.55942249570514507e-02
7.48849755611333712e-01
-2.56202502725651274e-02
7.65225730933587145e-01
-9.97565065337956657e-03
7.57843924911177580e-01
-9.79532336650068385e-03
7.60251269999118295e-01
-1.06533188632812921e-02
7.53091993907912594e-01
-2.41269875309366479e-02
7.51598995439678008e-01
-2.40486309157300626e-02
7.53212701053142974e-01
-2.31996259437091540e-02
7.53086483484208702e-01
2.41262397869746181e-02
7.52608015910201988e-01
2.36039971769826488e-02
7.51601989600618636e-01
2.40464112115269663e-02
7.52998070291636123e-01
2.46405509160602873e-02
7.51466216910124829e-01
2.45661764664487810e-02
7.53047486268262567e-01
2.43884154380541555e-02
7.52998648115762226e-01
-2.46413375498834679e-02
7.51466527005465568e-01
-2.45665441895296273e-02
7.53049109110009107e-01
-2.43884492612831821e-02
7.66902506441109577e-01
-6.72030084428081043e-03
7.58805311312590658e-01
-6.73082314298822752e-03
7.62125379263189129e-01
-6.81606586377911210e-03
7.52881245312307046e-01
2.50824783875955616e-02
7.51290925452540503e-01
2.50132409942838384e-02
7.52944046349503404e-01
2.48692330572102410e-02
7.52881741071591670e-01
-2.50827343695505592e-02
7.51291137003081477e-01
-2.50134816348733732e-02
7.52944524754968092e-01
-2.48697074694629872e-02
7.52734410071875137e-01
2.54313699511366821e-02
7.51071506901650920e-01
2.53697351884714789e-02
7.52812645712891859e-01
2.52677807311595323e-02
7.52734780604232712e-01
-2.54315927965975512e-02
7.51071848260053132e-01
-2.53698326323286739e-02
7.52813058049300543e-01
-2.52680149070203287e-02
7.64558908655736169e-01
7.44303961648873618e-03
7.64517265697724158e-01
7.21303585411074786e-03
7.54805351564937443e-01
7.50327912057546960e-03
7.52554144111359569e-01
2.56651633722178134e-02
7.50802270247586390e-01
2.56134562267514125e-02
7.52649793727956484e-01
2.55628457844440417e-02
7.52554481857568791e-01
-2.56653474577837500e-02
7.50802569440383927e-01
-2.56135278499561685e-02
7.52650156458749886e-01
-2.55630452416748394e-02
7.58502748270583060e-01
1.70872839384300125e-02
7.56619006970818631e-01
1.90706429857428819e-02
7.54222978438977121e-01
1.67406991108873700e-02
7.57578236442030151e-01
1.80386983237031256e-02
7.53119493154557618e-01
1.91258475350200990e-02
7.52336081108879839e-01
2.57574711953688883e-02
7.50476719020813476e-01
2.57186490351876580e-02
7.52451442135093740e-01
2.57302920078261756e-02
7.52336274617547818e-01
-2.57576576893898609e-02
7.50476875684465194e-01
-2.57187239547841291e-02
7.52451723995249067e-01
-2.57304744705198797e-02
7.56803552507585464e-01
2.09482706044134340e-02
7.56700503085233511e-01
1.99783400526956922e-02
7.54494715427723062e-01
2.10276883332720654e-02
7.62995813812901824e-01
6.74883695019928669e-03
7.57252315226305317e-01
6.79496225949620218e-03
7.62843990362779278e-01
6.70036157569867379e-03
7.59218207391277655e-01
1.43168244296353366e-02
7.54667833945060096e-01
1.44163277357278047e-02
7.58856195216235596e-01
1.55812829187621966e-02
7.60281542935863586e-01
1.23295687433563322e-02
7.54965716158716882e-01
1.22879287401997991e-02
7.59749914400718152e-01
1.32418655369499240e-02
7.57428472611056169e-01
2.30955668689876471e-02
7.57082961353589989e-01
2.20074106975488189e-02
7.54808350042079912e-01
2.31537858521448543e-02
7.64371362389969611e-01
7.97137813991776432e-03
7.64464299305439798e-01
7.68373369090546987e-03
7.55499490350360015e-01
8.01814615037287938e-03
7.56060438489088549e-01
2.47025775106050650e-02
7.56062903070506720e-01
2.41924589739576749e-02
7.54529180460178028e-01
2.46897702599593385e-02
7.54574285267199607e-01
2.41779667489095303e-02
7.56060173615543563e-01
2.44527355470528888e-02
7.56062019942377539e-01
-2.47034217123874474e-02
7.56069307147959391e-01
-2.41908269234557514e-02
7.54530505517236216e-01
-2.46901871552035572e-02
7.56062096555458085e-01
-2.44532925740154339e-02
7.54581240881701865e-01
-2.41801940022853060e-02
7.56783806812071469e-01
2.36542914347706787e-02
7.56060346644859327e-01
2.51393440436141341e-02
7.54470519937556205e-01
2.51266134304299511e-02
7.56060246227382105e-01
2.49288749662457190e-02
7.56060969126447824e-01
-2.51398901545981032e-02
7.54471073036181217e-01
-2.51270657665684724e-02
7.56061015329036801e-01
-2.49296064125867321e-02
7.61967492730009410e-01
1.06355953251847657e-02
7.55611824997969417e-01
1.06958470145683150e-02
7.61125567378591938e-01
1.14076890062414209e-02
7.56814861344804801e-01
-2.21602356893649752e-02
7.56477174481553827e-01
-2.31889508006916066e-02
7.55054119653728595e-01
-2.22408712151864543e-02
7.62343573468938440e-01
-1.64524029153346601e-02
7.57510271553178183e-01
-1.62397163617420473e-02
7.59683574002933182e-01
-1.79776295617866018e-02
7.56060376550516389e-01
2.54814951313165131e-02
7.54397029082544690e-01
2.54698115610269664e-02
7.56060357033148667e-01
2.53215170687210514e-02
7.56060885937275495e-01
-2.54819035883311930e-02
7.54397473012669906e-01
-2.54701359461977431e-02
7.56060902298342885e-01
-2.53219734204583428e-02
7.56060397085362657e-01
2.57068278707031812e-02
7.54306800001803279e-01
2.56966713846396924e-02
7.56060389169721514e-01
2.56090311000389988e-02
7.56060820282243529e-01
-2.57071898999989383e-02
7.54307176170110005e-01
-2.56969547383662442e-02
7.56060852967574748e-01
-2.56094083003415192e-02
7.56060403306329731e-01
2.57885754885076070e-02
7.54197679571133928e-01
2.57808429076346185e-02
7.56060401379227143e-01
2.57670227179220626e-02
7.56060730006336890e-01
-2.57889298120137049e-02
7.54197933809094057e-01
-2.57811250612860685e-02
7.56060782126180664e-01
-2.57673783694931241e-02
7.64131929354744832e-01
8.59480875058132344e-03
7.64250326427011739e-01
8.25994295873650267e-03
7.55970500087881803e-01
8.67652343007099119e-03
7.63178582851478104e-01
9.46099711440381158e-03
7.55918415399807864e-01
9.53411866208982162e-03
7.62572007005725694e-01
1.00011555688007264e-02
7.56804886417017375e-01
-2.08448160437239537e-02
7.63654314006209312e-01
8.99464133273397519e-03
7.59784730154960730e-01
2.57574634224605435e-02
7.59566657280678625e-01
2.56651611314969511e-02
7.57923128907049382e-01
2.57808406082166916e-02
7.57813996023443570e-01
2.56966695375674889e-02
7.59669364434107819e-01
2.57302858621519630e-02
7.59785214261606834e-01
-2.57578984142638294e-02
7.59567178155754696e-01
-2.56655989571494061e-02
7.57923531445014009e-01
-2.57812471822859261e-02
7.59669863943512436e-01
-2.57307216565396853e-02
7.57814473316313686e-01
-2.56970811620357009e-02
7.59386369093016711e-01
2.54313780955868381e-02
7.57723733663334897e-01
2.54698240688536991e-02
7.59471001397953094e-01
2.55628452321634628e-02
7.59386965893233290e-01
-2.54318353860017027e-02
7.59471557338209813e-01
-2.55632900126983517e-02
7.57724272662618770e-01
-2.54702719858088608e-02
7.59018715905955599e-01
-2.41279688270086314e-02
7.57805240816466053e-01
-2.31651126435870776e-02
7.57544328833200664e-01
-2.41778780218264433e-02
7.59239433764546723e-01
2.50825745975216258e-02
7.57650137329785367e-01
2.51266670269881948e-02
7.59308110648002743e-01
2.52678276129494478e-02
7.59240029374179448e-01
-2.50830412323417157e-02
7.59308732584603518e-01
-2.52682984489500211e-02
7.57650843809207775e-01
-2.51272283945814835e-02
7.59121869701230967e-01
2.46406766561905986e-02
7.57591265334603747e-01
2.46901430204983265e-02
7.59176612288445019e-01
2.48693394377402510e-02
7.59122000593355994e-01
-2.46411018169910845e-02
7.59177393305525916e-01
-2.48697969956395981e-02
7.57591758047798991e-01
-2.46910150010867802e-02
7.68751623093217651e-01
-7.90249564664326394e-03
7.61239109447698570e-01
-7.84198762141413187e-03
7.64257157154832445e-01
-8.25993489619536447e-03
7.59028154067434957e-01
2.41268901655916079e-02
7.57545549590472711e-01
2.41782797212358458e-02
7.59072835309938854e-01
2.43888903015846946e-02
7.59072675055407209e-01
-2.43893908251231854e-02
7.58175733800759089e-01
2.36223700875356143e-02
7.70124162662714329e-01
-1.15664251314215628e-02
7.65075938413376955e-01
-1.26401493089457716e-02
7.62608212401900465e-01
-1.16337973472791442e-02
7.63500084241029664e-01
2.56642063743520582e-02
7.63067601735199719e-01
2.55404905552644064e-02
7.61644094165446095e-01
2.57186367504941039e-02
7.61318539708898512e-01
2.56134444999698979e-02
7.63271292632682563e-01
2.56202887817690711e-02
7.63500709698366586e-01
-2.56646444480598743e-02
7.63068210211292897e-01
-2.55409279942264041e-02
7.61644649161655640e-01
-2.57190816064515396e-02
7.63271904130272683e-01
-2.56207268203452326e-02
7.61319110018427003e-01
-2.56138886822741794e-02
7.62710049962173287e-01
2.52815457565934779e-02
7.61049302990898013e-01
2.53697502201367144e-02
7.62877891586082657e-01
2.54247236531827681e-02
7.62710687111670449e-01
-2.52819653452831632e-02
7.62878511473942034e-01
-2.54251530816653262e-02
7.61049911596891060e-01
-2.53701968048162321e-02
7.62418733570311091e-01
2.49128740753565073e-02
7.60829849098344169e-01
2.50132907718913534e-02
7.62554855718393654e-01
2.51073307095448540e-02
7.62419425722706823e-01
-2.49133183430463902e-02
7.62555487927560005e-01
-2.51077661253930363e-02
7.60830532388894532e-01
-2.50136936454775222e-02
7.62186359117127621e-01
2.44556829120354431e-02
7.60654493894669104e-01
2.45662807980930875e-02
7.62294105870476080e-01
2.46913622135743714e-02
7.62187829531669636e-01
-2.44559309592479943e-02
7.62294785237188299e-01
-2.46916638234205600e-02
7.60655221553961369e-01
-2.45663957608520007e-02
7.62008145727147923e-01
2.39302907677441321e-02
7.60518410588530758e-01
2.40467365813381226e-02
7.62088700413400821e-01
2.41974291121640692e-02
7.62018321497897833e-01
-2.39319047587090716e-02
7.62089616704394568e-01
-2.41980344532324795e-02
7.60519131341313659e-01
-2.40468966160061991e-02
7.61704874350269345e-01
1.87621765629948506e-02
7.60027721180698501e-01
1.79179557516022728e-02
7.59160493012369098e-01
1.89785304073156018e-02
7.62594760422304119e-01
-2.18390379621324071e-02
7.59695116957310512e-01
-2.20915173376207870e-02
7.62276344891543722e-01
-2.28864035187776663e-02
7.62822629861483859e-01
2.28356392323738784e-02
7.60110538377226308e-01
2.30402065842881497e-02
7.62425051075056648e-01
2.33880327916616282e-02
7.62133637128859509e-01
2.05493798138270851e-02
7.59471333146048755e-01
2.08279946802853340e-02
7.62395181532699362e-01
2.16730842314241841e-02
7.61887044767466382e-01
1.96274671514115213e-02
7.64089412256827583e-01
-1.94832632307873344e-02
7.63330944718853321e-01
-2.06223809373618470e-02
7.60382123292437928e-01
-1.96914808684214952e-02
7.67197508852826004e-01
2.55090301115484634e-02
7.66557847169167417e-01
2.53338090608503826e-02
7.65351604840558752e-01
2.55943812748785568e-02
7.64815078063499687e-01
2.54476558907754183e-02
7.66859125257748353e-01
2.54376637219632662e-02
7.67198253719395429e-01
-2.55094208754877531e-02
7.66558529575565140e-01
-2.53341969828815329e-02
7.65352290446333350e-01
-2.55948037470380453e-02
7.66859833579108141e-01
-2.54380522444534463e-02
7.64815728366640690e-01
-2.54480680826982379e-02
7.66028953909396515e-01
2.50336200371236543e-02
7.64371342687209632e-01
2.51706769141287583e-02
7.66277232790953944e-01
2.51959912454642332e-02
7.66029626776095762e-01
-2.50339790916830479e-02
7.66277908752035497e-01
-2.51963659715732403e-02
7.64371986750937316e-01
-2.51710942230264009e-02
7.65598038966909700e-01
2.46324045926783128e-02
7.64009669154154580e-01
2.47879700783864669e-02
7.65799401455226847e-01
2.48419360414455746e-02
7.65598589887801384e-01
-2.46328469222874512e-02
7.65800038446033726e-01
-2.48423318103579358e-02
7.64010307184289084e-01
-2.47883440991479714e-02
7.65253834260633869e-01
2.41500743594320402e-02
7.63720810902855929e-01
2.43207985183307301e-02
7.65413737329092125e-01
2.43973530325091795e-02
7.65253998061991569e-01
-2.41500960094721724e-02
7.65414482126410278e-01
-2.43976871584144564e-02
7.63721580719758597e-01
-2.43215947797919205e-02
7.64985343786411587e-01
2.36055010353697706e-02
7.63496855712351152e-01
2.37860609436097437e-02
7.65110058600275922e-01
2.38816769741379831e-02
7.64977208642469653e-01
-2.36054498778561668e-02
7.65110521831284363e-01
-2.38821290107662648e-02
7.63497778997529797e-01
-2.37863463847576354e-02
7.72455260411388900e-01
-6.91758778110832667e-03
7.64881132119973106e-01
-6.93888874089514107e-03
7.67623354685752490e-01
-7.10365427464164541e-03
7.63831622182307601e-01
2.32325230183345992e-02
7.63614733744077290e-01
-2.27362411891241095e-02
7.70868090777041215e-01
2.52923115215104508e-02
7.70031903480391300e-01
2.50467493336554541e-02
7.69036721768954545e-01
2.54083775035234480e-02
7.68298178198766113e-01
2.52006164957870905e-02
7.70425764224701326e-01
2.51834534140986110e-02
7.70868935009622502e-01
-2.52926182431560120e-02
7.70032655188315096e-01
-2.50470407877828177e-02
7.69037515859607890e-01
-2.54087331969751785e-02
7.70426555455191897e-01
-2.51837509372358180e-02
7.68298903306174008e-01
-2.52009564731799710e-02
7.69340413891891117e-01
2.46902549635640151e-02
7.67687290802693045e-01
2.48747499695309848e-02
7.69665030938960992e-01
2.48788241763421326e-02
7.69341137381447826e-01
-2.46905383261322060e-02
7.69665762434350365e-01
-2.48791074338413874e-02
7.67687958694302619e-01
-2.48750932880545533e-02
7.70674025965241483e-01
-1.38795757688589313e-02
7.65203972689109335e-01
-1.39927760940365478e-02
7.66564644923514504e-01
-1.51546510786818855e-02
7.68776998505056874e-01
2.42446696157357887e-02
7.67189337607174782e-01
2.44534764663112587e-02
7.69040257122312831e-01
2.44747493248330082e-02
7.68777627575970568e-01
-2.42450052497946086e-02
7.69040923686020284e-01
-2.44750585151226850e-02
7.67190049508872152e-01
-2.44537957338310068e-02
7.68327328599534343e-01
2.37281665923113998e-02
7.66791778749763120e-01
2.39563480683899419e-02
7.68535991111601424e-01
2.39911216731256600e-02
7.68328805067567622e-01
-2.37286082605026177e-02
7.68536631461272379e-01
-2.39913932853450355e-02
7.66792097612559953e-01
-2.39564082256593508e-02
7.67981638901598207e-01
2.31582982642987677e-02
7.66483523683516799e-01
2.33993301681159026e-02
7.68139323845338118e-01
2.34454857064140230e-02
7.67988753498293764e-01
-2.31598370902496922e-02
7.68139555102733018e-01
-2.34459767014966215e-02
7.66485576452525796e-01
-2.33992724440889380e-02
7.68076776692951491e-01
2.18860256158137333e-02
7.65462797194151667e-01
2.24270205514492185e-02
7.68001390751612001e-01
2.25211734408816179e-02
7.74502981654662137e-01
2.50145755812569530e-02
7.73484126181541165e-01
2.46815477696524996e-02
7.72690561941106524e-01
2.51610758952219328e-02
7.71762277757375159e-01
2.48742641476340266e-02
7.73964058137931787e-01
2.48590908481814594e-02
7.74503899144883157e-01
-2.50147626918992075e-02
7.73484939641328029e-01
-2.46817075389244821e-02
7.72691445305884628e-01
-2.51613260999709043e-02
7.73964915383514196e-01
-2.48592626999618004e-02
7.71763064934162357e-01
-2.48744926187336110e-02
7.70137917563243457e-01
-1.64850883264486062e-02
7.67177734611921514e-01
-1.79435090101737159e-02
7.66119485012774604e-01
-1.66185306272340801e-02
7.68855075541550304e-01
-2.08338559303017090e-02
7.65707411070899013e-01
-2.14323772985062153e-02
7.68371252762479640e-01
-2.19823490300757006e-02
7.67466475143615656e-01
1.95161638484894970e-02
7.64808294074449946e-01
2.01006569153322316e-02
7.67631988007975830e-01
2.06640197219905321e-02
7.72641425469157594e-01
2.42551026952153199e-02
7.70994301949840866e-01
2.44851321662890135e-02
7.73037044609303670e-01
2.44762110649970402e-02
7.72642180049067817e-01
-2.42552421459669501e-02
7.73037823315268380e-01
-2.44763577361328116e-02
7.70995031512417772e-01
-2.44853572151269953e-02
7.66833349848585422e-01
1.60722400234652660e-02
7.67215777238895225e-01
1.76439363077409185e-02
7.62668660926639874e-01
1.67091440063207447e-02
7.66982740986395517e-01
1.68273888041194468e-02
7.64474118979211026e-01
1.82618675311166691e-02
7.71954595755996897e-01
2.37544710641893232e-02
7.70368224506801424e-01
2.40140113883920009e-02
7.72275560572207587e-01
2.40100216399829029e-02
7.71955313697386236e-01
-2.37546755022169688e-02
7.72276317168315241e-01
-2.40101880121200151e-02
7.70368932522390470e-01
-2.40142744413486507e-02
7.74500363619923804e-01
-8.73984347624586454e-03
7.67094906927066500e-01
-8.76214385580418795e-03
7.69874707505565525e-01
-9.32904419222158401e-03
7.68486890478589313e-01
1.38508787007730269e-02
7.63824980690195443e-01
1.42065676451547211e-02
7.67633288448652418e-01
1.48799074909549932e-02
7.67277114424660067e-01
1.85434342127480563e-02
7.71406429909435420e-01
2.31954776426083475e-02
7.69868451470302917e-01
2.34784639673288539e-02
7.71660924326281528e-01
2.34780583289081295e-02
7.71406428489953666e-01
-2.31953415910592133e-02
7.71661683308481061e-01
-2.34781802652789598e-02
7.69868917997433067e-01
-2.34792061718183884e-02
7.70980893277185220e-01
2.25916623777420271e-02
7.69481652482220668e-01
2.28924065535299828e-02
7.71176637642934426e-01
2.28951009662193943e-02
7.70972841053015556e-01
-2.25921881021681099e-02
7.71176622945996870e-01
-2.28962085178769162e-02
7.69481175360051228e-01
-2.28923710192674851e-02
7.78093406761129702e-01
2.46764986279516298e-02
7.76908668318316509e-01
2.42410165055761996e-02
7.76304311977410677e-01
2.48530721146915309e-02
7.75201632330355217e-01
2.44711304494183920e-02
7.77466784946289846e-01
2.44663880163349390e-02
7.78094369807609265e-01
-2.46765433972770259e-02
7.76909519001662163e-01
-2.42410299299554224e-02
7.76305257390745629e-01
-2.48531906011268434e-02
7.77467685419970467e-01
-2.44664163202068900e-02
7.75202462686807259e-01
-2.44712140852087062e-02
7.69193422279147998e-01
-1.92928647366791932e-02
7.66566227623417085e-01
-1.94645086932753140e-02
7.68997185186640841e-01
-2.00482213478740262e-02
7.69411998904876659e-01
2.22539681553354136e-02
7.75928526329668911e-01
2.37327285255256523e-02
7.74289154249096834e-01
2.40059072970662327e-02
7.76388690561760630e-01
2.39918951461650619e-02
7.75929291662715626e-01
-2.37326776892370327e-02
7.76389490778022440e-01
-2.39918781664363451e-02
7.74289939370536806e-01
-2.40059687496575504e-02
7.69726568640841324e-01
-2.17070283886627684e-02
7.75129586587026354e-01
2.31676514389047190e-02
7.73545272460251288e-01
2.34749445877999313e-02
7.75502944238442793e-01
2.34530339737475425e-02
7.75130514915306934e-01
-2.31676421586690384e-02
7.75503737958134876e-01
-2.34529997227935286e-02
7.73546051451174055e-01
-2.34749305735451018e-02
7.76247160563095950e-01
6.65484465169953812e-03
7.69613584529662442e-01
6.72125028010231700e-03
7.70375807325689443e-01
6.83844024895533843e-03
7.74492081222993733e-01
2.25595017868875126e-02
7.72950711487708775e-01
2.28931078474829894e-02
7.74788033202829851e-01
2.28645718841799690e-02
7.74493446822483556e-01
-2.25592901189047498e-02
7.74788917230007534e-01
-2.28643534765352284e-02
7.72951670292209903e-01
-2.28931815386214134e-02
7.81630701622629487e-01
2.42789100006587620e-02
7.80299426115338979e-01
2.37285180887150879e-02
7.79869251362436788e-01
2.44851218771804033e-02
7.78610258386196574e-01
2.39943032955562512e-02
7.80926639149295609e-01
2.40075166403830829e-02
7.81631697499425737e-01
-2.42788052986320016e-02
7.80300289348546561e-01
-2.37283800884862048e-02
7.79870233107496369e-01
-2.44850986246097357e-02
7.80927565835102477e-01
-2.40073940503806593e-02
7.78611112677228934e-01
-2.39942314214233836e-02
7.78230560216082723e-01
-6.50608973386325971e-03
7.72578078370045884e-01
-6.61984744302829883e-03
7.69457834824246012e-01
-6.59811037280936229e-03
7.71919146817265811e-01
1.15269192590972212e-02
7.66088977681592453e-01
1.20363604831802886e-02
7.70186490777797550e-01
1.25739885906474627e-02
7.73994587021390235e-01
2.19192604421750425e-02
7.72489621238308888e-01
2.22728510427521176e-02
7.74224335292967081e-01
2.22390113964164200e-02
7.74002875570082294e-01
-2.19232078842896763e-02
7.74226556767007024e-01
-2.22394839949088229e-02
7.72488941838848198e-01
-2.22724439957312052e-02
7.79197696642916382e-01
2.31285327560349883e-02
7.77568154042174609e-01
2.34420812030913944e-02
7.79714976142414251e-01
2.34303258831040397e-02
7.79198444403701562e-01
-2.31283140280564778e-02
7.79715779926822061e-01
-2.34301478894111785e-02
7.77568929496306294e-01
-2.34419839773227709e-02
7.72710968059881598e-01
2.01950595952224837e-02
7.70438772184251608e-01
2.10804489079948580e-02
7.73214837642581143e-01
2.10413866530000278e-02
7.78299689226513047e-01
2.24914706168846783e-02
7.76718504553322364e-01
2.28427781036129700e-02
7.78719307531033023e-01
2.28101393528608934e-02
7.78300382921677469e-01
-2.24913215607618552e-02
7.78720009273771163e-01
-2.28099535658061285e-02
7.76719246674599240e-01
-2.28425833759273514e-02
7.74881333401766792e-01
-1.95418447144296674e-02
7.71838788654292007e-01
-2.02679792040539181e-02
7.74375232782659517e-01
-2.07012345035786291e-02
7.85106340656773760e-01
2.38227836480919553e-02
7.83650020389375812e-01
2.31478712049391945e-02
7.83376779881675311e-01
2.40581333265013179e-02
7.81981918275846954e-01
2.34473726328324091e-02
7.84336232220705809e-01
2.34849593661312049e-02
7.85107366491037961e-01
-2.38225224329073372e-02
7.83650898182765565e-01
-2.31475607747881826e-02
7.83377788592356405e-01
-2.40579581465219412e-02
7.84337182887996476e-01
-2.34846724856546361e-02
7.81982792819053141e-01
-2.34471387695409615e-02
7.72923443902956420e-01
1.84347902158109068e-02
7.70164059517401856e-01
1.90468331969806670e-02
7.72754191761310549e-01
1.92839844672659071e-02
7.77583341120950289e-01
2.18281872542923187e-02
7.76039958425442045e-01
2.22084414416457016e-02
7.77915768331678525e-01
2.21585439162652574e-02
7.77584090588748000e-01
-2.18275881169244235e-02
7.77916501221826429e-01
-2.21582070175647093e-02
7.76041487445857658e-01
-2.22085601234852832e-02
7.77631877657255277e-01
-7.26769395864636410e-03
7.70190336209919613e-01
-7.31695374200562812e-03
7.73198762637845372e-01
-7.57127057896756026e-03
7.82444335732979890e-01
2.24486547294809845e-02
7.80826968545940692e-01
2.27994716508837722e-02
7.83010467489802409e-01
2.27965547235956800e-02
7.82445090024816658e-01
-2.24482572506457222e-02
7.83011285742527874e-01
-2.27962065056098520e-02
7.80827699624953131e-01
-2.27992020334487865e-02
7.77030312362493758e-01
2.11485681206524355e-02
7.75514703151834239e-01
2.15497955311673463e-02
7.77283801796809559e-01
2.14856077076438882e-02
7.77033722844569619e-01
-2.11477707907225254e-02
7.77285520385443185e-01
-2.14855554933259738e-02
7.75520110984511901e-01
-2.15507120191947808e-02
7.74779929264056366e-01
-1.71885098906121477e-02
7.72251990689528323e-01
-1.69048436736944883e-02
7.72028519152691328e-01
-1.82709560511394795e-02
7.81461493922401718e-01
2.17339565299191836e-02
7.79885163292856176e-01
2.21250997570570825e-02
7.81920748108936414e-01
2.20884914227050186e-02
7.81461867088644735e-01
-2.17334504564823949e-02
7.81921343843426486e-01
-2.20880485653008260e-02
7.79885739703925163e-01
-2.21246744731099960e-02
7.88511947869505736e-01
2.33092274013692383e-02
7.86953782313540740e-01
2.25032726390760086e-02
7.86818444328451494e-01
2.35731456485637897e-02
7.85310093970832401e-01
2.28343540849514290e-02
7.87688092967561593e-01
2.29014655434202838e-02
7.88512987055498327e-01
-2.33088135151233861e-02
7.86954691295847386e-01
-2.25027919200647825e-02
7.86819473239538270e-01
-2.35728060436409190e-02
7.87689068177213403e-01
-2.29010203321239336e-02
7.85310998827062123e-01
-2.28339566883014912e-02
7.74874412948062363e-01
1.00379110217027629e-02
7.68404154469700895e-01
1.04274487253991251e-02
7.73387260043421620e-01
1.07197278313355682e-02
7.73732373744855928e-01
1.63953219712635080e-02
7.70442795326890195e-01
1.71106120227182586e-02
7.73268962255245440e-01
1.73672178710647350e-02
7.74677415629283606e-01
-1.83000061871005024e-02
7.76934298396833034e-01
1.93493974329708093e-02
7.74788095631766982e-01
1.98080829921652261e-02
7.76903502637306231e-01
2.02228400093442118e-02
7.80677592853571856e-01
2.10109721733988015e-02
7.79133811995471048e-01
2.14333870853572230e-02
7.81041283805041009e-01
2.13687710745665872e-02
7.80677961445949031e-01
-2.10099115633024559e-02
7.81041666934997325e-01
-2.13681213918360188e-02
7.79134255078904658e-01
-2.14328488515645073e-02
7.85663178752564195e-01
2.16998301642097706e-02
7.84060645098806464e-01
2.20844972237947273e-02
7.86269242555613812e-01
2.20961304526277706e-02
7.85663952963873147e-01
-2.16992824340958845e-02
7.86270093056028907e-01
-2.20956197595647760e-02
7.84061354604935312e-01
-2.20840028910687068e-02
7.80537497319885198e-01
-9.63669144010288400e-03
7.72812741908279421e-01
-9.95622071508290608e-03
7.75350643938799378e-01
-1.05573614262585262e-02
7.80073901287496319e-01
2.02865237773103592e-02
7.78553801682602797e-01
2.07321738918643875e-02
7.80350372741282716e-01
2.06443528248417101e-02
7.80069037462150727e-01
-2.02828316510122175e-02
7.80349300374102328e-01
-2.06421847137065705e-02
7.78552718548957690e-01
-2.07292208794193772e-02
7.78919534769361044e-01
-1.88455995610374329e-02
7.76850777255953640e-01
-1.92261588397234090e-02
7.77968184030860543e-01
-1.99803395284228781e-02
7.84610876909996757e-01
2.09036775768887302e-02
7.83041610830022550e-01
2.13303104450365405e-02
7.85102608653434175e-01
2.12958424129393517e-02
7.84611225596619111e-01
-2.09027977202237147e-02
7.85103203472421907e-01
-2.12951677238877694e-02
7.83042167459495397e-01
-2.13297012470409497e-02
7.91839309040792472e-01
2.27394892087884916e-02
7.90203729563085377e-01
2.17992653291920677e-02
7.90185947049081072e-01
2.30313324840105797e-02
7.88587956643056920e-01
2.21596246536637821e-02
7.90974661293814774e-01
2.22600324869269839e-02
7.91840339834701923e-01
-2.27389576879044493e-02
7.90204674503762083e-01
-2.17986784413703727e-02
7.90186980827190300e-01
-2.30308481282541257e-02
7.90975654198060152e-01
-2.22594774033188919e-02
7.88588890915541962e-01
-2.21590898440120823e-02
7.75246105855661338e-01
1.43944011563653090e-02
7.71023547906710682e-01
1.53327882491206650e-02
7.74438163725396644e-01
1.53334459107591636e-02
7.83771469246314689e-01
2.01184048094312611e-02
7.82228500036457386e-01
2.05775117275594430e-02
7.84160997756896738e-01
2.05047971797585188e-02
7.83771479681326988e-01
-2.01177348131663138e-02
7.84161252746085613e-01
-2.05039373686345498e-02
7.82227640750726372e-01
-2.05760253817844421e-02
7.79394931364798760e-01
-1.95459986766599765e-02
7.88848248583466694e-01
2.08892941173253882e-02
7.87263580976988120e-01
2.13041316079445250e-02
7.89484852336601373e-01
2.13350271223434231e-02
7.88849084740127604e-01
-2.08886374044709340e-02
7.89485748580949886e-01
-2.13344123654444495e-02
7.87264363242712539e-01
-2.13034874166901401e-02
7.78816141075767687e-01
-1.33498986307714843e-02
7.74596563710544972e-01
-1.37716492463685908e-02
7.74528100955852561e-01
-1.48821158341965014e-02
7.79179495235121977e-01
1.70567127944804831e-02
7.75980396329255417e-01
1.78353960143429156e-02
7.78043081484578014e-01
1.81657700922380864e-02
7.81143997690210812e-01
1.84329717427272229e-02
7.79004491904353169e-01
1.89211462911878896e-02
7.80585781579699267e-01
1.93414497607007699e-02
7.83122021201536844e-01
1.93472133302543606e-02
7.81599994191120029e-01
1.98297509824309076e-02
7.83420969774928921e-01
1.97266009202613397e-02
7.83118911856813482e-01
-1.93442395037586347e-02
7.83419240597927335e-01
-1.97249593938798803e-02
7.81599836362868783e-01
-1.98288224638334745e-02
7.95080404158486020e-01
2.21149639785268998e-02
7.93392564252897503e-01
2.10406625179673616e-02
7.93471167830155588e-01
2.24340166733588246e-02
7.91808364486887961e-01
2.14278672843461540e-02
7.94188299005573861e-01
2.15638678225310576e-02
7.95081422514485658e-01
-2.21143825490524339e-02
7.93393539267472248e-01
-2.10400515106503559e-02
7.93472189819189433e-01
-2.24334478497180516e-02
7.94189302741341030e-01
-2.15632761810753346e-02
7.91809329176458632e-01
-2.14272654356602900e-02
7.87742796820418700e-01
2.00101466944451051e-02
7.86183186736440942e-01
2.04674736766218106e-02
7.88259359196208487e-01
2.04406040825694697e-02
7.87743339430565515e-01
-2.00092949010105686e-02
7.88260072028303282e-01
-2.04398484330227739e-02
7.86183675416147532e-01
-2.04666795633203988e-02
7.77872941284268316e-01
8.91918718294684547e-03
7.70510779094340292e-01
9.27042340534370637e-03
7.76367960883411756e-01
9.43391145734040655e-03
7.81243044667641606e-01
6.40443658403975526e-03
7.80624200992333095e-01
6.40550788688018340e-03
7.69796117697939208e-01
6.57625304192243666e-03
7.68284452325829426e-01
6.58406110217747437e-03
7.80945582962012774e-01
6.40277166282487639e-03
7.81975634280656196e-01
-1.09421911847452456e-02
7.75916848101336210e-01
-1.14490422369164010e-02
7.76364643037700475e-01
-1.23507014134775651e-02
7.91992850906037771e-01
2.00246564567702449e-02
7.90429436440262645e-01
2.04658285367678612e-02
7.92650317654171599e-01
2.05195445906774729e-02
7.91993754501231551e-01
-2.00240081076841596e-02
7.92651259266163977e-01
-2.05189147364149768e-02
7.90430291611964209e-01
-2.04651479983983219e-02
7.86861298135178244e-01
1.91619828851020135e-02
7.85321240039931756e-01
1.96517232885759750e-02
7.87270207082776841e-01
1.95770807950637442e-02
7.86861552173800050e-01
-1.91609290867546696e-02
7.87270680231259457e-01
-1.95762204307946067e-02
7.85321176336654991e-01
-1.96506058411713633e-02
7.82035099931379762e-01
1.88757943163576879e-02
7.98227426024391340e-01
2.14371811524015667e-02
7.96512682293657570e-01
2.02324499635613796e-02
7.96666191087430642e-01
2.17826612777452695e-02
7.94963865554591087e-01
2.06439902856701135e-02
7.97321304518364027e-01
2.08163357662889369e-02
7.98228461524311483e-01
-2.14366032911851093e-02
7.96513689428559046e-01
-2.02318618771404855e-02
7.96667213176048161e-01
-2.17820775829437041e-02
7.97322330163807047e-01
-2.08157534145944831e-02
7.94964855954307326e-01
-2.06433894868777411e-02
7.82535899344125152e-01
-1.69570688998024813e-02
7.82652492491718643e-01
-1.80846946903153449e-02
7.80751571593558458e-01
-1.79072639459983418e-02
7.79986362033950997e-01
1.77215918776842465e-02
7.90850941429776744e-01
1.90632800795785123e-02
7.89304202957127332e-01
1.95462981472937884e-02
7.91384562352131393e-01
1.95316180323333519e-02
7.90851755019155722e-01
-1.90626034090177372e-02
7.91385412223513218e-01
-1.95309483863449519e-02
7.89304961076879641e-01
-1.95455498447800816e-02
7.86182856177204292e-01
1.83460549724332109e-02
7.84655394898999270e-01
1.88583088741067599e-02
7.86493563385993855e-01
1.87449077412779469e-02
7.86180404279868017e-01
-1.83441994363710073e-02
7.86492833554242932e-01
-1.87434586952323484e-02
7.84652673431553094e-01
-1.88560269078007180e-02
7.84330723903497784e-01
-6.52727170911565364e-03
7.75599958715994298e-01
-6.65488736751420479e-03
7.78402396878672964e-01
-6.72466035076759502e-03
7.79601924647113309e-01
1.18503045812483471e-02
7.74033824848163743e-01
1.29389877213226621e-02
7.77387701033227296e-01
1.29990501513496930e-02
7.95089549240059368e-01
1.91137400212863726e-02
7.93551140472200101e-01
1.95773025107450586e-02
7.95758123500996617e-01
1.96561741247759450e-02
7.95090516724239138e-01
-1.91131558485407131e-02
7.95759110313456142e-01
-1.96555797963560604e-02
7.93552073934498448e-01
-1.95766888478876092e-02
7.80592057751602009e-01
6.46140829146634940e-03
7.71632023482912044e-01
6.59485148148606076e-03
7.78430313807435881e-01
6.54806458946019174e-03
7.89940669793702588e-01
1.81529658253836816e-02
7.88406932515458014e-01
1.86678857302206049e-02
7.90362885896197631e-01
1.85965261843385431e-02
7.89941639981748600e-01
-1.81525396262690493e-02
7.90363745009262431e-01
-1.85958847173811649e-02
7.88407200260594965e-01
-1.86670011158062248e-02
7.80927607147236191e-01
6.42633938889287590e-03
7.82555523627834315e-01
-1.53179479428805082e-02
7.78821782714001931e-01
-1.73964176024059280e-02
7.82452363418936980e-01
-1.61018402604386386e-02
8.01272798788729923e-01
2.07077943750569801e-02
7.99556180493915414e-01
1.93797103630078023e-02
7.99763322813835442e-01
2.10788599207790486e-02
7.98046701988197160e-01
1.98130314420785283e-02
8.00365927781184761e-01
2.00209095596107119e-02
8.01273894809978460e-01
-2.07072196781951205e-02
7.99557239624368643e-01
-1.93791199712020495e-02
7.99764384158795583e-01
-2.10782894177008427e-02
8.00367002969589514e-01
-2.00203222867273017e-02
7.98047732765957418e-01
-1.98124433322064315e-02
7.80564389727112617e-01
8.09247865094934148e-03
7.72335427324940316e-01
8.41441374073427853e-03
7.79214662053589135e-01
8.47433529825285768e-03
7.85866584464157247e-01
-6.30859030141658287e-03
7.80624028715581231e-01
-6.40385683638257722e-03
7.73305407882842744e-01
-6.53351269111357262e-03
7.83246569160028216e-01
-6.35645702458801764e-03
7.68284069775906464e-01
-6.58392628253596287e-03
7.86330919141357332e-01
1.66034016988180801e-02
7.83741579199770055e-01
1.75531103891729094e-02
7.86200242719815146e-01
1.74429619655900175e-02
7.81618626805180572e-01
1.40180415774583574e-02
7.77663777464497663e-01
1.52793768779827966e-02
7.80265462978711133e-01
1.54068553167446987e-02
7.83109364881713343e-01
-7.74717452631422041e-03
7.75906988980026080e-01
-7.87888892948070824e-03
7.78813081449037381e-01
-8.21160974342821995e-03
7.93928149376537884e-01
1.80731162246226575e-02
7.92398000710213046e-01
1.85768314341261953e-02
7.94470885044806785e-01
1.85779030866294916e-02
7.93929131430688328e-01
-1.80727101696970538e-02
7.94471834955853828e-01
-1.85773833274931084e-02
7.92398910420304303e-01
-1.85762775776240723e-02
7.89240111672538824e-01
1.72905351988309995e-02
7.87715036311484540e-01
1.78286412004055039e-02
7.89561299457299026e-01
1.77108951500563779e-02
7.89240433808658715e-01
-1.72915039211590585e-02
7.89562246116147781e-01
-1.77110314107754470e-02
7.87715189801105664e-01
-1.78285805308559774e-02
7.98130190731624833e-01
1.81644007339394689e-02
7.96620913201082081e-01
1.86464154577542021e-02
7.98800233567011908e-01
1.87514773472903240e-02
7.98131238787781250e-01
-1.81638221986006911e-02
7.98801281823675380e-01
-1.87508854237711693e-02
7.96621917215391218e-01
-1.86458702025427379e-02
7.86198604968095349e-01
-1.58325232443995746e-02
7.84353705012974411e-01
-1.64146020903614444e-02
7.86048503826172418e-01
-1.70133593861118496e-02
7.82168522002911204e-01
-1.38433249498536356e-02
7.78529128443828267e-01
-1.54729274180390158e-02
7.82207310864181826e-01
-1.45413832692653285e-02
8.04209193193975214e-01
1.99285779849581006e-02
8.02514890099734091e-01
1.84875316203377237e-02
8.02755107528354550e-01
2.03243286164986325e-02
8.01048838043491362e-01
1.89400782819569118e-02
8.03314393406724947e-01
1.91811210277582668e-02
8.04210370195188373e-01
-1.99279594241261841e-02
8.02516019533859759e-01
-1.84868738579602246e-02
8.02756244502216276e-01
-2.03237403948012922e-02
8.03315538799204365e-01
-1.91804760623008365e-02
8.01049929686731721e-01
-1.89394589168841512e-02
7.93002685442103505e-01
1.71037462771083185e-02
7.91478475698788486e-01
1.76372751635712303e-02
7.93431812577856332e-01
1.75741378058648819e-02
7.93003999826129458e-01
-1.71036127756850134e-02
7.93432880764498361e-01
-1.75737737235665652e-02
7.91479677368687295e-01
-1.76371683731180694e-02
7.80285878739829464e-01
-1.36474459651712392e-02
7.87658943617574270e-01
1.69294676524394914e-02
7.96966026582736076e-01
1.70498700251608681e-02
7.95456677633272435e-01
1.75691584026571070e-02
7.97510045263940315e-01
1.75885615257566907e-02
7.96967045403506158e-01
-1.70494937593551367e-02
7.97511087461759804e-01
-1.75880669094440785e-02
7.95457677550609032e-01
-1.75686853427238047e-02
7.82570489155631654e-01
7.49427795366488202e-03
7.73461218236887738e-01
7.79630455109321142e-03
7.81564302845506598e-01
7.77137135167376043e-03
7.85649524608860395e-01
1.44822256581177127e-02
7.82429968415334964e-01
1.58023486147101377e-02
7.85777894007326227e-01
1.54611443979686715e-02
8.01105941600479543e-01
1.71844437577449195e-02
7.99630230849567414e-01
1.76810304739146683e-02
8.01768118473243585e-01
1.78119875771191767e-02
8.01107048300045199e-01
-1.71837921011313600e-02
8.01769231676772387e-01
-1.78113251798625583e-02
7.99631309509980737e-01
-1.76804340260115038e-02
7.92290364106555844e-01
1.61981621088156946e-02
7.90770376723705759e-01
1.67542250668913754e-02
7.92617004739863629e-01
1.66379489736561276e-02
7.92295403194636538e-01
-1.62015875582527183e-02
7.92618868874249261e-01
-1.66388785661328725e-02
7.90773876903464790e-01
-1.67558045514998970e-02
8.07029534404717808e-01
1.91014215157993168e-02
8.05380421093799592e-01
1.75609282650938427e-02
8.05634343429321720e-01
1.95208949393305582e-02
8.03961988457150722e-01
1.80301977675147579e-02
8.06158927240894441e-01
1.83005222024382394e-02
8.07030787619719248e-01
-1.91006995347167835e-02
8.05381612310292705e-01
-1.75601531707843296e-02
8.05635563820502831e-01
-1.95202334750143001e-02
8.06160140863147912e-01
-1.82997653984890325e-02
8.03963142439210632e-01
-1.80294828404231298e-02
7.96038622433262844e-01
1.60257741112452175e-02
7.94528708602693978e-01
1.65723668358596192e-02
7.96468652059379112e-01
1.65210133753752077e-02
7.96039872691846617e-01
-1.60250798021877028e-02
7.96469757094661168e-01
-1.65205799989029609e-02
7.94530058081501012e-01
-1.65725227110143612e-02
7.90811656229191473e-01
-1.42584131156843329e-02
7.88494429079804826e-01
-1.50674745585166001e-02
7.89942493135428081e-01
-1.56851157661068753e-02
7.99955025016739318e-01
1.60035298378241216e-02
7.98471358241806484e-01
1.65333039029313435e-02
8.00492879575708804e-01
1.65725423576708920e-02
7.99956241987521799e-01
-1.60029363119223236e-02
8.00494034001293042e-01
-1.65719318605477804e-02
7.98472519625277544e-01
-1.65328015907884214e-02
7.84151178652277014e-01
7.04130225887687755e-03
7.74346032127623318e-01
7.30068870735178267e-03
7.83358815604764835e-01
7.25017354123970014e-03
8.04007276928656478e-01
1.61814577809525316e-02
8.02569909714937801e-01
1.66887984879912181e-02
8.04652795269483190e-01
1.68440847670141003e-02
8.04008437294269407e-01
-1.61806618920598555e-02
8.04653965396160520e-01
-1.68432921890771872e-02
8.02571075968170344e-01
-1.66880953886097277e-02
7.90963247101996947e-01
1.45232323681035690e-02
7.88671441382062133e-01
1.55758110436041205e-02
7.91492115775291438e-01
1.53065033847858238e-02
8.09727032159395677e-01
1.82283244147260250e-02
8.08144185040445051e-01
1.66047986515742603e-02
8.08394098887186718e-01
1.86705068457175757e-02
8.06777648123586322e-01
1.70883429151078466e-02
8.08891786977159133e-01
1.73826493846673501e-02
8.09728340529113799e-01
-1.82274510642324375e-02
8.08145421924169716e-01
-1.66038602874055488e-02
8.08395384820285501e-01
-1.86697182404097321e-02
8.08893052125101764e-01
-1.73817351556772165e-02
8.06778860307573176e-01
-1.70874827385872619e-02
7.95327412131012101e-01
1.50828464341153760e-02
7.93815183336580854e-01
1.56488339300573480e-02
7.95653161475382120e-01
1.55390538156899034e-02
7.95327026543759086e-01
-1.50810822329860150e-02
7.95654076049192915e-01
-1.55385345277542098e-02
7.93817089556378974e-01
-1.56479945017332506e-02
7.83885666324489749e-01
1.23014817107058045e-02
7.79520178211543846e-01
1.34352455989201012e-02
7.82704582417030781e-01
1.31062122885895263e-02
7.83729187624402135e-01
1.01460285583148367e-02
7.77790525389043585e-01
1.09268748608567084e-02
7.81638799733957224e-01
1.09251145104311363e-02
7.99039465227212808e-01
1.49310720554251680e-02
7.97548564028659257e-01
1.54850512872538523e-02
7.99463616113076259e-01
1.54481151111216658e-02
7.99040428144164649e-01
-1.49304648628805041e-02
7.99464796609685280e-01
-1.54474960636597439e-02
7.97549305788369134e-01
-1.54843779200163848e-02
7.88617882782989943e-01
-1.29292984316389629e-02
7.85595551008384851e-01
-1.41449739760713400e-02
7.87322101538418639e-01
-1.42751756939263411e-02
8.02885005769226057e-01
1.49434946213289586e-02
8.01432273768493464e-01
1.54792585541997409e-02
8.03409488123530635e-01
1.55384876077701746e-02
8.02886327082837026e-01
-1.49428718418798540e-02
8.03410700854774062e-01
-1.55377506503332589e-02
8.01433427092947737e-01
-1.54785857543148567e-02
8.06824149095411891e-01
1.51626458908283804e-02
8.05430220007799624e-01
1.56771650853196921e-02
8.07444897446358612e-01
1.58539002407330834e-02
8.06825366548419520e-01
-1.51616648630621721e-02
8.07446115584243063e-01
-1.58529374683225970e-02
8.05431426114131988e-01
-1.56763151152883203e-02
8.12295203410444477e-01
1.73113983212077917e-02
8.10797474647481198e-01
1.56238200652070863e-02
8.11027729039362488e-01
1.77752258656387954e-02
8.09487174365295936e-01
1.61192996258867037e-02
8.11505309687836629e-01
1.64309758677957593e-02
8.12296529982233007e-01
-1.73103421644475002e-02
8.10798740724595124e-01
-1.56226867198692564e-02
8.11029052209508716e-01
-1.77742643571902233e-02
8.11506600477650553e-01
-1.64298765266303499e-02
8.09488427497832785e-01
-1.61182651802025123e-02
7.87212632062807227e-01
-6.71966195337530062e-03
7.79820308100036774e-01
-6.84771789553885023e-03
7.82429224221020236e-01
-6.98320267392447784e-03
7.87233980923760734e-01
6.65575596859570035e-03
7.75841855495930099e-01
6.90606360676717258e-03
7.85694631209138517e-01
6.83183588526706069e-03
7.94980703088506768e-01
-1.30832417391518394e-02
7.92871057467819718e-01
-1.36868743100843123e-02
7.93613414712617260e-01
-1.45663203401871482e-02
7.98339530423712529e-01
1.39552031215756378e-02
7.96840497066117259e-01
1.45252717331727562e-02
7.98658552242342390e-01
1.44252326714693173e-02
7.98338118496598526e-01
-1.39545511650560478e-02
7.98659480083889650e-01
-1.44250573739886975e-02
7.96840537966551410e-01
-1.45237335342135194e-02
7.95050753548264044e-01
-1.40166948148475277e-02
8.01992579758313173e-01
1.38306785489499141e-02
8.00526030244128273e-01
1.43858649418696066e-02
8.02406057302243680e-01
1.43658355530564621e-02
8.01993811222781461e-01
-1.38301462580926512e-02
8.02407282692077728e-01
-1.43651570888273638e-02
8.00527652113297461e-01
-1.43855794760513987e-02
7.88157326160809246e-01
1.21196828580624801e-02
7.84831444109186149e-01
1.31310689835852437e-02
7.86820107092802923e-01
1.32090619438330146e-02
8.14727875298665860e-01
1.63528532866289190e-02
8.13331547801076749e-01
1.46223824265412829e-02
8.13528904264129049e-01
1.68372086431077851e-02
8.12081840603227412e-01
1.51276179939730214e-02
8.13991956490091595e-01
1.54488716459644446e-02
8.14729182079508507e-01
-1.63516050052763678e-02
8.13332808488890113e-01
-1.46210639564675841e-02
8.13530228740010242e-01
-1.68360536264901620e-02
8.13993239066147067e-01
-1.54475879315795935e-02
8.12083100477597464e-01
-1.51263942111579536e-02
7.95145213803218676e-01
1.28239570083306057e-02
7.93065111648925680e-01
1.36824280504729955e-02
7.95116116418191132e-01
1.38728194268902139e-02
8.05744723041477040e-01
1.38792808779146480e-02
8.04328386487110025e-01
1.44162110067590030e-02
8.06249155060682288e-01
1.44947054104964806e-02
8.05745957828610693e-01
-1.38783757248172740e-02
8.06250389713356164e-01
-1.44937527611310769e-02
8.04329588104026549e-01
-1.44153341806246317e-02
8.09546076312119944e-01
1.41347825069948925e-02
8.08200825225432018e-01
1.46531704743742396e-02
8.10134769540241884e-01
1.48472275573342544e-02
8.09547293645400567e-01
-1.41336098246201691e-02
8.10136007708614048e-01
-1.48460716937155006e-02
8.08202048145576279e-01
-1.46520867138761699e-02
7.91803140766954461e-01
1.23592322358988416e-02
7.88699402734429178e-01
1.34577625124905984e-02
7.91278774801805862e-01
1.33619009275501299e-02
8.17019197520835072e-01
1.53549902884074236e-02
8.15737664558107700e-01
1.36045709446861660e-02
8.15891616593938052e-01
1.58587086736382936e-02
8.14552889582865980e-01
1.41175385328221967e-02
8.16344346379684449e-01
1.44395860309333955e-02
8.17020460312243735e-01
-1.53535687202333640e-02
8.15738889963123270e-01
-1.36030933921015510e-02
8.15892906359042436e-01
-1.58573691408182629e-02
8.16345592449701285e-01
-1.44381390848120107e-02
8.14554129004363303e-01
-1.41161394749726547e-02
8.01306214294355668e-01
1.28234126452886968e-02
7.99833754160688581e-01
1.33966553861375043e-02
8.01621663916120886e-01
1.33096302000274801e-02
8.01312965291024581e-01
-1.28279248374823865e-02
8.01623752931725719e-01
-1.33100757678448582e-02
7.99835587470392406e-01
-1.33969439054971648e-02
8.12162173654993103e-01
1.31040805110361220e-02
8.10871021330982322e-01
1.36232413410793500e-02
8.12712536136150354e-01
1.38294210538842405e-02
8.12163371171893966e-01
-1.31027013420099356e-02
8.12713763063287908e-01
-1.38280738631062043e-02
8.10872264804695875e-01
-1.36219440354813596e-02
8.04887034139339486e-01
1.27356202840696493e-02
8.03451701736521917e-01
1.32868801922584497e-02
8.05284098447923591e-01
1.32841873402115788e-02
8.04888429028871366e-01
-1.27343887912613109e-02
8.05285382860577825e-01
-1.32832492221120948e-02
8.03453392269409372e-01
-1.32866505651212490e-02
8.08521916025836673e-01
1.28191699868993939e-02
8.07148139159856837e-01
1.33530285612906540e-02
8.09000550119257755e-01
1.34488509815756784e-02
8.08523218422483647e-01
-1.28178228165005161e-02
8.09001799000779620e-01
-1.34476139560097772e-02
8.07149437494826927e-01
-1.33519665733036197e-02
7.89801367894894524e-01
-8.16775558184468405e-03
7.82090137166550070e-01
-8.56175876016392924e-03
7.85184395701565174e-01
-8.84204034204424255e-03
7.98067085297620049e-01
1.21218252519446051e-02
7.96590719680277837e-01
1.24794035062080946e-02
7.98123245411641702e-01
1.29838535978896875e-02
7.99150542831870148e-01
-1.15831859970907773e-02
7.97068801034365393e-01
-1.23445649750866006e-02
7.98676625107855309e-01
-1.26951637985872196e-02
8.19163655388619905e-01
1.43202119070330765e-02
8.18007166774076477e-01
1.25741121981409690e-02
8.18110179002269344e-01
1.48420794673773705e-02
8.16891623120078569e-01
1.30929659020266043e-02
8.18555296468004512e-01
1.34062257697169368e-02
8.19164879003877133e-01
-1.43186464749010117e-02
8.18008347962948523e-01
-1.25724953924259593e-02
8.18111420870940798e-01
-1.48405837089839211e-02
8.18556501862285790e-01
-1.34046377222313412e-02
8.16892822646965944e-01
-1.30914164111347146e-02
7.94269621505201751e-01
-1.11075499357415636e-02
7.92489749598689230e-01
-1.25584244289422432e-02
7.91403422688671809e-01
-1.20507628338970933e-02
7.90021479893866840e-01
-9.96016942868912722e-03
7.85814896893480497e-01
-1.06035942273570351e-02
7.84466285004895014e-01
-1.15593087814202990e-02
8.14661329978245585e-01
1.20760439261612725e-02
8.13429855851294237e-01
1.25932540660555099e-02
8.15168196832788405e-01
1.28053291133946104e-02
8.14662493612388294e-01
-1.20744915382127692e-02
8.15169389565521763e-01
-1.28038159584705109e-02
8.13431061291690405e-01
-1.25917809173771260e-02
8.11204247534067391e-01
1.17705550446524209e-02
8.09879377757709906e-01
1.22978565018977155e-02
8.11651930948593558e-01
1.24078009735205524e-02
8.11205510394454654e-01
-1.17690369558039309e-02
8.11653162474908596e-01
-1.24063562467401408e-02
8.09880521087808170e-01
-1.22964829253758984e-02
8.04235942690348593e-01
1.17165014592454722e-02
8.02783814079656044e-01
1.22742901353215302e-02
8.04531582635839126e-01
1.22042866016726960e-02
8.04236152655048442e-01
-1.17130843683672260e-02
8.04533606901968068e-01
-1.22031182542306754e-02
8.02784769121726915e-01
-1.22738151977190551e-02
8.07709018111653743e-01
1.16547250090084827e-02
8.06311661383494305e-01
1.21987136639642359e-02
8.08085180734962605e-01
1.22123827001042098e-02
8.07710134868732887e-01
-1.16536461979521496e-02
8.08086358903177704e-01
-1.22110687789778478e-02
8.06312794819467715e-01
-1.21970137679823683e-02
8.21156086729226686e-01
1.32510186117788063e-02
8.20131569878943867e-01
1.15343273042561242e-02
8.20179249110332798e-01
1.37897745525811036e-02
8.19089464384591626e-01
1.20574260230596475e-02
8.20617883045549501e-01
1.23517285667772165e-02
8.21157300632798015e-01
-1.32493272050172375e-02
8.20132721380959606e-01
-1.15325770786015320e-02
8.20180457375349059e-01
-1.37881470216083442e-02
8.20619068936691010e-01
-1.23500080120553211e-02
8.19090635248884591e-01
-1.20557417744896860e-02
8.02157003087756726e-01
-1.11345006715748932e-02
8.01712678447606963e-01
-1.19464891839411360e-02
8.00624187401785314e-01
-1.13623144619387269e-02
7.93090042145468410e-01
-9.95262312094011455e-03
7.90739705624489697e-01
-1.12766187983931124e-02
7.87673011772868858e-01
-1.18713229549592732e-02
8.17032352632268921e-01
1.10554561687714620e-02
8.15866137367570410e-01
1.15683807371520647e-02
8.17491740986197368e-01
1.17792380822623697e-02
8.17033460248031917e-01
-1.10537650570618796e-02
8.17492891070309091e-01
-1.17775871536907866e-02
8.15867285118086372e-01
-1.15667564305875631e-02
7.88256731690855639e-01
8.83573779587040753e-03
7.81534183686544592e-01
9.51615443494165103e-03
7.85976490276093620e-01
9.43613337013516490e-03
7.97303965639852175e-01
1.05662815855122588e-02
7.94521557157415792e-01
1.14860361373291930e-02
7.96192342432299527e-01
1.16247282383510619e-02
7.88136791689196703e-01
-6.27377655381276995e-03
7.83191592415039550e-01
-6.39484590079846069e-03
7.87003934558964779e-01
-6.28774509604844607e-03
8.01427712120322600e-01
1.00757304806508956e-02
7.99773428446968637e-01
1.10745916596220705e-02
8.01208286693408267e-01
1.13171196170364363e-02
8.13778638624529482e-01
1.07403301398798379e-02
8.12509069584618437e-01
1.12577140540939969e-02
8.14191181471836223e-01
1.13777386672793551e-02
8.13779803670573343e-01
-1.07387279895110235e-02
8.14192348110368114e-01
-1.13761508115143867e-02
8.12510204856055407e-01
-1.12561411318541742e-02
7.90108176121294803e-01
9.78709590924095596e-03
7.84807560023186745e-01
1.08943727120207872e-02
7.86944908820605415e-01
1.09058187323169374e-02
8.22991699581471559e-01
1.21499968277777367e-02
8.22102657374858437e-01
1.04881052219971457e-02
8.22093848599835697e-01
1.27043359334112899e-02
8.21138053998616613e-01
1.10140334199142834e-02
8.22525495390983741e-01
1.12788449261921574e-02
8.22992919991416216e-01
-1.21481718177003026e-02
8.22103823782873167e-01
-1.04862173856212215e-02
8.22095052940068238e-01
-1.27025761161713019e-02
8.22526689724096594e-01
-1.12769848629101794e-02
8.21139233317257466e-01
-1.10122238919745045e-02
8.03137565621285021e-01
-1.14035366060548943e-02
8.10444938520433977e-01
1.05981296792850947e-02
8.09091914110172894e-01
1.11286119819268160e-02
8.10795981022206069e-01
1.11584715637941204e-02
8.10445538185748715e-01
-1.05964409336337766e-02
8.10797030535126084e-01
-1.11569786830243711e-02
8.09093233938477874e-01
-1.11270130594859542e-02
8.07091586195013866e-01
1.06230085448900599e-02
8.05675775092280833e-01
1.11712996385775858e-02
8.07373395253938697e-01
1.11177980581213375e-02
8.07093896616985385e-01
-1.06204482515674433e-02
8.07374515703640383e-01
-1.11156579454243856e-02
8.05678451860481037e-01
-1.11699623710945720e-02
8.19264026126239164e-01
1.00463200675126908e-02
8.18168632696283926e-01
1.05530207885504556e-02
8.19673232909099214e-01
1.07548320284250806e-02
8.19265151161202909e-01
-1.00445120524078023e-02
8.19674375665585764e-01
-1.07530564076046206e-02
8.18169731113171372e-01
-1.05512717252353172e-02
8.24666091672117019e-01
1.10198081145420467e-02
8.23912555347665276e-01
9.43789643807311715e-03
8.23849378357591533e-01
1.15883918624728622e-02
8.23029339242263180e-01
9.96544931797711982e-03
8.24271893085975704e-01
1.01901243963971651e-02
8.24667291917932310e-01
-1.10178222561081278e-02
8.23913751362115643e-01
-9.43588262013578434e-03
8.23850590196579802e-01
-1.15864790415086093e-02
8.24273087941741589e-01
-1.01881215242054755e-02
8.23030537782552418e-01
-9.96351541868079234e-03
7.98786967187473995e-01
-9.70745331035387238e-03
7.96498782262539673e-01
-1.04248936360218231e-02
7.96838761502577819e-01
-1.12494757000800288e-02
8.16231802216464297e-01
9.73415743241873126e-03
8.15024170434870521e-01
1.02388383820772762e-02
8.16605956807206268e-01
1.03639359874663599e-02
8.16232916337484626e-01
-9.73238186946305713e-03
8.16607048308204408e-01
-1.03621978144131602e-02
8.15025274947435152e-01
-1.02371655452368170e-02
8.13079553507868091e-01
9.57223777175393586e-03
8.11778933533177205e-01
1.00864381343029035e-02
8.13402523546168377e-01
1.01297992449673711e-02
8.13080767288753226e-01
-9.57068830617286044e-03
8.13403605089265680e-01
-1.01281293589895061e-02
8.11780288845889042e-01
-1.00848675775551920e-02
8.21345310601717449e-01
9.05174637864297749e-03
8.20326217791516932e-01
9.55070047693082000e-03
8.21702963023195676e-01
9.73512214674878210e-03
8.21346497525071495e-01
-9.04985675811046004e-03
8.21704139421444602e-01
-9.73323322917100074e-03
8.20327283857770650e-01
-9.54881812079548184e-03
8.26175254843641738e-01
9.86317893746640681e-03
8.25553859798094258e-01
8.38569437465764601e-03
8.25441632757994981e-01
1.04446366422616174e-02
8.24755676713310737e-01
8.91390429568063303e-03
8.25851261767808098e-01
9.08790382998679418e-03
8.26176377798979122e-01
-9.86102824236630843e-03
8.25555001784912701e-01
-8.38358537343240201e-03
8.25442806721171873e-01
-1.04425633712949984e-02
8.25852393867147039e-01
-9.08577555891682681e-03
8.24756852077734304e-01
-8.91184026575194549e-03
7.99252479883016287e-01
1.03298779954523641e-02
8.09872204974416365e-01
9.56638221671845569e-03
8.08497549001171767e-01
1.00961428553199024e-02
8.10132068959705243e-01
1.00593468034481989e-02
8.09873267275903364e-01
-9.56348935251295947e-03
8.10133438192265909e-01
-1.00575185184196073e-02
8.08496999067777389e-01
-1.00940143907596001e-02
7.96416694912080558e-01
9.27911025953918715e-03
7.92271155727301113e-01
1.07208294137074965e-02
7.94038959687736412e-01
1.06570836613138209e-02
8.05515372460905099e-01
9.12038364549949340e-03
8.03444909648731720e-01
9.60565672567406138e-03
8.04812120254795760e-01
1.03183591517388464e-02
8.04741553484261352e-01
-9.54821943283028218e-03
8.05799992552460154e-01
-1.00341862073217020e-02
8.03466246769735992e-01
-1.03265819475630797e-02
7.91896115225109276e-01
-6.95121707977224002e-03
7.84744349623351045e-01
-7.15040635507386245e-03
7.87508940546287506e-01
-7.32376723582870651e-03
7.92613807602039144e-01
6.31426419997915649e-03
7.84420511374100293e-01
6.51059689014952311e-03
7.89931162669073594e-01
6.47071958339068103e-03
8.18550222954775197e-01
8.75651760201938412e-03
8.17411331602957536e-01
9.24630657295601524e-03
8.18883867160849710e-01
9.37063866195674000e-03
8.18551101848334794e-01
-8.75454657211685409e-03
8.18884866923352939e-01
-9.36875103172022348e-03
8.17412290910652151e-01
-9.24442653756860078e-03
8.27515576506170025e-01
8.68287989386759378e-03
8.27019671116564048e-01
7.33304137908803635e-03
8.26866807204862941e-01
9.27582133180479204e-03
8.26309902004166208e-01
7.86115834019108367e-03
8.27258244787336894e-01
7.97430751393080756e-03
8.27516561746664880e-01
-8.68060788824610505e-03
8.27020674300444680e-01
-7.33086090549346907e-03
8.26867864566540600e-01
-9.27360673497099747e-03
8.27259242020511709e-01
-7.97208577025820819e-03
8.26310986311519557e-01
-7.85900477354129108e-03
8.06180847216823482e-01
9.80027822897478092e-03
8.23265527875651881e-01
8.07398051089471165e-03
8.22328022010656023e-01
8.56414825178363620e-03
8.23571555650469245e-01
8.72245546799454638e-03
8.23266726946468075e-01
-8.07199634760401817e-03
8.23572758308295905e-01
-8.72045465267118694e-03
8.22329156047725718e-01
-8.56213372178945588e-03
7.91143518470044271e-01
-1.00670271909226120e-02
7.94461753170468299e-01
9.21377391667865635e-03
7.89153043014842348e-01
1.07913069304678040e-02
7.91269024028305790e-01
1.05108057262766254e-02
8.01735576983066744e-01
-9.51370096039824004e-03
8.00445442876733360e-01
-1.05031929537231106e-02
8.00168834611085900e-01
-9.61305661567714125e-03
8.15598550979675707e-01
8.58406899661234846e-03
8.14357608867951277e-01
9.07861318271115797e-03
8.15890909777913786e-01
9.13233989764141753e-03
8.15599360541560348e-01
-8.58220299914242910e-03
8.15891914114548422e-01
-9.13056577523811176e-03
8.14358607818075675e-01
-9.07690678290969284e-03
8.03152301291873982e-01
-9.52335332830358053e-03
8.28683830491089846e-01
7.48174576532665506e-03
8.28303646013626937e-01
6.28105799918938449e-03
8.28121473566569177e-01
8.08474683830327605e-03
8.27685398871401468e-01
6.80854206475466593e-03
8.28487968038332245e-01
6.85126508586651056e-03
8.28684654495627226e-01
-7.47939439472121523e-03
8.28304493975342337e-01
-6.27881888311412721e-03
8.28122374409733242e-01
-8.08243293100558390e-03
8.28488806304307324e-01
-6.84897251008809074e-03
8.27686333715200506e-01
-6.80633044492355045e-03
7.97365828557396350e-01
-7.91592262526706614e-03
7.88785995310564259e-01
-8.99357822410213129e-03
7.89711847599401384e-01
-9.31174128111243900e-03
8.12555237344606107e-01
8.54886916511581399e-03
8.11230213281659340e-01
9.05819886683180420e-03
8.12792950175673101e-01
9.03778099176874919e-03
8.12558098323113209e-01
-8.54909009251686447e-03
8.12794425124748976e-01
-9.03630418925266063e-03
8.11230419795018087e-01
-9.05643279366262662e-03
8.20720803595941906e-01
7.81057892704128433e-03
8.19657161646177745e-01
8.28414753718461142e-03
8.21012696938797082e-01
8.40104869409805111e-03
8.20721475370066345e-01
-7.80837045184477104e-03
8.21013690827089082e-01
-8.39904108270251096e-03
8.19658182562445825e-01
-8.28215884394728138e-03
8.25014431988138841e-01
7.11443875608825434e-03
8.24163529144246620e-01
7.59515462708096507e-03
8.25270113675519723e-01
7.71851247398342225e-03
8.25015612914873242e-01
-7.11234826749093663e-03
8.25271269348452186e-01
-7.71641638775087766e-03
8.24164752172243387e-01
-7.59311765007737640e-03
7.94069980026006039e-01
-6.18488260981216002e-03
7.86135096233602337e-01
-6.36690506247790649e-03
7.89209690108640283e-01
-6.35623471226602361e-03
8.29677199210249849e-01
6.26266678859322811e-03
8.29400144102440340e-01
5.23047378284669223e-03
8.29202607650675438e-01
6.87427424360956187e-03
8.28876170261421463e-01
5.75699025884917909e-03
8.29536113376802664e-01
5.72051952089056188e-03
8.29677865914204227e-01
-6.26024897745912270e-03
8.29400841328114202e-01
-5.22817620524287409e-03
8.29203351986603665e-01
-6.87188899020423679e-03
8.29536796062775084e-01
-5.71816367615876966e-03
8.28876943544244127e-01
-5.75472221555647749e-03
8.17987368597365760e-01
7.63875735195829620e-03
8.16813414363585122e-01
8.11141280428529302e-03
8.18246583890655854e-01
8.17086310450053713e-03
8.17988150276102055e-01
-7.63682337695260113e-03
8.18247469891936419e-01
-8.16892565906023223e-03
8.16814636376512859e-01
-8.10945226313287103e-03
8.30493284687141120e-01
5.02855730845093354e-03
8.30304266036059779e-01
4.18165385296629787e-03
8.30107610867833690e-01
5.64730955891306827e-03
8.29876929687419218e-01
4.70704186064058259e-03
8.30398953942075302e-01
4.58363675607548638e-03
8.30493801890552441e-01
-5.02607726416761345e-03
8.30304809053594495e-01
-4.17929505229401848e-03
8.30108204046722586e-01
-5.64486125936383698e-03
8.30399485028498585e-01
-4.58121937681491183e-03
8.29877545281013762e-01
-4.70471105762140709e-03
8.08927404904494995e-01
8.43852598739947522e-03
8.07205182667609211e-01
8.78487779760939690e-03
8.09347341497034356e-01
8.96640437828256052e-03
8.26582481826620308e-01
6.17360478426599597e-03
8.25822930653763776e-01
6.64469960982902192e-03
8.26790313050869252e-01
6.72428284407174202e-03
8.26583532620959516e-01
-6.17149178551145046e-03
8.26791339322981655e-01
-6.72213415083067548e-03
8.25824038761739265e-01
-6.64261922596685178e-03
8.09600577107428609e-01
-7.64231313401277177e-03
8.07210355762523313e-01
-8.58740652434609487e-03
8.09641542878194675e-01
-8.51736135206107234e-03
8.22730210989551680e-01
6.89860558604456393e-03
8.21748416588740649e-01
7.35469625451514158e-03
8.22980444081865103e-01
7.45733958563004739e-03
8.22731354597458386e-01
-6.89642502429583300e-03
8.22981601872038615e-01
-7.45528457826237067e-03
8.21749641076124582e-01
-7.35281564319908293e-03
8.31130104779074785e-01
3.78236974590458880e-03
8.31011873366040099e-01
3.13464394993443612e-03
8.30834289828401351e-01
4.40678931223183884e-03
8.30683155277386676e-01
3.65888924158211870e-03
8.31073367432927257e-01
3.44203157463561201e-03
8.31130485575782507e-01
-3.77983285650542117e-03
8.31012273203421858e-01
-3.13222016554846839e-03
8.30834739369059272e-01
-4.40428256899480074e-03
8.31073758791780359e-01
-3.43955307785157993e-03
8.30683619560744990e-01
-3.65649385580899162e-03
8.15128139937883689e-01
7.58262800499853468e-03
8.13858814237030437e-01
8.06522781122849010e-03
8.15340924314601256e-01
8.06023744873741489e-03
8.15128436106830501e-01
-7.57995395999729038e-03
8.15342181306846658e-01
-8.05870283025090367e-03
8.13860418656836448e-01
-8.06444971104038934e-03
8.31586106518532708e-01
2.52709630579361650e-03
8.31519690659780375e-01
2.08922165149595662e-03
8.31380867966943771e-01
3.15568464972218379e-03
8.31291143997425319e-01
2.61244856331784708e-03
8.31556887373284814e-01
2.29699338101094393e-03
8.31586367084402922e-01
-2.52450360504174586e-03
8.31519966605243410e-01
-2.08673111452786905e-03
8.31381189901131634e-01
-3.15312191543828295e-03
8.31557155584205732e-01
-2.29445440240122261e-03
8.31291474085587012e-01
-2.60998668537685413e-03
8.27960800345349135e-01
5.25119717045518120e-03
8.27296949040941088e-01
5.71287656633939940e-03
8.28124471354671376e-01
5.74014031311028631e-03
8.27961676932007062e-01
-5.24907264932117108e-03
8.28125336348057850e-01
-5.73795559928177296e-03
8.27297875757250001e-01
-5.71076025503168463e-03
8.31860184281869364e-01
1.26574622421267696e-03
8.31825367321187725e-01
1.04495962451306131e-03
8.31746017199977872e-01
1.89699661955740361e-03
8.31698078719110501e-01
1.56739444410498993e-03
8.31847746290438450e-01
1.14971076150584078e-03
8.31860324554339003e-01
-1.26310160380776288e-03
8.31825518213093584e-01
-1.04240641510314983e-03
8.31746220443395301e-01
-1.89437668689886821e-03
8.31847890666140177e-01
-1.14712042735075803e-03
8.31698289133688262e-01
-1.56486862237187438e-03
8.31951669773941971e-01
1.33406328779712914e-06
8.31927477875910149e-01
1.29110724501587036e-06
8.31928855440867698e-01
6.33736357852748497e-04
8.31902067817705815e-01
5.23225120702220997e-04
8.31944872664206025e-01
1.30591448817227538e-06
8.31928927237282623e-01
-6.31071429401841859e-04
8.31902144272929966e-01
-5.20658957986602929e-04
8.20229018640643570e-01
6.73857120436164008e-03
8.19129814722757366e-01
7.18763365517332067e-03
8.20455432500102111e-01
7.24861951388372852e-03
8.20230794878044955e-01
-6.73657971060050587e-03
8.20456480596537530e-01
-7.24652816155284003e-03
8.19130401907572248e-01
-7.18528139281374417e-03
8.24566070721520106e-01
6.02135756968090290e-03
8.23672360969527229e-01
6.45982527552089927e-03
8.24775719907184457e-01
6.54067121538619376e-03
8.24567393669928039e-01
-6.01946367140138335e-03
8.24776947101449442e-01
-6.53862931590494870e-03
8.23673590503672615e-01
-6.45771890250738511e-03
8.10946471445665118e-01
-8.04048213492256948e-03
8.29141393587993325e-01
4.34619044478594570e-03
8.28577088954490448e-01
4.79898814004279910e-03
8.29265702832431506e-01
4.76587950375195486e-03
8.29142109764203883e-01
-4.34400639802396717e-03
8.29266409457836140e-01
-4.76363963829397330e-03
8.28577880433925107e-01
-4.79683447145615172e-03
7.92707343839689105e-01
7.86997480147388906e-03
7.85262182363807626e-01
8.46272938279291238e-03
7.90470271194846474e-01
8.31552600208608148e-03
8.11404003825060172e-01
6.98560951681295641e-03
8.10185001157036289e-01
7.69347886287699480e-03
8.11872248215235959e-01
7.69207356156549182e-03
8.17575488994281563e-01
6.67116688137734445e-03
8.16369777470032254e-01
7.12536720035962957e-03
8.17759687546142144e-01
7.13072294584032266e-03
8.17579946100371435e-01
-6.66952957247354816e-03
8.17760930082651494e-01
-7.12768433332546750e-03
8.16371417031060975e-01
-7.12355144366470447e-03
8.30117295010355249e-01
3.45679473090365228e-03
8.29655946896529883e-01
3.90164469894782769e-03
8.30208004617296935e-01
3.80073087115723705e-03
8.30117840925944872e-01
-3.45454198906314843e-03
8.30208549667849183e-01
-3.79842405947441054e-03
8.29656592913062596e-01
-3.89943695799463766e-03
8.26217116109390526e-01
5.17861590285138666e-03
8.25416904386782058e-01
5.59963036348619814e-03
8.26387942299775080e-01
5.65106172937435841e-03
8.26218079278704609e-01
-5.17670552202722373e-03
8.26388953741551968e-01
-5.64903526454141412e-03
8.25418109421016677e-01
-5.59762038305404788e-03
8.22311150602867302e-01
5.88669052221077460e-03
8.21294019324500080e-01
6.31155996683909534e-03
8.22503271289932836e-01
6.36750314378148070e-03
8.22312339199281039e-01
-5.88474856592910954e-03
8.22504662859406488e-01
-6.36546176545411263e-03
8.21293660482855348e-01
-6.30818817054812960e-03
8.30882623796136754e-01
2.58065007550189367e-03
8.30527094779193176e-01
3.01880641970048201e-03
8.30946312329048364e-01
2.84346030791817524e-03
8.30883016564884169e-01
-2.57831186116894194e-03
8.30946708728349637e-01
-2.84108094242629299e-03
8.30527576105666188e-01
-3.01652755976821330e-03
8.01406616650592762e-01
7.98364137625486373e-03
7.98793260003806571e-01
8.67107499842270299e-03
7.99338752274617037e-01
9.16994063669396807e-03
8.00530732923837030e-01
-7.81734441448121882e-03
7.96671512926565462e-01
-8.95417972140060206e-03
7.97385780787134180e-01
-9.28181943266411132e-03
8.31432711546840730e-01
1.71490797644389221e-03
8.31185193533469202e-01
2.14783386883347612e-03
8.31476611605989846e-01
1.89244958206396391e-03
8.31432975764748283e-01
-1.71247589714145941e-03
8.31476882842929532e-01
-1.88999378420235255e-03
8.31185539892965841e-01
-2.14546226640119006e-03
8.27671774923440240e-01
4.36886049953843711e-03
8.26970728030412050e-01
4.77313674009982244e-03
8.27806941224466408e-01
4.78761108344375429e-03
8.27672559582073530e-01
-4.36682131810168031e-03
8.27807779795757148e-01
-4.78554606014513009e-03
8.26971714032137872e-01
-4.77119003532761824e-03
8.31764170761328581e-01
8.56297314815248202e-04
8.31626210943986366e-01
1.28564225727303126e-03
8.31796001118969008e-01
9.45769579431857046e-04
8.31764343205489087e-01
-8.53774930772407243e-04
8.31796155421133609e-01
-9.43243359628861706e-04
8.31626458909950905e-01
-1.28317097284707886e-03
8.31874963388387512e-01
1.27772331624538284e-06
8.31847472008122923e-01
4.28815268143179081e-04
8.31902724604754673e-01
1.27957292716468369e-06
8.31847578383968611e-01
-4.26241237472495932e-04
8.19871320760824140e-01
5.80891909298331295e-03
8.18743839692208097e-01
6.24012676077302566e-03
8.20032367621604252e-01
6.25309949341372896e-03
8.19866329112856507e-01
-5.80073376682846420e-03
8.20031806763998672e-01
-6.24943213999680502e-03
8.18742474915813090e-01
-6.23707766306692835e-03
8.24216781515418551e-01
5.08237507783690107e-03
8.23288340119470052e-01
5.48301612336848671e-03
8.24376550218102411e-01
5.52841837003776020e-03
8.24218367930895757e-01
-5.08055756901700135e-03
8.24377952541533898e-01
-5.52654795866832499e-03
8.23289880933889884e-01
-5.48157870237285343e-03
8.07300762702360175e-01
-6.78608774844274669e-03
8.08249100367359197e-01
-7.15370273858223233e-03
8.04579156555632391e-01
-8.08098025949962120e-03
8.14625391649883457e-01
-5.89680237666107433e-03
8.12162496762595332e-01
-6.75905810868824425e-03
8.14787853198743028e-01
-6.66071047516518001e-03
8.28920300174119551e-01
3.58943304500943016e-03
8.28323320166982291e-01
3.97854564641784980e-03
8.29023755610106106e-01
3.94848628676290787e-03
8.28921078270221434e-01
-3.58737071100612235e-03
8.29024496690665469e-01
-3.94636607593715737e-03
8.28324144846761867e-01
-3.97651197348422233e-03
8.15349771731601169e-01
5.71693266666702463e-03
8.13408233718315388e-01
6.34689385996792862e-03
8.15169447619268794e-01
6.56570138522076605e-03
8.09222019725378772e-01
6.53962998316765312e-03
8.07383143128416192e-01
7.73758006967324979e-03
8.10212550947523313e-01
6.73815996119517171e-03
8.05758242951370884e-01
6.96906415502362465e-03
8.03495043214825677e-01
7.49609011025052351e-03
8.03571275399665441e-01
8.36793261380412018e-03
8.29954428939112310e-01
2.83704044549356769e-03
8.29465503314721797e-01
3.21274718240148385e-03
8.30030660693741762e-01
3.13102029708401102e-03
8.29955031074116834e-01
-2.83500436742756831e-03
8.30031235713895255e-01
-3.12885278900056768e-03
8.29466152641427312e-01
-3.21065995194750198e-03
8.25934142029244867e-01
4.32561280019186367e-03
8.25101169139930479e-01
4.70212122798197539e-03
8.26063055963367932e-01
4.73059087618598641e-03
8.25935680250503790e-01
-4.32402870263850266e-03
8.26064202202320907e-01
-4.72871459489503966e-03
8.25102883813181198e-01
-4.70093465703245051e-03
8.15988777721575742e-01
-6.23948529128614052e-03
8.16362894064054267e-01
6.14443240416441463e-03
8.07390126238277883e-01
6.75560252342875985e-03
8.22016812104530037e-01
5.01956038531128825e-03
8.20964595895563143e-01
5.41175510761618839e-03
8.22145752260640794e-01
5.42926777981356159e-03
8.22011114505700635e-01
-5.01442544385206045e-03
8.22144074441368722e-01
-5.42644464868214001e-03
8.20968488527359042e-01
-5.40883195719019626e-03
8.30766597264036677e-01
2.10747587544745643e-03
8.30389226124093938e-01
2.47176679192244193e-03
8.30820943828132430e-01
2.33185022488930586e-03
8.30767058360062038e-01
-2.10527848404014816e-03
8.30821368964385965e-01
-2.32958873554260561e-03
8.30389691126601548e-01
-2.46960892152215490e-03
8.31350919508650477e-01
1.39550764697612029e-03
8.31087915243627906e-01
1.75104895431936122e-03
8.31389266288182993e-01
1.54692483437616807e-03
8.31351287626742597e-01
-1.39316052396229895e-03
8.31389582289598583e-01
-1.54452208263766819e-03
8.31088248468543345e-01
-1.74873894637682533e-03
7.95929518975939221e-01
8.25591331373188783e-03
7.89779263464793213e-01
9.27136742047075281e-03
7.92991772479371471e-01
8.94959222596334453e-03
8.27450534470684840e-01
3.61407209034937367e-03
8.26720052085840873e-01
3.96841425276175247e-03
8.27550516972722083e-01
3.97206097511120567e-03
8.27451532878644036e-01
-3.61194454214115159e-03
8.27551449153444696e-01
-3.97009839967808840e-03
8.26720636429351230e-01
-3.96644396849396823e-03
8.31703211238823847e-01
6.95467347165458992e-04
8.31556599113679074e-01
1.04516534367559994e-03
8.31731837735090185e-01
7.71687782229947550e-04
8.31703603489577170e-01
-6.92799443064254141e-04
8.31732099522069834e-01
-7.69133844303992141e-04
8.31556841103180400e-01
-1.04262901754528488e-03
8.31821185773949701e-01
1.36447902250353838e-06
8.31791872212201300e-01
3.48294916366029251e-04
8.31846425654730437e-01
1.32004060974011398e-06
8.31792048653636096e-01
-3.45655197923930605e-04
8.03970020953704734e-01
-7.11372546683182363e-03
8.01409624941231025e-01
-8.31998149624077650e-03
8.05474880770856494e-01
-6.95272179521698539e-03
8.23971492066156053e-01
4.27316393546119545e-03
8.23018217870506441e-01
4.64476770616288615e-03
8.24079477577963515e-01
4.65880934559130804e-03
8.23975970410972369e-01
-4.27668396285595109e-03
8.24082084970446105e-01
-4.65830153613260630e-03
8.23017764742610791e-01
-4.64248848556580215e-03
8.02112428756018847e-01
-7.48962955680304316e-03
8.28754138812415553e-01
2.94293227744712267e-03
8.28130485072230527e-01
3.27698250256285581e-03
8.28828447003972957e-01
3.24959406646085696e-03
8.28754896140159403e-01
-2.94096957170508853e-03
8.28829241109276804e-01
-3.24758338995041014e-03
8.28131199846342869e-01
-3.27474135170726819e-03
8.29835053984710802e-01
2.30828532585148965e-03
8.29323311290128817e-01
2.62363176435331715e-03
8.29887582645745581e-01
2.55898768871427222e-03
8.29835473739835683e-01
-2.30659839400008298e-03
8.29888089040227706e-01
-2.55700736717037833e-03
8.29324070441662453e-01
-2.62198979953822200e-03
7.97751785384069545e-01
-6.21343290137888870e-03
7.91029688509080731e-01
-6.39024384114511047e-03
7.92490354708063283e-01
-6.45992443723497275e-03
7.97210810364731959e-01
-7.13097585515602879e-03
7.90124941434507844e-01
-7.50057973479776111e-03
7.93506604367956836e-01
-7.60165061906814370e-03
8.25743539176955865e-01
3.59306545233442935e-03
8.24884046226562417e-01
3.93127450066567147e-03
8.25826175268447371e-01
3.94146612751941107e-03
8.25746605785300680e-01
-3.59488828080882766e-03
8.25827732965563888e-01
-3.94067652370536873e-03
8.24887563003374291e-01
-3.93293108967061877e-03
8.19163320900279213e-01
3.95804629284592265e-03
8.17317227930792534e-01
4.79202991703567283e-03
8.19366530567449458e-01
4.75866796611780149e-03
8.30684523722838852e-01
1.70403534717711129e-03
8.30289473141089474e-01
2.00470787091766014e-03
8.30719684228578892e-01
1.89526450028730943e-03
8.30684914614775782e-01
-1.70170514845057559e-03
8.30720095852577667e-01
-1.89311693009165650e-03
8.30290035022347772e-01
-2.00296645283430707e-03
8.19452391648827883e-01
-3.67879925421382313e-03
8.17133065088600508e-01
-4.71454283374400651e-03
8.19483912018955762e-01
-4.58569522406069088e-03
8.31296420762933308e-01
1.12332139282508001e-03
8.31020974301672544e-01
1.41292514033020057e-03
8.31318739262977391e-01
1.25230685191446856e-03
8.31296473175528572e-01
-1.12113693862991967e-03
8.31318927921632089e-01
-1.24982334059247084e-03
8.31021557584270099e-01
-1.41078157525139454e-03
8.02089214040516474e-01
7.06357898856895417e-03
7.98171800367601159e-01
8.19571232566283260e-03
7.99248664680199727e-01
8.07307460146980405e-03
8.27313342096335780e-01
2.97365483494209382e-03
8.26554118972313123e-01
3.28048106422534382e-03
8.27369621698721081e-01
3.27522936841576117e-03
8.27310975284240580e-01
-2.96633901791316761e-03
8.27369597830159287e-01
-3.27254176124761476e-03
8.26555853079108949e-01
-3.27807059699108342e-03
8.31665917927189913e-01
5.58605154172632013e-04
8.31511932396356790e-01
8.40798488035198431e-04
8.31680075514286909e-01
6.23279358516003147e-04
8.31666036394656194e-01
-5.54941432889302297e-04
8.31680339461989937e-01
-6.20617416161407267e-04
8.31512359585026339e-01
-8.37922724553574316e-04
8.20421578839059973e-01
4.41180038319234722e-03
8.31789155232293576e-01
8.69976822397178962e-07
8.31758240707406560e-01
2.79589567960026025e-04
8.31801013043013571e-01
1.41452493424863805e-06
8.31759267976712735e-01
-2.76631430217489510e-04
7.99067531482447024e-01
7.79348394028166452e-03
7.94479800178496731e-01
8.87696599428519119e-03
7.96738160784920768e-01
8.45033275510399806e-03
7.96959967466789099e-01
7.15395311308989618e-03
7.88738179462002531e-01
7.68273615465090137e-03
7.94825031477041088e-01
7.48644476116212820e-03
8.22564552520051451e-01
-3.54432975479269984e-03
8.23220431640860006e-01
-3.88400245794675919e-03
8.22257583073017773e-01
-4.21606046641712605e-03
8.28656630152902585e-01
2.38796213660873516e-03
8.28011919390794882e-01
2.67886170739192568e-03
8.28695483690827794e-01
2.65242364861295252e-03
8.28657107082386823e-01
-2.38724536891949486e-03
8.28696168254205001e-01
-2.65031048639382009e-03
8.28012732976443844e-01
-2.67479578102227441e-03
8.13615931474394372e-01
4.64937175374006192e-03
8.11467932919509027e-01
5.54440274292434133e-03
8.14270246399076081e-01
5.10141967743478475e-03
8.13108483644259139e-01
-4.52211791918747264e-03
8.10276808710646224e-01
-5.58701275912193776e-03
8.13550799165447147e-01
-5.08259735184148857e-03
8.20978245017409125e-01
-3.61211985754386188e-03
8.29773713072634367e-01
1.85496988347767637e-03
8.29246529129475607e-01
2.12079450552885062e-03
8.29795788593327366e-01
2.07000886081492403e-03
8.29774997354746691e-01
-1.85608912471409019e-03
8.29796384811367305e-01
-2.06907278189501481e-03
8.29246390198335126e-01
-2.12096186457634908e-03
8.30654351536883384e-01
1.36038977828189644e-03
8.30245403700991647e-01
1.60675322392128737e-03
8.30661769629706725e-01
1.52309946462606525e-03
8.30655692251660804e-01
-1.35731530377976653e-03
8.30662901496288741e-01
-1.52157556163653378e-03
8.30246042416113439e-01
-1.60502563858446563e-03
8.31288867341390514e-01
8.93696577561527714e-04
8.31002079591949383e-01
1.12550406907256477e-03
8.31285848594729093e-01
1.00246513451823435e-03
8.31290573853874615e-01
-8.95334464715423603e-04
8.31286216852171189e-01
-9.99651966582739467e-04
8.31002938655700518e-01
-1.12470944722105229e-03
7.99376661888043016e-01
5.99482068805931578e-03
7.89973595086798652e-01
6.25756192285330509e-03
7.96013017959823266e-01
6.14367964512997199e-03
8.23027519099416294e-01
2.71736815192172385e-03
8.21166114393226620e-01
3.31109991773102666e-03
8.23344375322427879e-01
3.38457356725813032e-03
8.24938696413079042e-01
-2.55449239776332510e-03
8.23790444722883319e-01
-3.02725477906135021e-03
8.25266708864126675e-01
-3.02249522595666358e-03
8.31671866639746904e-01
4.45454797135715367e-04
8.31512473414418807e-01
6.67754804108461244e-04
8.31662004248806319e-01
4.97483164134496420e-04
8.31675002881417935e-01
-4.32307799450649662e-04
8.31663959950578957e-01
-4.93713132468409296e-04
8.31512152582313036e-01
-6.61350674677044052e-04
8.31799344961027587e-01
-4.11660741359965549e-06
8.31767869011494354e-01
2.19927261115644322e-04
8.31788276320041819e-01
1.11787965741452324e-06
8.31767005927702030e-01
-2.18193778885495342e-04
8.26206543125987736e-01
2.04192321554047453e-03
8.25895960940053908e-01
2.71300304813845315e-03
8.26665211220773188e-01
2.45906678360266256e-03
8.24674951340921503e-01
2.37578108629530379e-03
8.27346821907120167e-01
-1.77366646283559138e-03
8.26199006027875882e-01
-2.14664457742310853e-03
8.27253368733705807e-01
-2.29501355539644004e-03
8.11819313076570293e-01
4.56166186140798992e-03
8.08855854059023049e-01
5.67147656761246306e-03
8.12580066674567059e-01
4.58811099691987159e-03
8.18215122708590648e-01
3.18803889968681097e-03
8.15968171109724638e-01
3.88627415923161910e-03
8.18560744932092854e-01
3.52455559317321233e-03
8.31139520649831987e-01
7.28892296873778138e-04
8.30882778719944870e-01
1.00209893032249578e-03
8.31192913743711626e-01
8.14644336494516389e-04
8.29298153080004985e-01
-1.24356418014255708e-03
8.28379233676866500e-01
-1.50110415054064555e-03
8.28928166416607159e-01
-1.73412601651292656e-03
8.30376470600096228e-01
-1.05807549804306893e-03
8.29864293046822188e-01
-1.15929785827914751e-03
8.30064065490393910e-01
-1.41000895690199897e-03
8.02911674408693821e-01
-6.93704842493469455e-03
7.99871172222797355e-01
-7.57062812373674680e-03
7.96513737082125917e-01
-8.36184755800029045e-03
8.01290814750227565e-01
-6.29821286457112137e-03
7.94235336503066325e-01
-6.53888262136759039e-03
7.96599961629054554e-01
-6.60701637497077259e-03
8.28993617529919513e-01
1.14974301776519746e-03
8.27696795957769571e-01
1.56117876152403684e-03
8.28717681569871911e-01
1.67020892500390991e-03
8.31474839216186257e-01
-5.12132489027441800e-04
8.31333771396598697e-01
-6.78835946254809672e-04
8.31049524203239742e-01
-8.50554895573958311e-04
8.30983648015868215e-01
-7.59077163382666049e-04
8.09576419187019058e-01
4.89956016838139895e-03
8.05758932965039754e-01
5.99992369837943056e-03
8.05527988996066924e-01
6.24446601026032097e-03
8.30282922543258528e-01
9.30056932684706012e-04
8.30745193401155380e-01
8.42561749016188725e-04
8.29977512386113836e-01
1.32892116280927870e-03
8.01014972115841051e-01
6.61446419223868116e-03
7.91771655785565187e-01
7.10952805842181203e-03
7.98981670198943061e-01
6.86626226424120242e-03
8.18746836975849268e-01
-2.83595742895824615e-03
8.16001457516250306e-01
-3.63435114858925035e-03
8.18929605867532606e-01
-3.19807927532420782e-03
8.29671536024853218e-01
1.04578524454231416e-03
8.12292937978319807e-01
-4.19202804840724478e-03
8.08235635385349038e-01
-5.51611210553959973e-03
8.12479048455474806e-01
-4.32397373365283558e-03
8.31881433258718661e-01
3.04728288339090330e-04
8.31544192187450681e-01
4.88899436608869931e-04
8.31716679512055856e-01
3.76851694334204269e-04
8.24418569251083477e-01
-1.78088962896055260e-03
8.24566438562751025e-01
-2.12285101955775627e-03
8.22057887826622924e-01
-2.61900615993693924e-03
8.10429724801297491e-01
4.73803113518569616e-03
8.01679517293250044e-01
7.20037312329596235e-03
7.94924844836310873e-01
8.07632763568959938e-03
7.98777118836768718e-01
7.68423067101950408e-03
8.32299540204546440e-01
-1.20507353010313628e-05
8.31955179033942338e-01
-1.06477144644587849e-05
8.31918623404903523e-01
-1.46168951259694293e-04
8.32013436184483535e-01
-2.25896452112316830e-04
8.32159966745734003e-01
1.27598897478745923e-04
8.23099446555394243e-01
2.04319992686264815e-03
8.20722654178844269e-01
2.58833536675119385e-03
8.23004986008577077e-01
2.35028264920218548e-03
8.06857865283639120e-01
-5.81492179903474182e-03
8.04673098357213457e-01
-6.46413195133676254e-03
8.00091212351174530e-01
-7.59891961198812943e-03
8.04726281926065323e-01
-6.76242723286880551e-03
7.97200835376707717e-01
-7.54597631115448177e-03
8.01018784364054603e-01
-7.27849563901319940e-03
8.03658825624167905e-01
-5.83886200839592480e-03
7.98877266776180095e-01
-6.01314527114013911e-03
7.95886094928268784e-01
-6.07527579692126920e-03
8.03744827460420641e-01
5.81108059255619827e-03
7.92477264613655530e-01
6.14637534282280393e-03
8.01583926942226910e-01
5.89837723418771415e-03
8.10276230231313010e-01
-4.72808828934137473e-03
8.05494414084013344e-01
-6.09877388717082209e-03
8.11099710891690084e-01
-4.47517845738964158e-03
8.08344714255444852e-01
-5.32529895636936219e-03
8.28041738091074064e-01
-1.03188375211894193e-03
8.26331804653999802e-01
-1.37986478344304282e-03
8.27637815327853521e-01
-1.36127126615749345e-03
8.30585869569478330e-01
-5.52939823810886274e-04
8.31055616342853742e-01
-5.68065196911716726e-04
8.29911515347483641e-01
-8.46357440572924227e-04
8.18675932939894380e-01
2.56587736925533317e-03
8.15350713011206540e-01
3.49108950993601763e-03
8.18333065982239427e-01
2.84236723232541080e-03
8.04135604062604203e-01
6.24636874616179508e-03
7.94123871568581996e-01
6.69610202020054154e-03
8.02571451456633667e-01
6.41916474610703790e-03
8.27782802243387184e-01
8.95983772155475888e-04
8.26879682469255362e-01
1.36778731771007860e-03
8.25586376343022232e-01
1.39945624038937950e-03
8.31953789464200177e-01
2.86414529112905100e-04
8.31904872229876635e-01
3.10165103456297182e-04
8.31146501539618776e-01
5.41957998481224488e-04
8.29420023522417726e-01
-7.72504054954237045e-04
8.11355463823690171e-01
4.81416439134694195e-03
8.05193207818774570e-01
6.28221108976345730e-03
8.06707439221758360e-01
5.78379780054345555e-03
8.24666485521533210e-01
-1.32891952126402437e-03
8.24471272406034461e-01
-1.53230841116729186e-03
8.21842185371825962e-01
-2.00602855990998901e-03
8.07645225538850875e-01
6.12290200273844527e-03
8.01729677022630538e-01
7.23094095891336965e-03
8.03298042747156549e-01
6.85514770769583923e-03
8.05419696948170727e-01
5.73232992126548706e-03
7.92998463446347390e-01
6.11608946672655314e-03
8.04614394525161036e-01
5.77034415831409377e-03
8.05527198098478170e-01
-6.33292137161007695e-03
7.98686589614829634e-01
-6.68190785721031570e-03
8.01372506569865917e-01
-6.70120911450993589e-03
8.30326323970639657e-01
4.84319928630757613e-04
8.29136040355475390e-01
6.74366368176819897e-04
8.29602807308510104e-01
7.73678364726815781e-04
8.31252823454191159e-01
3.90155993413582455e-04
8.23526995962086228e-01
1.54459051347233885e-03
8.21121541932627652e-01
2.03470527815593095e-03
8.23235395122518532e-01
1.76548488701391121e-03
8.20085889915535771e-01
-2.16938937925241796e-03
8.16295366275743173e-01
-3.08623455660932047e-03
8.19151431901171012e-01
-2.43418442560820606e-03
8.33299542939284099e-01
5.51010793309116719e-05
8.32679124999888276e-01
1.38657573189599934e-04
8.32751526666923647e-01
3.92564695368794681e-05
8.07428069479590227e-01
5.93439646253075045e-03
7.97315564614220040e-01
6.33589075671605034e-03
8.05780939889638836e-01
6.07979440257960108e-03
8.07438854792336680e-01
6.44278276750675019e-03
8.00036070549535627e-01
7.20572556682252691e-03
8.04538477160078758e-01
6.79390736499509065e-03
8.07937216108026046e-01
-5.66467519916981008e-03
8.05419669803072114e-01
-5.73224491244873381e-03
7.96889658200482298e-01
-6.02042381096746983e-03
8.06696029991127106e-01
-5.69777014411267536e-03
7.92998745813053407e-01
-6.11618815061573499e-03
8.33840973077295655e-01
-2.11221160226916529e-05
8.33678285105143857e-01
-2.41146017396793543e-06
8.32491124004168914e-01
-1.57784588186272263e-04
8.09333581269543023e-01
-5.70626927109332653e-03
8.01689587078445509e-01
-5.96510254548230420e-03
8.03553213521931209e-01
-5.95659056346178016e-03
8.30647732290297203e-01
-2.48882541952196790e-04
8.27855090810405536e-01
-6.79085790068379379e-04
8.29162147825187712e-01
-5.55335387984984535e-04
8.05816752187770269e-01
-5.75005318659081461e-03
8.20266822969994758e-01
2.48551163124372020e-03
8.15022639335992949e-01
3.51033304499595664e-03
8.18885688811709422e-01
2.48547282498051778e-03
8.29699881000094508e-01
3.56246347122035221e-04
8.26758767301229436e-01
8.39855738097260531e-04
8.28590191658210684e-01
5.78236566576295413e-04
8.33453353628318183e-01
-9.25005458414879337e-06
8.33768035026746679e-01
-1.52374538628730097e-05
8.31910177908901427e-01
-2.06585694534870711e-04
8.15660960437388338e-01
3.65823431287259524e-03
8.32206266062437305e-01
-9.35230179790912981e-05
8.27764693165299215e-01
-6.95814705043928516e-04
8.25977466470153798e-01
-9.45483090353212651e-04
8.24072666423657396e-01
-1.33117184399460242e-03
8.34545903710748105e-01
-8.70048126465379756e-05
8.32328458283699946e-01
1.13734635144926296e-04
8.33900588456851444e-01
4.39074175938422963e-07
8.21701765444907251e-01
-2.10922544759138209e-03
8.16138091241123020e-01
-3.26266258560492474e-03
8.20728402936856782e-01
-2.12542532296344051e-03
8.11536442811800818e-01
-5.72119590750214384e-03
8.04630659888242783e-01
-5.98827320372569138e-03
8.06421164181738814e-01
-5.99792464314405013e-03
8.11761257062350028e-01
-6.00468367662864485e-03
8.04443283988074076e-01
-6.62141000754346964e-03
8.08227059592204311e-01
-6.35315370638440350e-03
8.11413218049091944e-01
5.65933263950011822e-03
8.02003218935197437e-01
6.01399637237077372e-03
8.09425121445252915e-01
5.78768716688173902e-03
8.32398234591692487e-01
5.13325850417239716e-05
8.29860546178684877e-01
4.36083474006428433e-04
8.24530975726318172e-01
1.22295682420131904e-03
8.29646863259496326e-01
3.83781265895173206e-04
8.13142052315931063e-01
5.88262634392745960e-03
8.05018404089650974e-01
6.56235686813805546e-03
8.10275813694608771e-01
6.14515105288666787e-03
8.14670435608521593e-01
5.32451250606559307e-03
8.08125191444271640e-01
6.29517772747329157e-03
8.11116000574226947e-01
5.68874002383267397e-03
8.18556318976095709e-01
3.93674903089523669e-03
8.13032789420970348e-01
5.04504272193099894e-03
8.14901730363207344e-01
4.32564058379014682e-03
8.22128822898885003e-01
-2.64942112297234401e-03
8.14628972040009391e-01
-4.05248100662629600e-03
8.21710134250102087e-01
-2.39633849270520696e-03
8.14483176368415274e-01
-5.68882952048381518e-03
8.07868928859708291e-01
-6.01954785301791508e-03
8.10009495004237134e-01
-5.99067603612724736e-03
8.37417503926549789e-01
-1.89728794785634052e-05
8.36294616283778214e-01
-9.70783597575567743e-05
8.35527129896802778e-01
1.44955808752866012e-05
8.34406206429022745e-01
8.85467399753111172e-05
8.31294075321712955e-01
-2.08641873480991283e-04
8.32408626360245041e-01
-4.94666456900280600e-05
8.17822809867777667e-01
-4.75272141157002514e-03
8.19791276059121055e-01
-3.82176527530768287e-03
8.07571961773902003e-01
-6.31266381060684775e-03
8.11427713262207195e-01
-5.24104201353550389e-03
8.18638159901089568e-01
-4.34599844210773693e-03
8.20727269405249538e-01
-3.28907027129651331e-03
8.37296974971146302e-01
1.80607602797610927e-04
8.37612664404146834e-01
9.53145217732397429e-05
8.35273995929111779e-01
1.13271332423986728e-04
8.17404897355997750e-01
5.35672330513659121e-03
8.08379554024140745e-01
5.69625759576615747e-03
8.14423167943909454e-01
5.50093371340772651e-03
8.31989351615924688e-01
-4.75453182107360146e-04
8.29722792888393679e-01
-5.63122918992720023e-04
8.27032034277186745e-01
-1.15375762962012822e-03
8.36046193274470495e-01
1.86102487829484031e-04
8.33489579117839718e-01
3.98180819955602100e-04
8.27146017841241421e-01
1.24275983989735866e-03
8.31515597367258330e-01
4.07303534904539580e-04
8.19028501772728124e-01
5.43436293219942169e-03
8.09991726033765236e-01
6.06543550446093753e-03
8.16076344543921639e-01
5.64585173584535634e-03
8.20535587188245930e-01
-4.86011395737839282e-03
8.12600338852631165e-01
-5.82898903542460739e-03
8.19088049226133985e-01
-4.83618306326542673e-03
8.18766543160113436e-01
-5.45036097609273833e-03
8.12121484654883763e-01
-5.92176910086591145e-03
8.15254698756246010e-01
-5.70854186012966815e-03
8.20597717540569094e-01
-5.22153097227429260e-03
8.12115437030376364e-01
-5.54734004235257934e-03
8.14979648145790825e-01
-5.46242628354869086e-03
8.38064385556240854e-01
-2.48899151456895653e-04
8.36139898477615828e-01
-1.85741006887897326e-04
8.34306217148359841e-01
-5.32729938167874104e-05
8.21860827685951700e-01
4.78449077524441616e-03
8.14610672855187290e-01
5.63888069802601522e-03
8.18230793316386373e-01
5.03605501238025676e-03
8.30120525726899539e-01
1.81105778543383476e-03
8.24348990925277580e-01
2.81505000816834093e-03
8.24982273783898101e-01
2.08402815219496185e-03
8.22136819966997945e-01
-5.19789903019977038e-03
8.15725289885063543e-01
-5.46472112125088484e-03
8.16845551974475503e-01
-5.45222759890014522e-03
8.27428117817384567e-01
3.35925885547530339e-03
8.21013856702552780e-01
4.33702941960286466e-03
8.22915899337134049e-01
3.61822569262915637e-03
8.24420376387876908e-01
5.10917231745422733e-03
8.14257367544876209e-01
5.70900884160624456e-03
8.21715091963228339e-01
5.26431553664310093e-03
8.42704197074340300e-01
-1.21018024905140720e-04
8.40686780634206432e-01
-2.42254511656225460e-04
8.39921095195002021e-01
-6.86604310004365089e-05
8.39327498658870130e-01
2.40581492304109011e-04
8.35863239820623050e-01
-1.00173392832348561e-05
8.36761323822621250e-01
1.81687287541430103e-04
8.26418647249395844e-01
4.95871149977663347e-03
8.15064144508012900e-01
5.40957874775975078e-03
8.21942151705868262e-01
5.15644530380296277e-03
8.24263347202239482e-01
-5.12607760475133466e-03
8.17886197903912926e-01
-5.44057056187753022e-03
8.19379022985638361e-01
-5.39438846524024559e-03
8.25739172882782202e-01
-4.66546953907419695e-03
8.18725004421320346e-01
-5.35214100817901425e-03
8.23090737367134784e-01
-4.76704404410610311e-03
8.40631824224394641e-01
-3.90398087123013690e-04
8.36073787585764672e-01
-4.13836728702216515e-04
8.31682677931797176e-01
-1.25042728501867807e-03
8.43554931088462023e-01
2.22026895750759785e-04
8.43408866008585556e-01
5.95530581416575487e-05
8.40312346439037627e-01
2.19038770064226672e-04
8.41745911471322050e-01
3.12046443740257010e-04
8.43191784351668416e-01
-3.13859734617948387e-04
8.38621357247121724e-01
-9.31032653141662322e-05
8.40470706970979808e-01
-2.94674902885072294e-04
8.26715603472894744e-01
4.99748937704159665e-03
8.17056876780318575e-01
5.49023362898835073e-03
8.25559066822047938e-01
5.05446682262458875e-03
8.28605844917670087e-01
4.43173734261490416e-03
8.20841271920329629e-01
5.17865063209484687e-03
8.25208201589574197e-01
4.60019076354296549e-03
8.27122376702004503e-01
-4.92882098335157247e-03
8.20784423257894913e-01
-5.32859296387000730e-03
8.22943608939468163e-01
-5.17449862814490895e-03
8.40626752520425513e-01
3.60806302929205294e-04
8.35456144942122503e-01
9.93112379292818712e-04
8.36883174065798374e-01
3.75873217293413119e-04
8.31336571382026990e-01
-4.75034949018406268e-03
8.25993352497342959e-01
-4.98659808958669924e-03
8.19614766906015202e-01
-5.23036763019637391e-03
8.30443056619057041e-01
4.75763497335751021e-03
8.17901160162391228e-01
5.27219157283744140e-03
8.28471574420752588e-01
4.85854409449998012e-03
8.29178986346683855e-01
4.87811368486377496e-03
8.20284526360282928e-01
5.28605843101338096e-03
8.27945242474371401e-01
4.93769715770943883e-03
8.37532595558506010e-01
-1.52263002200380380e-03
8.28784358064610260e-01
-2.51412664613630569e-03
8.38949852819957265e-01
-9.36864945450668310e-04
8.30442734533713312e-01
-4.75702970507222832e-03
8.30923275110118098e-01
-4.75392472626160866e-03
8.17900387252202932e-01
-5.27171525382000902e-03
8.35683100250204314e-01
3.08995112817425340e-03
8.28743441606664022e-01
3.93225195836487303e-03
8.31500043739932582e-01
3.21825809110574306e-03
8.39241633978943469e-01
1.61903764908220144e-03
8.33328277713152765e-01
2.44746375279951021e-03
8.34570553306549057e-01
1.70560426300321718e-03
8.32054127953880007e-01
-4.39233547966063481e-03
8.25390224339152212e-01
-4.93617451833985518e-03
8.28874950902794616e-01
-4.52588351806654503e-03
8.35928611342922179e-01
-2.49795508586543201e-03
8.36599525819243128e-01
-2.03493668956584734e-03
8.26933051808044106e-01
-3.52925599981012772e-03
8.50380278798346989e-01
-2.22933674212566556e-04
8.46398134663188806e-01
-1.78534866786680350e-04
8.47060526512326550e-01
-3.34743620085953698e-04
8.47062057752497544e-01
3.43010543665728089e-04
8.44001868527386678e-01
9.99577913338066474e-05
8.43106899696057788e-01
3.04189851051489221e-04
8.33675787516145905e-01
-4.66918123860766369e-03
8.27126773338930144e-01
-4.95453892065278456e-03
8.27916805889174157e-01
-4.93024233169316387e-03
8.36606108428100903e-01
4.08015299026204085e-03
8.27794319525385847e-01
4.77004831649606095e-03
8.32587769718808879e-01
4.24849766718947940e-03
8.37107295381308125e-01
-3.05044132142742470e-03
8.28833364232823055e-01
-3.91474711080194455e-03
8.36424713509421380e-01
-2.80276114845693855e-03
8.34515208817218079e-01
-4.61689553911128533e-03
8.28315098932274951e-01
-4.91844586472915419e-03
8.29395916627956420e-01
-4.86369411598751820e-03
8.34222467172675120e-01
4.64505534192611105e-03
8.25802725099987645e-01
5.01326546160646251e-03
8.31709504387078136e-01
4.75969980359630240e-03
8.50398938852856334e-01
1.85587092076333398e-04
8.49017966467435770e-01
3.36537623756598869e-04
8.46903893245417816e-01
2.07818937846539681e-04
8.50690008399188402e-01
-2.36781840091677045e-05
8.36357805983857228e-01
-4.44822017058766825e-03
8.30296886044280424e-01
-4.79992757233197939e-03
8.31742476893904237e-01
-4.67799808760039054e-03
8.52693255136939388e-01
-3.21714054317261263e-04
8.46887872778695261e-01
-1.04245927801864270e-04
8.47752507023833868e-01
-3.28359522875405047e-04
8.40249469922499714e-01
-3.29737161729951132e-03
8.32989585055995962e-01
-3.96940598983900033e-03
8.38620735420359087e-01
-3.19355756090514142e-03
8.39690142115858573e-01
-4.05779252672409160e-03
8.33390420878734051e-01
-4.50429175102857321e-03
8.35863863124314821e-01
-4.21888867302962298e-03
8.43976184683255415e-01
2.91765033712114473e-03
8.36270740035148119e-01
3.66789782262025212e-03
8.39788372150824358e-01
3.00381714942855047e-03
8.51556686822931175e-01
3.37628629652150759e-04
8.45481718295600704e-01
8.90899732913661411e-04
8.45938809533661407e-01
3.45356935250341478e-04
8.47170066757985674e-01
3.67405829161440928e-03
8.35779966498475413e-01
4.39620750271659498e-03
8.41875042015828856e-01
3.86954067056915867e-03
8.48793624453686446e-01
1.57497807053413332e-03
8.42238585707074661e-01
2.29604797577478720e-03
8.43929554843397933e-01
1.60024818540558441e-03
8.45028014073092137e-01
4.15991738500927962e-03
8.35709879318127458e-01
4.56807673797980651e-03
8.39638603619987656e-01
4.40197684428752806e-03
8.45176596780315648e-01
-3.32370541146985573e-03
8.38606447707132663e-01
-3.85573015915230671e-03
8.42680330073678041e-01
-3.31991463938597882e-03
8.59987468300450697e-01
-2.77444004647072937e-04
8.56562611504222193e-01
-3.62987244283108010e-04
8.55060827471081808e-01
-2.56483875278134806e-04
8.45140995697934216e-01
-4.15518471550801408e-03
8.38235664957580062e-01
-4.45851565884542757e-03
8.39415933381283508e-01
-4.41162750391625117e-03
8.45587676367893892e-01
-4.10917033276400698e-03
8.39623085010395398e-01
-4.39653887823446537e-03
8.40058599839657250e-01
-4.35878951577731415e-03
8.46348346021931874e-01
-3.98750865877192748e-03
8.40420940012075901e-01
-4.31059419534390344e-03
8.41357174479228309e-01
-4.21108803000603757e-03
8.45265263045603454e-01
3.99428759874752987e-03
8.46185663083397932e-01
3.85558206127884764e-03
8.35984280258939561e-01
4.50009228253490066e-03
8.57895271452762342e-01
1.99961569486409139e-04
8.54781708998424650e-01
-3.83265291401636095e-04
8.56351433136873563e-01
-4.54896341173226541e-05
8.46286287294903738e-01
-8.36999260044101650e-04
8.49377297853059154e-01
4.89433280624337425e-06
8.60695931935357983e-01
3.59520462521168717e-04
8.53817231137840915e-01
3.66643628824653636e-04
8.59398805472256555e-01
3.35012161448263813e-04
8.45089210048013295e-01
4.10229613946509319e-03
8.37128959195132860e-01
4.49471038123949208e-03
8.45166603172720632e-01
4.05757131052253417e-03
8.53436376831175791e-01
-1.08612347039509010e-03
8.54052133420339477e-01
-7.25695814554155947e-04
8.44766034371663643e-01
-1.69645667360131041e-03
8.48041024026826684e-01
-3.72051201454995763e-03
8.42187747439174017e-01
-4.09148796644148716e-03
8.43862605656307441e-01
-3.88415785671630560e-03
8.61335699992190063e-01
9.67262038471949513e-05
8.60897168316454686e-01
-1.05978771084653763e-04
8.55755203892711536e-01
1.37618106944807498e-04
8.61208961523744265e-01
2.66378952630074600e-04
8.52738378728462587e-01
2.73042777578530807e-03
8.44647642972300772e-01
3.40478814079592587e-03
8.48332721419148061e-01
2.82391515451635520e-03
8.62736908235553934e-01
-2.76575230542109966e-04
8.57288659392593799e-01
-5.71587632979319717e-05
8.57597990329694526e-01
-2.99637178315690180e-04
8.53336523484439224e-01
-1.70538257389940898e-03
8.53322475392623736e-01
-1.40609869325011936e-03
8.45261918138224599e-01
-2.32113851457049726e-03
8.50136698277346725e-01
3.91126108998983511e-03
8.42172124869049021e-01
4.28281086942191441e-03
8.47616868946168278e-01
4.00845852560705995e-03
8.51686219378627762e-01
-3.20026155127314761e-03
8.45679746930059539e-01
-3.62937129834221481e-03
8.48415033204540481e-01
-3.26459537480449985e-03
8.61314525744316883e-01
4.40125863501801399e-04
8.55099211457316488e-01
9.45623271360173626e-04
8.56338029482985430e-01
3.95641873736709898e-04
8.57967869594525534e-01
1.58338034195096874e-03
8.50968334308433327e-01
2.22273968910948394e-03
8.53322654024372906e-01
1.58623981760927686e-03
8.54984612987818693e-01
-2.13036227383874791e-03
8.54109129876829964e-01
-1.93273714688291546e-03
8.47632753284671914e-01
-2.68329946478426890e-03
8.53633810715520802e-01
3.76269354841094871e-03
8.40012979836543883e-01
4.37164727237970407e-03
8.49349817338518998e-01
3.96318179856678613e-03
8.55714420269471199e-01
3.64340438870945985e-03
8.43047330980350007e-01
4.20853685098519434e-03
8.54692393713692544e-01
3.70378562919199128e-03
8.56938260560117349e-01
-3.61644703423355226e-03
8.55714195114023468e-01
-3.64307033536110476e-03
8.44124438033871938e-01
-4.18951710699778674e-03
8.56346709633882819e-01
-3.63079374811550249e-03
8.43047547359872529e-01
-4.20796801414554267e-03
8.57206470785644381e-01
-3.51896453596856626e-03
8.51389064263105122e-01
-3.81887584038282865e-03
8.51782415765452772e-01
-3.74877958581950515e-03
8.58322189925481260e-01
-3.54301581992865324e-03
8.51725278209955472e-01
-3.85303967204319361e-03
8.51961273710539091e-01
-3.82326518008881686e-03
8.58379602135892927e-01
-2.35276877165906074e-03
8.56647275438588318e-01
-2.25355561832080685e-03
8.51781609450452781e-01
-2.82332060059073279e-03
8.57799705541514190e-01
-3.33113662137189291e-03
8.52064523914350280e-01
-3.66393474618405962e-03
8.52921714058995084e-01
-3.52104125863642210e-03
8.71899096323223821e-01
-3.03475068865741821e-04
8.67503578842515943e-01
-3.52616136263088906e-04
8.65833420824966282e-01
-2.96158144933291313e-04
8.64030210780594610e-01
2.43509436231192228e-03
8.55567432686111462e-01
3.06045636162899804e-03
8.58370033281299016e-01
2.57942704402184782e-03
8.60742650213907723e-01
3.45250935262931061e-03
8.52879434397631253e-01
3.80729203135520737e-03
8.55450114469043066e-01
3.68170886644397094e-03
8.59394978601840998e-01
-2.99267858807178043e-03
8.53710327979821826e-01
-3.35746814974366469e-03
8.55532939934885439e-01
-3.09632692789734787e-03
8.57496268820815088e-01
-3.59990449864083014e-03
8.57228183310165592e-01
-3.60960673702314218e-03
8.51322148163511483e-01
-3.87631616704823797e-03
8.72865450816174171e-01
-1.98336877332710271e-04
8.67186872255260921e-01
4.88562852221880389e-05
8.67715938550477350e-01
-2.36078095815724060e-04
8.67600701948560427e-01
1.55146411237767532e-03
8.60165868405451839e-01
2.11860558714173450e-03
8.62746513820410899e-01
1.57312208812866033e-03
8.75704578681816836e-01
-2.24960704712556851e-05
8.73966978710930209e-01
-1.80867787761648287e-04
8.68415574553265235e-01
2.89918431733512559e-05
8.63565670424272014e-01
-2.40083008945993215e-03
8.60951470911661909e-01
-2.38407590217778412e-03
8.57624732171172521e-01
-2.79306732039626962e-03
8.70908276974821316e-01
5.59806348743201784e-04
8.64464365554489356e-01
1.02620934137170449e-03
8.66040579414308453e-01
5.08652860894901870e-04
8.60004193231152403e-01
3.37511087976168555e-03
8.62141343123255743e-01
3.15327142558712156e-03
8.61063793194935645e-01
3.27210804222725742e-03
8.53707860479842928e-01
3.56460225623951923e-03
8.52545115908215467e-01
3.73676060980207211e-03
8.73966135323139270e-01
3.24684072771521553e-04
8.71759727891151304e-01
7.90634915722790150e-05
8.72898129441148529e-01
2.36529585375378837e-04
8.63335680045948628e-01
-9.81517959536921871e-05
8.65956144414493645e-01
2.90705106638805143e-04
8.70115123209173835e-01
-3.57271079752637967e-04
8.70926329220659712e-01
-1.20361665392131037e-04
8.61838761028940081e-01
-6.64079782557527604e-04
8.76971810439359234e-01
2.56161649095788487e-04
8.76471407890877741e-01
1.30649511788164218e-04
8.68808235102872417e-01
3.12614511212525341e-04
8.75597151443695099e-01
3.34145620321772295e-04
8.69359249092057973e-01
-8.42866460948137682e-04
8.69706274383108546e-01
-5.95923968278415936e-04
8.61393074174673590e-01
-1.22588524213904180e-03
8.68107595681420707e-01
2.67713151043122563e-03
8.65107410338993854e-01
2.92503457165042098e-03
8.57656886906513982e-01
3.14642182921583873e-03
8.63342082829818724e-01
3.29438138979815066e-03
8.61672966435949150e-01
3.33884229041805924e-03
8.56736398011673672e-01
3.60228709636791844e-03
8.69833757834081234e-01
-1.26065748222611612e-03
8.69563224494597109e-01
-1.05662608504752042e-03
8.62435988389620545e-01
-1.66168421300290901e-03
8.67906591133837169e-01
-2.94952229190577819e-03
8.62549892256019080e-01
-3.23649325690257604e-03
8.62855375873075925e-01
-3.13737554873552531e-03
8.68342933599901445e-01
-2.71376511893212146e-03
8.63065011786529057e-01
-3.02291982259139929e-03
8.63866755910774220e-01
-2.85159419391489742e-03
8.69435539555462600e-01
-3.01003832679671082e-03
8.63874546476230631e-01
-3.27790666891495698e-03
8.63326095493778700e-01
-3.26092281166485238e-03
8.70819371250781793e-01
-3.00584277482309923e-03
8.64154670475923870e-01
-3.30267917681920835e-03
8.64576132835013000e-01
-3.27273255390503771e-03
8.70576914650223688e-01
-2.30504934499977786e-03
8.67060249213462031e-01
-2.35601757161562220e-03
8.64983062279648829e-01
-2.64435161419737967e-03
8.71629628434426706e-01
-1.56053163533775201e-03
8.70704068220643501e-01
-1.41830834364792551e-03
8.65017553717670973e-01
-1.93614799155408107e-03
8.78479376493126574e-01
2.68256091778863639e-03
8.66042730461926147e-01
3.21568049895505420e-03
8.69619446053940925e-01
3.06482331597793256e-03
8.83837472032438676e-01
-3.26503610672315464e-04
8.78479438664391821e-01
-3.15460489474496625e-04
8.77789158191976560e-01
-3.21984041703374517e-04
8.78799916865651176e-01
1.40658649703968050e-03
8.71406992054875040e-01
1.90485350022676016e-03
8.73180437846079127e-01
1.48069840723924072e-03
8.74237296579680745e-01
2.85066020541337173e-03
8.67485791598674671e-01
3.14988235831464370e-03
8.68794759803765193e-01
3.07172524345785888e-03
8.78758675935799816e-01
1.94865069602197347e-03
8.73418618595116381e-01
2.31389892203051487e-03
8.71398105448198956e-01
2.18018933476812242e-03
8.82871079291503658e-01
-6.80932196686562306e-05
8.76948002986967290e-01
1.94418266567339241e-04
8.77792751776416358e-01
-1.30171330371260891e-04
8.80850557763592334e-01
6.41500416164475853e-04
8.74240881375476842e-01
1.06303093388780538e-03
8.75829949408447161e-01
6.09018864306933548e-04
8.75277553679707720e-01
-1.71478314711261516e-03
8.69426714516087329e-01
-2.04587773159195302e-03
8.73433154254600219e-01
-1.64491842439880775e-03
8.78147596804416342e-01
-2.39576446992558227e-03
8.73021580278289022e-01
-2.67272969648088944e-03
8.73245478676961451e-01
-2.55287721940320724e-03
8.79089191733292252e-01
-2.10591935258657445e-03
8.74828624733579030e-01
-2.20580077171808869e-03
8.73712640948503316e-01
-2.40654818777650365e-03
8.73537882062586757e-01
2.82764082752079340e-03
8.74826755690747415e-01
2.71400747669425400e-03
8.74180399975982292e-01
2.77368345124312477e-03
8.67418055272264898e-01
3.03812851052456551e-03
8.68438426588987511e-01
3.05946993590670542e-03
8.77367698972380317e-01
2.50204754231958927e-03
8.76092105662396370e-01
2.61253255701729588e-03
8.69760467326160303e-01
2.81828625835145192e-03
8.83266038307244705e-01
-2.48360821455173358e-03
8.77049511985575347e-01
-2.74503787190505302e-03
8.70088656563304252e-01
-3.03995303168914975e-03
8.79383325100480784e-01
-2.51780966912979257e-03
8.74405162657401536e-01
-2.76477801068797727e-03
8.73647991576484206e-01
-2.73054498153074915e-03
8.93902648153651835e-01
-1.38448731465025567e-04
8.88998689238957640e-01
-2.55943644272121776e-04
8.84712599763791574e-01
-8.98513769194359338e-05
8.81203541149699454e-01
2.54421292908997392e-03
8.68436547668623104e-01
3.08427868426616476e-03
8.79858090174407415e-01
2.61504913083752694e-03
8.81538642877337519e-01
-1.68820669341660607e-03
8.76059012952504323e-01
-1.98869194175318315e-03
8.78396950628760997e-01
-1.70528047389591837e-03
8.88096782993314959e-01
2.42282022991935472e-04
8.86409917454649254e-01
-6.63188630054516972e-06
8.87262003233786789e-01
1.36261445176812476e-04
8.78293517525797318e-01
-1.54133464453042035e-04
8.79945532517065643e-01
1.79268250692438493e-04
8.90038452791782841e-01
3.25797886303556979e-04
8.89108777864221933e-01
3.09598872635726224e-04
8.81988959418768981e-01
3.31204480632322227e-04
8.85310804272993468e-01
-3.36495115581042210e-04
8.85850305260532656e-01
-1.62697272011906331e-04
8.77367526561479205e-01
-5.58972839086489879e-04
8.83401516163595080e-01
-2.44653005559775398e-03
8.77107335865706661e-01
-2.72577157919581727e-03
8.76421928439164444e-01
-2.72393915065760302e-03
8.81203746541976418e-01
-2.54364974849342418e-03
8.82254969694943436e-01
-2.51589324764215716e-03
8.68436118324237838e-01
-3.08373064858014469e-03
8.92127310215056868e-01
1.82361518714194154e-04
8.91178003725127676e-01
2.79807019752095006e-04
8.84505420416075050e-01
2.17130721144855179e-04
8.84958150518207143e-01
-6.69785314294700507e-04
8.85117395601354051e-01
-5.01494134414096613e-04
8.77422020465793651e-01
-9.37947042301317028e-04
8.93179826820144518e-01
2.38081939519854804e-05
8.84877836974065191e-01
2.03241980098673456e-03
8.81113408614616289e-01
2.27067895786165624e-03
8.76501136398471048e-01
2.34113803208593676e-03
8.85317521883689618e-01
-9.60194898896255217e-04
8.85120795851904618e-01
-8.17240438843331684e-04
8.78490722766251619e-01
-1.24002043453312638e-03
8.94263114647267265e-01
-3.07457968416786291e-04
8.88995096020367415e-01
-3.25575271920573229e-04
8.88645696261740503e-01
-2.30252485940681808e-04
8.83503887708928626e-01
2.43525112560880703e-03
8.78522634509820488e-01
2.62952303205322112e-03
8.78868803555386324e-01
2.64259954306226164e-03
8.92961029776353277e-01
5.32136319261108113e-05
8.86941033944579793e-01
3.11079120428556580e-04
8.87859122237956155e-01
-1.87539562701535691e-06
8.91944909498333383e-01
6.40574779568434094e-04
8.85382472089864869e-01
9.99305051773040310e-04
8.86365120328950984e-01
6.47444279476346745e-04
8.91940189605710643e-01
1.17618720869795386e-03
8.85346610478903950e-01
1.55030628847433989e-03
8.85359689297857355e-01
1.29061843203127176e-03
8.86451809571672800e-01
-1.18730970521232246e-03
8.85869956812382564e-01
-1.07768923816552132e-03
8.80872914097996396e-01
-1.43921340462829870e-03
8.88754201043169711e-01
2.25957137449477518e-03
8.83621336631950860e-01
2.47104978913609621e-03
8.81495939117840077e-01
2.55021303720302838e-03
8.88300776872322451e-01
-1.86682559614532550e-03
8.83221013654213682e-01
-2.12860688265395200e-03
8.83693152007926974e-01
-1.98593910392237411e-03
8.88457753323255495e-01
-2.05955932423446900e-03
8.83916430314751089e-01
-2.28880117980548824e-03
8.83303682838825654e-01
-2.22570315916260095e-03
8.89442272811954315e-01
-1.57355722561762501e-03
8.84266131149341383e-01
-1.83374335139072932e-03
8.85483248410198431e-01
-1.63314959642711535e-03
8.87856748753354408e-01
2.20050914294833786e-03
8.85678363145699143e-01
2.32091315530777486e-03
8.81344441312652549e-01
2.45206579169237899e-03
8.95112950680017394e-01
1.45910131378969147e-03
8.89989027432465218e-01
1.74297109536182158e-03
8.86940552822780726e-01
1.69378792588979255e-03
8.91789673504015501e-01
-1.21789366372338404e-03
8.89109406321623719e-01
-1.20680562904109962e-03
8.86669214068479317e-01
-1.44455381504112151e-03
8.92713379681321251e-01
-2.02681912915750198e-03
8.88055494054454164e-01
-2.23673150846683032e-03
8.86051033456389692e-01
-2.26790367847178216e-03
8.90027955070822108e-01
2.03421675501244204e-03
8.88939408902374328e-01
2.12057550459564346e-03
8.83701060952545858e-01
2.26286434378445388e-03
9.05369414158953667e-01
-2.96490031040648190e-04
8.99648419231062646e-01
-2.38301935127655521e-04
8.99869135936624986e-01
-3.20523250605460721e-04
8.97541033893061835e-01
-1.90940767523781630e-03
8.90471448831383627e-01
-2.17318855292113287e-03
8.90410194874417638e-01
-2.19562180375290541e-03
9.04234027043234412e-01
-2.38604829121682939e-04
8.98641585206980231e-01
-1.22106010403751563e-04
8.99202561705346293e-01
-2.76696771451066597e-04
8.98422090719421362e-01
1.85740790860687457e-03
8.93589304945138108e-01
2.05878966227687320e-03
8.90963569343385609e-01
2.13939061119544595e-03
9.03925109297254670e-01
1.19227735830277259e-04
8.97956909994278796e-01
3.54234990625762068e-04
8.98402934974220968e-01
9.25375497452789067e-05
8.99484836441310498e-01
1.56418338586912834e-03
8.94752183923720468e-01
1.79818689690845117e-03
8.92184988802165124e-01
1.79144583647377741e-03
9.02630683377907306e-01
1.65128533972738810e-04
9.01268413683831926e-01
-4.94384162101912068e-05
9.01949447531001258e-01
6.69925075457550561e-05
8.93304877041732781e-01
-1.77069408470336976e-04
8.94528073872502771e-01
9.07196548119657687e-05
9.00111707074086831e-01
-3.03647087637441779e-04
9.00683224833543350e-01
-1.71851082348897576e-04
8.92550470197318258e-01
-4.70410654475730383e-04
8.99090440968514315e-01
-1.35874162202022949e-03
8.93695710676469690e-01
-1.60687343349105553e-03
8.94264066912547229e-01
-1.46567308197580572e-03
9.04244207646366482e-01
2.98963277013003699e-04
9.03450700224163739e-01
2.46289297197560683e-04
8.96162700251000643e-01
2.75666255567489954e-04
8.98359795263640737e-01
-1.57565393195290655e-03
8.93405367124636585e-01
-1.81548415310594418e-03
8.93330804656572997e-01
-1.71913243949333838e-03
8.98903326046828099e-01
-5.63667583898281297e-04
8.92122946647919579e-01
-7.48184036643550110e-04
8.99499162331504398e-01
-4.32035009561583343e-04
9.05856490466298236e-01
3.07322681388076777e-04
9.05084117709447966e-01
3.20656686016674783e-04
8.97919220064171464e-01
3.15500536368352102e-04
9.04373528620564526e-01
5.61291470306706777e-04
8.98163629957569265e-01
8.51521603548621177e-04
8.98138341833554454e-01
6.05208708933116404e-04
8.99273274733810357e-01
-1.12325181660829446e-03
8.95526074465888056e-01
-1.17208254107916180e-03
8.94360371131554754e-01
-1.34151301699895293e-03
8.98705794928857160e-01
-7.74247113117163791e-04
8.92588417965661129e-01
-9.69520258708594452e-04
8.98796148242488324e-01
-6.69911701563386300e-04
9.07507367501121709e-01
1.73300483973498252e-04
9.06741482538386157e-01
2.54832882468281313e-04
8.99766029936620026e-01
1.77027481902847770e-04
8.99913063082944942e-01
-1.68141408482997507e-03
8.96310480044125391e-01
-1.85516284667113147e-03
8.94186930606122199e-01
-1.86720056685457810e-03
9.11025067292346669e-01
-4.48975039797686648e-05
9.09332330851689519e-01
6.71380729745446267e-05
9.02429316410791271e-01
-8.71519503790654500e-05
8.98572948101196922e-01
-9.36592235898407450e-04
8.98633789842993913e-01
-8.56795911397594911e-04
8.95183840302515299e-01
-1.07344847856653022e-03
9.06521917654777520e-01
9.01143624502122841e-04
9.00816961608264855e-01
1.17141980069309791e-03
8.99225671884004596e-01
1.03663014430981863e-03
9.01633318388593619e-01
1.68990266435357483e-03
9.00026822053847764e-01
1.77631372988078110e-03
8.94746855296022492e-01
1.93875563203971518e-03
9.01247803396715619e-01
1.64561916275753257e-03
9.01439068800724441e-01
1.67012761546888049e-03
8.95639845717900451e-01
1.83570843892877172e-03
9.06698932993814544e-01
1.58387088717203551e-03
9.06841626645513488e-01
1.56221437014028271e-03
8.92576188077269017e-01
2.11017283767208014e-03
8.94007472696583649e-01
2.03347929122518018e-03
9.06775352636165155e-01
1.57417142654589634e-03
9.08602095118972830e-01
-1.47224368082273459e-03
9.03072108596686962e-01
-1.68939182627497785e-03
9.00659158415342276e-01
-1.74182113814741447e-03
9.06634236695943452e-01
-1.58553047716123992e-03
9.06841087352738495e-01
-1.56144750088940579e-03
8.94941076073983988e-01
-2.01827839054971852e-03
9.06742907923035912e-01
-1.57450763275428338e-03
8.94007413615163560e-01
-2.03315481195577531e-03
9.10505848883326419e-01
1.07887450989464697e-03
9.04994638294345899e-01
1.31598212540268459e-03
9.02809483987929928e-01
1.26444409525818262e-03
9.06834220733902074e-01
-7.78626341799467997e-04
9.02702819254233013e-01
-8.56391575370472695e-04
9.03055386628310308e-01
-9.45997810072636536e-04
9.16072342883034185e-01
-3.24785755362917738e-04
9.10193954753916512e-01
-3.00118119598675786e-04
9.10697222323025524e-01
-3.18565236658982325e-04
9.09258052445399256e-01
-9.31862266382938592e-04
9.04176420140777592e-01
-1.13867696130245878e-03
9.04263221707288012e-01
-1.02695787188580140e-03
9.10838092109700126e-01
1.43860298220844216e-03
9.08774284204805549e-01
1.51364397015797160e-03
8.99793985577817756e-01
1.83308977903944253e-03
9.17673492770163746e-01
-2.12605000049322649e-04
9.11547587144975413e-01
-2.58867388454581571e-04
9.14387118001663168e-01
-1.35743565913521764e-04
9.09268127350879807e-01
-1.12374809864476243e-03
9.04178158959075273e-01
-1.24019565051141072e-03
9.03815091364762235e-01
-1.34371877177609988e-03
9.15071527309052835e-01
-1.81786119227154432e-04
9.09526405742807742e-01
-5.32563993279705654e-05
9.09615374172044633e-01
-2.07944915983272169e-04
9.07097813153770138e-01
-1.34424910893090385e-03
9.03503017447334411e-01
-1.51256786890523339e-03
9.02728409391461706e-01
-1.45919158933109638e-03
9.15877558168409545e-01
1.20163060248772559e-04
9.10139421719371566e-01
3.22663674673330221e-04
9.09873871025012271e-01
1.25214594636938062e-04
9.11912435925840703e-01
1.22882292599187960e-03
9.06580853870352477e-01
1.43262723976795713e-03
9.05698573997459899e-01
1.39433578940549975e-03
9.10587362086621388e-01
-5.25344536719663685e-04
9.04649028961769130e-01
-6.44890444565675573e-04
9.08708050558564073e-01
-6.50267239103852657e-04
9.14122821375552452e-01
-1.32801340109256136e-03
9.05830383619287471e-01
-1.60979598947217327e-03
9.10385437001059339e-01
-1.45731067673029145e-03
9.13412294838440331e-01
-2.84339448743066838e-04
9.06163537277982156e-01
-4.15554005995770340e-04
9.11995824982249292e-01
-4.02665705702124959e-04
9.18041794816840229e-01
4.22903049346523747e-04
9.12286805139485124e-01
6.49853866782484370e-04
9.11194171979836542e-01
4.94559835088444893e-04
9.15185400613082178e-01
-7.29049391356480648e-05
9.07653670690681591e-01
-1.80121586455512508e-04
9.14294625481799850e-01
-1.75665256281652346e-04
9.17399723662426947e-01
1.21857077048576607e-04
9.16292347989215328e-01
3.06038103127143801e-05
9.09336420157184522e-01
4.33592410386803647e-05
9.13336245946755110e-01
-1.25704995902798039e-03
9.06626117393207975e-01
-1.46403932063857698e-03
9.10967833583202102e-01
-1.36639307982749729e-03
9.18984573912549396e-01
2.59831541873565305e-04
9.18196143630047978e-01
1.98930951289520973e-04
9.10802745265338221e-01
2.16514155877260976e-04
9.16530641543700453e-01
1.22365228593507855e-03
9.07477309023773993e-01
1.52864549562130520e-03
9.13686262160705809e-01
1.33303884142826033e-03
9.20568379882007126e-01
3.27247897794372936e-04
9.19789363823610318e-01
3.04168775081544362e-04
9.12389969496466779e-01
3.13590959041657271e-04
9.21988809972637324e-01
3.04289929199542735e-04
9.21302925638296299e-01
3.27251214519075925e-04
9.13893117865500093e-01
3.04513725408980568e-04
9.17008463798332674e-01
-6.00448214002789076e-04
9.13134190281125968e-01
-7.61409998981457128e-04
9.11919769285230997e-01
-6.88314022605956261e-04
9.23635437514873869e-01
1.92438003411761179e-04
9.22848357852257828e-01
2.57781204786139981e-04
9.15533451732029935e-01
1.82373062863428842e-04
9.21527995927082788e-01
6.36537905266934718e-04
9.16018113931419742e-01
8.50280885563381330e-04
9.14019655857182922e-01
7.67784352785029793e-04
9.19016791246028752e-01
-9.09405633032157033e-04
9.14141094768964768e-01
-1.01595727380326397e-03
9.13059431507776686e-01
-1.11999395796203620e-03
9.20123870588809400e-01
-7.22824515519913707e-04
9.14689005913674746e-01
-8.26399235085103741e-04
9.14698673400268447e-01
-9.16365049194172322e-04
9.17826208389735054e-01
1.12434646903226032e-03
9.09732193747460283e-01
1.39685517345035544e-03
9.14865528677109019e-01
1.18048049361502974e-03
9.26797322003922841e-01
-3.04429154523976726e-04
9.21461401148905512e-01
-3.23714394367732329e-04
9.22237263375507488e-01
-2.65715984493847691e-04
9.26535762436840327e-01
2.65911052368451205e-05
9.18757055297369729e-01
-5.84189271382363965e-06
9.25127074607445588e-01
1.12863068144671675e-04
9.15297130531019909e-01
-1.12683323225809713e-03
9.14314661544857632e-01
-1.19409497000081940e-03
9.11197222146646002e-01
-1.23460388335854118e-03
9.25865147118034026e-01
-3.17575516322947025e-04
9.20495999191931813e-01
-2.65610222132044258e-04
9.20946599099814800e-01
-3.23193390098230188e-04
9.17176259326158760e-01
1.17826503107306768e-03
9.26687088798493264e-01
-1.62734201738837621e-04
9.21300688625023234e-01
-3.77285299813210110e-05
9.20851717018749794e-01
-1.68538829915520913e-04
9.23799988455025090e-01
8.06696956562598204e-04
9.17858083010717252e-01
1.01130600862894804e-03
9.17148431734548075e-01
9.43059059682936325e-04
9.23611520081971227e-01
-3.12163829052222177e-04
9.20310627235221723e-01
-4.51568914874495237e-04
9.17099058740491913e-01
-4.15468443342423375e-04
9.25287136230603657e-01
-9.55014319105727425e-04
9.19708491154259677e-01
-1.13893232737336480e-03
9.16944081012175616e-01
-1.20466403373257818e-03
9.31495192941460881e-01
-1.32900084352393185e-04
9.29045720070740932e-01
-5.57527121811251058e-05
9.24585555225627465e-01
-1.73093855815027167e-04
9.28965581768882109e-01
5.94206075784170859e-05
9.23513003514841668e-01
2.28055071362797139e-04
9.22403230280186670e-01
9.36991904413485483e-05
9.27630293570161024e-01
-9.16449968346924192e-05
9.20520642400260769e-01
-1.84241617631981854e-04
9.25619698644028932e-01
-1.98395537244913542e-04
9.25291869480147189e-01
-8.05482196585466273e-04
9.22151576813319052e-01
-8.59078083340161260e-04
9.20296525484890604e-01
-9.61662099184859933e-04
9.29452536333820190e-01
-3.97137878520923044e-04
9.24790721172850216e-01
-5.53975105741069066e-04
9.23227956297874797e-01
-4.97379782225609640e-04
9.32355335118502770e-01
2.56571051175078532e-04
9.26945419206341215e-01
4.37449261488745932e-04
9.25188885205223688e-01
3.41072694816890645e-04
9.30722758751671098e-01
9.22687643765617390e-05
9.29176071011343474e-01
4.69069715478321101e-06
9.22952617826059973e-01
1.36501576429584911e-05
9.30782648367557752e-01
-5.40952071263013320e-04
9.24903316709336010e-01
-7.17995388533691466e-04
9.25449688317920183e-01
-6.32178152109905893e-04
9.36470635814528385e-01
-3.47829676882498368e-04
9.31190254579327914e-01
-3.42397102003154060e-04
9.31622460564123123e-01
-3.29606912594185471e-04
9.34188352769944053e-01
-7.23343504545774724e-04
9.24146801782340432e-01
-1.01262414486304425e-03
9.20413041626494843e-01
-1.12718228014018753e-03
9.30247961999550066e-01
-7.62347464936181376e-04
9.27766283864239094e-01
-8.61115356082560652e-04
9.21794458207206180e-01
-9.99545307219503647e-04
9.33541644170895357e-01
2.37983417047224054e-04
9.32134786577450192e-01
1.71292214467891606e-04
9.25466300247928642e-01
1.82800328286927805e-04
9.36979838226567274e-01
-3.15530293331629775e-04
9.31852898496898674e-01
-2.52168818222433806e-04
9.31400336989321675e-01
-3.15365861220043915e-04
9.27762747342569583e-01
-7.90033586327735593e-04
9.35638849446785881e-01
3.27057253043089584e-04
9.34596387634188508e-01
2.89762663592093867e-04
9.27302299993132961e-01
2.94748082594678009e-04
9.38593921292719346e-01
-2.48167909212907746e-04
9.32707745673830302e-01
-2.79175240553857429e-04
9.35055530868799667e-01
-1.94969087605812764e-04
9.31684841176558920e-01
7.92198349922701201e-04
9.32550956043782464e-01
7.58054544322038699e-04
9.19188415184305385e-01
1.16556546561240879e-03
9.19691400277529603e-01
1.13675504759184402e-03
9.32117095198413792e-01
7.75899541693836521e-04
9.32027645931911231e-01
7.80875731238938643e-04
9.21432520573629121e-01
1.09340919769108209e-03
9.31856055341635070e-01
7.88649541550669317e-04
9.32550775283283784e-01
-7.57722672051483644e-04
9.33371325593420842e-01
-7.42001793604765507e-04
9.19691666335298974e-01
-1.13610879577520727e-03
9.35894016182372668e-01
4.03026309238562017e-04
9.29849183036035032e-01
5.97072870069148488e-04
9.28704886235603211e-01
5.19762704713048009e-04
9.35630169296210679e-01
5.84109135152013252e-04
9.26733091146176191e-01
8.40957000613561751e-04
9.29708255692324848e-01
6.97593635904464326e-04
9.37389938903222197e-01
3.53902267825456759e-04
9.36526076395729712e-01
3.48647078425336210e-04
9.28962458992140361e-01
3.40122686638259049e-04
9.38648098978431489e-01
3.14284342981495217e-04
9.38036480351726376e-01
3.42001164942862083e-04
9.30294310774960942e-01
3.08130901206250351e-04
9.39440846977839805e-01
-1.92043302151336236e-04
9.34216156583273172e-01
-7.90895822960875020e-05
9.33044578526655233e-01
-1.74022374800889972e-04
9.39751496817016307e-01
2.14510958673278136e-04
9.39223434682703306e-01
2.70819456880462442e-04
9.31667406258735453e-01
2.03309573274355518e-04
9.33809875726955951e-01
7.04397011383684954e-04
9.32917535629889216e-01
7.46456145954218380e-04
9.25172793280017336e-01
9.52551007517757841e-04
9.36465740701939775e-01
-1.42908582616347576e-04
9.32960378298224202e-01
-2.65381830611196277e-04
9.30035286898131530e-01
-2.26318346197318680e-04
9.41696511924504653e-01
7.51923879251452615e-05
9.34097420404660483e-01
5.20220396441309593e-05
9.40751296092090628e-01
1.48226766345963576e-04
9.34714712042810980e-01
6.49752593119504000e-04
9.42935703630987221e-01
-4.39231659801693936e-05
9.37652503980680674e-01
9.61432664916560714e-05
9.35938068418275537e-01
1.00214629435989722e-05
9.41101876162080409e-01
-3.90474151761461879e-04
9.33201810973099843e-01
-5.87617083873162344e-04
9.35935201748823942e-01
-4.68244724095133935e-04
9.45320625815297189e-01
-6.89956502591137388e-05
9.43532053248885783e-01
2.72927188861040789e-06
9.38401319994018435e-01
-1.00127823222743200e-04
9.41303778194273244e-01
-2.33202795780600034e-04
9.36046572879011829e-01
-3.80609332539226855e-04
9.35373226735265795e-01
-3.15465373709589332e-04
9.41957063341215539e-01
6.34332624173954856e-05
9.39212402576597771e-01
-3.50914646933223688e-05
9.34789975760241254e-01
-1.23529174198966188e-05
9.42507427024437017e-01
-4.96135680362279406e-04
9.38352501922967819e-01
-6.10691865236835099e-04
9.33895937976892521e-01
-7.15625797174345205e-04
9.47179477160061234e-01
-3.23276777795944513e-04
9.41839829319688016e-01
-3.40634152543983337e-04
9.42884914899131732e-01
-2.89041429299323764e-04
9.47024842951081247e-01
-3.74727779157229721e-04
9.42020112622846573e-01
-3.54439000973311396e-04
9.41732949216619097e-01
-3.61983116911518952e-04
9.46922785221014252e-01
7.74890381099822411e-05
9.41412019662621780e-01
2.32221955203741311e-04
9.39631806464441999e-01
1.67188582934074925e-04
9.46256642037972551e-01
2.22814009506932620e-04
9.44108781960153576e-01
1.48386073714354904e-04
9.38485387397769877e-01
1.59531858262982386e-04
9.49284801793929489e-01
-3.38101476851652668e-04
9.44376839351268593e-01
-2.75573357171081596e-04
9.43114480614406725e-01
-3.24723292666513434e-04
9.51087470252911737e-01
-1.89035556939239459e-04
9.44843227315101730e-01
-2.19248917777473796e-04
9.48216885385724684e-01
-1.31485717252029097e-04
9.49708851028567391e-01
1.78594510308424144e-04
9.42672934957698105e-01
3.72740319469376719e-04
9.42796716350848274e-01
2.89606339779795803e-04
9.49942090652749482e-01
3.32962217809428440e-04
9.48104006213831951e-01
2.84179067253715744e-04
9.41735619729960671e-01
2.86985185161705647e-04
9.50133084715689025e-01
-2.67740501701638222e-04
9.40195397495386054e-01
-5.00040469500101872e-04
9.45607224816204739e-01
-3.33554572271706760e-04
9.46318933048791111e-01
-3.84364329672247558e-04
9.49597031833156580e-01
1.03169893486983376e-05
9.45452637752154157e-01
-1.06116423260131600e-04
9.43026510895412451e-01
-6.58236600345498795e-05
9.52919096768520157e-01
-2.53813715243863462e-04
9.47936654609178753e-01
-1.58569392988636973e-04
9.46165752929793435e-01
-2.20512123927978440e-04
9.52802397944853219e-01
3.86647711082729699e-04
9.51379832777483503e-01
3.66523781802371757e-04
9.44211061147235076e-01
3.57530889531589501e-04
9.54676504807639548e-01
3.83847740502901767e-04
9.53749844408401048e-01
3.91757298969112986e-04
9.46019308518151747e-01
3.68552805382923023e-04
9.52578418949821204e-01
-9.01087559635093598e-05
9.46934783822746540e-01
-1.62675583430082631e-04
9.46843525394243213e-01
-2.33564540277061224e-04
9.55805660206195729e-01
3.30301869515470606e-04
9.55254597824416241e-01
3.62916204808924777e-04
9.47208814740681637e-01
3.21543039610766904e-04
9.56949171123195441e-01
-3.73772833212998405e-04
9.52001295400891068e-01
-3.80195164050925894e-04
9.52056300940985478e-01
-3.49892386050658431e-04
9.56048303390394039e-01
2.33990168081289827e-04
9.55943303092052665e-01
2.86832813754035992e-04
9.47881030745099884e-01
2.23906698573971734e-04
9.56557883293747913e-01
1.10314105180541077e-04
9.49112564689520322e-01
9.32154974080198507e-05
9.56321732411331449e-01
1.74966664373308109e-04
9.52442064279492739e-01
2.71273772397215838e-04
9.49679944972576573e-01
3.14065924602457622e-04
9.51056087992890098e-01
2.95193694859735524e-04
9.41746322630394372e-01
5.00040411242812797e-04
9.42236962983604487e-01
5.10987069102587224e-04
9.58618007408774120e-01
-2.76839110087830206e-04
9.52906637062426287e-01
-3.02346531939016267e-04
9.54855204408160185e-01
-2.35237254981395547e-04
9.57507916172038454e-01
-1.71212137814318266e-04
9.52221367003637020e-01
-5.53111872843780553e-05
9.50212817244472263e-01
-1.06828654029452884e-04
9.58828248034643837e-01
-4.05730502166474507e-04
9.54070596419788752e-01
-3.80244986594312012e-04
9.52912444419566906e-01
-3.89459163383080868e-04
9.54735670480785337e-01
1.67921965292955208e-04
9.52206912041595910e-01
2.41613337274303950e-04
9.45184050472845150e-01
3.64755602477084579e-04
9.56289787168710048e-01
1.98731619532528718e-04
9.52945744896346647e-01
1.09802898778832192e-04
9.49118503979188621e-01
1.32073702413847567e-04
9.58856545785386594e-01
-2.31314153470430810e-05
9.57725791600317455e-01
4.40688044778047040e-05
9.52080340411693093e-01
-4.54803019436120386e-05
9.56451140721964133e-01
1.87321255481926201e-04
9.54440357531616823e-01
2.30623057490978724e-04
9.44069706759271488e-01
4.67841314519733156e-04
9.58267760987878581e-01
1.44413780226356343e-04
9.45411703289034899e-01
4.27693815657652137e-04
9.57353799543318673e-01
1.66269072859883007e-04
9.58460402019637114e-01
-1.45691260408334231e-04
9.58268064849086443e-01
-1.43854691940617009e-04
9.46323872044390724e-01
-4.13576304263870581e-04
9.58359151792910868e-01
-1.45454549814663409e-04
9.45411401486979663e-01
-4.27045853297421032e-04
9.61813201797171335e-01
-1.07050182054039690e-04
9.55765812828043737e-01
2.78032657499886869e-05
9.54362446733906022e-01
-1.60611009226872241e-05
9.62501392831521141e-01
-3.85144175611474822e-04
9.57721309454376057e-01
-3.28415460519455339e-04
9.55879801821382991e-01
-3.59957841319974567e-04
9.63894135229600657e-01
-1.38939289383197126e-04
9.57488227516592461e-01
-1.63891409345769703e-04
9.61386475244998651e-01
-8.22986469969630891e-05
9.61795246719801988e-01
3.34122839536490413e-04
9.59046190622890204e-01
2.72202646625541611e-04
9.54020350221416291e-01
2.79617887133783714e-04
9.62618331345131306e-01
1.51749580789021463e-04
9.57601798088353440e-01
3.71927038654083533e-05
9.56102278224961188e-01
8.13720511052446355e-05
9.61835600759942455e-01
-7.41627601310985263e-05
9.60146103161835907e-01
-1.11506504695600185e-04
9.52171424307846292e-01
-2.72334969139879782e-04
9.65047814027761186e-01
-6.50262613125353279e-05
9.59894594531755518e-01
4.73080862532536799e-05
9.57375322668698847e-01
5.29091947250904472e-05
9.65079701819467339e-01
7.89756999867527064e-05
9.57611978799401853e-01
-8.53425940650826459e-05
9.58823346861552239e-01
-4.97789498446290248e-06
9.66954135422581129e-01
-3.40312663128474065e-04
9.61961505594363664e-01
-3.60390592781547410e-04
9.62783333056216106e-01
-3.09937923580564767e-04
9.67319718361286718e-01
-3.42529659037258901e-04
9.62421264494052853e-01
-2.64701952200522802e-04
9.60109180607020440e-01
-2.97151861253304949e-04
9.66461869894054026e-01
4.15901913621546948e-04
9.64134674766299216e-01
3.81450191393919785e-04
9.58195335206016185e-01
3.75467699303109657e-04
9.68210193553060372e-01
-4.14689975705406105e-04
9.63532670821581894e-01
-4.16546818593681995e-04
9.62569696215246795e-01
-3.94211028555044773e-04
9.70559951403534460e-01
-2.31825748192542573e-04
9.67231193715494708e-01
-1.86960060793821026e-04
9.64590365739897648e-01
-2.55012977930390086e-04
9.70177196518749563e-01
4.41223219545424457e-04
9.68328248065382091e-01
4.35103441530758784e-04
9.61481538984361173e-01
4.14636841115678971e-04
9.69000648956549360e-01
7.89083614224398116e-05
9.65418157101315511e-01
2.40787429476729876e-06
9.59565018665240022e-01
-8.46846958304549460e-05
9.71489781350273973e-01
-4.46929986362329260e-04
9.65147436350404009e-01
-4.25414597415177268e-04
9.67006696955595157e-01
-4.23142566323230548e-04
9.70620107253847841e-01
3.21909974147291638e-04
9.66622788307980874e-01
2.42628849392539155e-04
9.63449659503135880e-01
2.61206076132268396e-04
9.72320952490322132e-01
4.12691690917128329e-04
9.71259481914945155e-01
4.32815051730508680e-04
9.63488706681154383e-01
3.98503625851944301e-04
9.72585024429748146e-01
-3.07404170070336611e-04
9.67204773211011504e-01
-2.14362525055750700e-04
9.65039427444237541e-01
-2.39879273772604899e-04
9.71100287729449341e-01
1.24732335808587437e-04
9.72636713467438407e-01
2.41768442681348697e-04
9.63817937062408925e-01
1.17524975616255421e-04
9.71881340991717857e-01
1.85429975958855347e-04
9.64329168373633139e-01
2.37555428025535450e-04
9.71408317896668816e-01
4.35230742046600285e-06
9.71267437640320086e-01
6.52376372676955352e-05
9.65125285786741505e-01
-9.11594700413143757e-06
9.73469025249650399e-01
3.42064775249347082e-04
9.72907101822294562e-01
3.82231914162365672e-04
9.64625015295065835e-01
3.35984067349014062e-04
9.69417104013860942e-01
-6.38662913459514753e-05
9.63038708800845744e-01
4.12027922229231435e-05
9.66222820543174654e-01
-1.11235329270726534e-05
9.56360088329084590e-01
1.71417719797693335e-04
9.60933157410909677e-01
9.40714840388698185e-05
9.73064847207234851e-01
2.95341835822474238e-04
9.70695585091039925e-01
-1.08122987297102342e-04
9.66868902270572983e-01
-3.53239988433138192e-05
9.62713139513092009e-01
2.35279818266249661e-05
9.76376168918864362e-01
-4.47232066187364281e-04
9.71856271566670760e-01
-4.01814040532741401e-04
9.69428161680237932e-01
-4.15184917507131551e-04
9.76431732090748183e-01
-1.00989243662580013e-04
9.70158552477109914e-01
-1.19726016768087948e-04
9.73927993906120060e-01
-4.89676053480382983e-05
9.77072629632308787e-01
-2.83839271191838548e-04
9.71065293366104032e-01
-1.80989737512263118e-04
9.69437829296551312e-01
-1.97768962107566163e-04
9.77208387490819730e-01
-3.90592851809169468e-04
9.72718056690780486e-01
-4.06023789450126241e-04
9.72075078502445455e-01
-3.65972645354853974e-04
9.75799707845721009e-01
2.91410898809561639e-04
9.70443505153287700e-01
1.91218619997398932e-04
9.69204513295943371e-01
2.22791197032856111e-04
9.78651236982411077e-01
-2.99071227941845286e-04
9.72807034736465348e-01
-3.21207830475649515e-04
9.74604281417640661e-01
-2.66451692640554897e-04
9.77177357948630587e-01
4.32545997061074220e-04
9.73903473484684534e-01
3.83127687609042763e-04
9.69480491301677461e-01
3.84279946197594192e-04
9.80275545564162187e-01
-4.55805459279726816e-04
9.74233921335477260e-01
-4.34960418254435449e-04
9.75894411809810958e-01
-4.57378175871960371e-04
9.79838946063590233e-01
2.76789958102291401e-04
9.74423030183463768e-01
1.81647180705684578e-04
9.72456029788201226e-01
1.81533747525642865e-04
9.82230638090395680e-01
-2.64008243878672394e-04
9.75811336566138832e-01
-1.67361731496507043e-04
9.69349647772651979e-01
-5.93494478302892606e-05
9.81327048086997666e-01
-2.87507452689280806e-04
9.76014849399651219e-01
-2.01821951286994630e-04
9.73183421009613414e-01
-1.81191764970326430e-04
9.82319803473479025e-01
-4.41059051599238764e-04
9.77458727251535930e-01
-3.80595139995635484e-04
9.74811720128620052e-01
-3.91911951107147734e-04
9.83927301920031971e-01
-1.84130429095966943e-04
9.77242445026018314e-01
-2.08186739751201744e-04
9.80181508943232638e-01
-1.43443449220012414e-04
9.82734807238209052e-01
4.88708790699192127e-04
9.79963047541530186e-01
4.67000389371207986e-04
9.74591917469594948e-01
4.53175300909719990e-04
9.84769701007910836e-01
-4.96319167789815736e-04
9.80581777571099211e-01
-4.77702635098686845e-04
9.78120128250091536e-01
-4.71016106541494802e-04
9.83943650664587555e-01
-2.90536946825243735e-04
9.71113109558315202e-01
-9.38859555606657095e-05
9.83077106578321480e-01
-2.76918757511922188e-04
9.80454531463501366e-01
2.40359447955423535e-04
9.82468703147937550e-01
2.68064964479096455e-04
9.81454051113768045e-01
2.53107120999521357e-04
9.70467291648648422e-01
7.94436315116111571e-05
9.71145349342693143e-01
9.38767176996059701e-05
9.83943787968750039e-01
2.91412162566293334e-04
9.83198536412445367e-01
2.79511864449745538e-04
9.71112882288481472e-01
9.44392252550578466e-05
9.85212561358824290e-01
4.37666249716006086e-04
9.80510987712264193e-01
3.70569735639471440e-04
9.77911196202106758e-01
3.81060697218611744e-04
9.84130595654611695e-01
-2.97798841970616868e-04
9.77406834651652789e-01
-2.06365719465511114e-04
9.76780236886368280e-01
-1.87576203126386270e-04
9.84341301176067440e-01
-3.51216210148521909e-04
9.81495810870761098e-01
-3.25876626136658860e-04
9.80780520798891664e-01
-3.72622402581260670e-04
9.81835781223258319e-01
2.00701570833801670e-05
9.85528363096184967e-01
1.14109627957321397e-04
9.76617409177926832e-01
1.23113531414792205e-05
9.83688242843980820e-01
6.76553335272756645e-05
9.78306378260970333e-01
1.19239101790594333e-04
9.87229352196724141e-01
4.88531332066486669e-04
9.84991961750629419e-01
4.95275783784929311e-04
9.78696706923428472e-01
4.65739887690842010e-04
9.88167549822598135e-01
-4.40678926226230057e-04
9.82625638678870872e-01
-3.68390358802862599e-04
9.80370205673118278e-01
-3.75714769221490515e-04
9.88100865211264279e-01
-5.17931956884275089e-05
9.82263832645272172e-01
-7.61322425459706894e-05
9.84970743411367811e-01
-1.61249063875325270e-05
9.88730850980811926e-01
2.28007791683355687e-04
9.87138864446503339e-01
1.72610771335853712e-04
9.80676096334713976e-01
2.34792170641933686e-04
9.89133050646135104e-01
-4.27391210184568590e-04
9.84714432891506730e-01
-4.45694258637527199e-04
9.83163922291807157e-01
-4.08958058000819652e-04
9.87162314138783414e-01
3.42358780100978570e-04
9.83808309952215576e-01
2.91949114985724345e-04
9.78080714487579717e-01
2.19560754581880750e-04
9.90694999652284025e-01
4.36004956284842635e-04
9.88974562235272359e-01
4.68336051097012441e-04
9.81500312429932409e-01
4.25065942662981443e-04
9.92116362049935030e-01
-2.61767311917209661e-04
9.88021979204832812e-01
-2.23964256970771185e-04
9.85383213002151037e-01
-2.80980704787950884e-04
9.91086434943109995e-01
-5.19229514828154675e-04
9.86709924826833840e-01
-4.85751879949891739e-04
9.83722961508731064e-01
-4.83180358111388408e-04
9.91918346320099897e-01
3.35496417083892395e-04
9.90332973886562495e-01
2.84228896721411511e-04
9.82686485556196865e-01
3.39216965826892190e-04
9.91031800258708961e-01
4.40854744086792308e-04
9.85440002285896899e-01
3.64251465424763568e-04
9.83411477122826061e-01
3.68965892750642795e-04
9.91320814247903859e-01
3.90820081415531870e-04
9.92940422387682875e-01
-4.45861854516870978e-04
9.87138449211666824e-01
-3.71763607658749705e-04
9.85001448368396204e-01
-3.68150883119708035e-04
9.92722013167762429e-01
-5.00945818714653617e-04
9.88754759575325215e-01
-5.03461122241386579e-04
9.86490518559644203e-01
-4.78205332342121156e-04
9.92594341276658132e-01
5.21410819525326653e-04
9.88908654352801286e-01
4.85086747811092100e-04
9.84880014297056405e-01
4.78026859250260346e-04
9.96143615878515076e-01
-1.29679796385444735e-04
9.90034993857800139e-01
-1.56954150820808698e-04
9.92123695397347349e-01
-9.13207089013106185e-05
9.97456723721959704e-01
-3.55899866880365629e-04
9.93307119622363288e-01
-3.95375650787745309e-04
9.90894512005607742e-01
-3.53668019040808876e-04
9.96314016967464466e-01
-4.55437874768817601e-04
9.90227077823170987e-01
-3.81205709855687814e-04
9.88815342331570424e-01
-3.75488491856140120e-04
9.97023913966987752e-01
4.70278611873354907e-04
9.92095939463923826e-01
4.09360109100715601e-04
9.88429348694538468e-01
3.79696249455814408e-04
9.95588458263113485e-01
-4.36395346283093141e-04
9.88915350660958037e-01
-3.54119674528693875e-04
9.89854602512457160e-01
-3.69829255779951214e-04
9.97938956287143686e-01
-5.39910930162356534e-04
9.93058934914953229e-01
-4.95624781453465261e-04
9.90122949509133043e-01
-4.91721941856909824e-04
9.98126262712431545e-01
5.83410375859157667e-05
9.91825473481022568e-01
8.59879192768411881e-05
9.93119108537076523e-01
3.91031814905756112e-06
9.94790336085607518e-01
-3.10714270093178800e-04
9.98935719504729258e-01
-5.51005710760725693e-04
9.95018121338171357e-01
-5.39888144473310030e-04
9.91844690177620225e-01
-5.23602868892533843e-04
9.98297250175418593e-01
5.51653866068380246e-04
9.95452225184642492e-01
5.42111755244522914e-04
9.90509767362223514e-01
5.20872723052336561e-04
1.00053026238019571e+00
5.46424887516041777e-04
9.95785640965559327e-01
4.98628583204125059e-04
9.92866500389788187e-01
4.93996879831427784e-04
1.00031372120212603e+00
-4.66665595981374662e-04
9.96527702141312144e-01
-4.88056690082432337e-04
9.94717792315032323e-01
-4.47104065711011807e-04
1.00449449945396352e+00
-5.63524447524206638e-04
9.98722984812913328e-01
-5.10029513218521451e-04
9.96325526316379606e-01
-5.04823646269615678e-04
1.00432379935614824e+00
1.81591552036966964e-04
1.00123313272383307e+00
1.21223558819636671e-04
9.96524616551234921e-01
2.04938847589109814e-04
1.00496506867932478e+00
-2.08579672163199364e-04
9.98541301539121462e-01
-2.35519779198315685e-04
1.00055477696433859e+00
-1.69907662815280212e-04
1.00410684160055608e+00
5.33253888267911725e-04
1.00121245218487198e+00
5.48915495965776774e-04
9.95660903034626066e-01
5.11584266433764414e-04
1.00653588292109242e+00
-5.91887871035112778e-04
1.00224322581600300e+00
-5.70478844267841533e-04
9.98804544183943488e-01
-5.56425902973861522e-04
1.00416957624149372e+00
5.27751636532910605e-04
9.97663726192778766e-01
4.59057284563729696e-04
1.00091752650837940e+00
4.94433683180902760e-04
9.89061089110344516e-01
3.57867855979407358e-04
9.95663904512862796e-01
4.41910721480693550e-04
1.00599571202459681e+00
-5.45662615519306566e-04
1.00247281009134159e+00
-5.52267689563878711e-04
9.99351783391403292e-01
-5.23345327915208914e-04
1.00859676126668640e+00
5.65915772505124056e-04
1.00312085677960994e+00
5.14782847034491137e-04
9.95542968266156736e-01
4.34747629081376485e-04
1.00749274249787413e+00
5.76357616675100088e-04
1.00226226876588798e+00
5.27308870728838302e-04
9.99258617282121286e-01
5.12590914484954501e-04
1.00889830761140398e+00
-1.83294572319371064e-05
1.00351310622229417e+00
1.96307213546387756e-05
1.00252639963607693e+00
-7.38181781500232609e-05
1.00794451202683244e+00
3.14356069880385126e-04
1.00614486162092054e+00
2.50497038740636103e-04
9.99928240825616821e-01
3.25383142906210572e-04
1.00859761685554350e+00
-5.77576918350331437e-04
1.00246083316663381e+00
-5.21145227597688294e-04
1.00076330366359478e+00
-5.15110660652536088e-04
1.01083560208880763e+00
4.49002271177162589e-04
1.00075882865112353e+00
4.43597130715410882e-04
1.00748981289648598e+00
4.99053782238992609e-04
1.00820029638572306e+00
6.00988671189509570e-04
1.00437009171535840e+00
5.78353569773340037e-04
1.00039151368894830e+00
5.62514002995571200e-04
1.00879212136302643e+00
-4.11521141314860725e-04
1.00456116851403898e+00
-4.41895938676492529e-04
1.00311952656587411e+00
-3.84279312923313304e-04
1.00940256800983996e+00
3.86558493276653690e-04
1.01020396863719975e+00
-5.81261903187386660e-04
1.00290264208655300e+00
-5.14277123865546234e-04
1.00325286907816058e+00
-5.21769399634999407e-04
1.00807128769360821e+00
-5.61129895367778022e-04
1.00955062351106584e+00
-5.74669967873128414e-04
9.95154625068373266e-01
-4.29608024777949817e-04
9.96756866767300131e-01
-4.49888377114620631e-04
1.00880261232230239e+00
-5.67854041412026384e-04
1.00955044375001890e+00
5.75239279603906284e-04
1.00906325286541465e+00
5.70428890373247239e-04
9.96757024098437583e-01
4.50263830491130193e-04
1.01220085127606096e+00
-2.83446380657406498e-04
1.00483488809568122e+00
-3.21355371667221361e-04
1.00858352714828792e+00
-2.46802993201671744e-04
1.00856749640060084e+00
-5.64894418741594489e-04
1.00207469054915643e+00
-5.04190556620459748e-04
1.00831567322282112e+00
-5.62298509906227731e-04
1.01235074303011330e+00
-5.12243971355179676e-04
1.00632617528862123e+00
-4.89699631286097089e-04
1.00917996507541097e+00
-5.32018183853749595e-04
1.01450826406129213e+00
-6.31147619360901955e-04
1.00950684879249164e+00
-6.02064880037864658e-04
1.00621874327956373e+00
-5.87909331287555506e-04
1.01397687629769728e+00
-6.05293331996394372e-04
1.01026215384354612e+00
-6.02420470140268291e-04
1.00644970394946753e+00
-5.78752124320254047e-04
1.01361692868532716e+00
6.11776915045659326e-04
1.00889549798852829e+00
5.72065027786669415e-04
1.00531773769387955e+00
5.46245958351445943e-04
1.01460288719144809e+00
6.11819818951100068e-04
1.01140755614310085e+00
6.11158860476598387e-04
1.00644302319227852e+00
5.82631701484670819e-04
1.01813929921594637e+00
-1.03145329433341164e-04
1.01155813609076084e+00
-1.56196750043038386e-04
1.01352044259711116e+00
-6.13458020747666735e-05
1.01702109269682728e+00
6.44123625611763917e-04
1.01226107587625291e+00
6.14205727046577285e-04
1.00877089566016576e+00
5.98046009655840228e-04
1.01806704171057749e+00
1.04556892873878410e-04
1.01348914964143488e+00
4.39489584622421294e-05
1.01119655917345930e+00
1.43050387518282309e-04
1.01963842425080697e+00
-3.48476979841002513e-04
1.01591924183781135e+00
-3.16733758347042800e-04
1.01422122859331698e+00
-3.81690701373089069e-04
1.02035856419570448e+00
-6.60299290120467297e-04
1.01448319135030895e+00
-6.23286439879192013e-04
1.01242002368993100e+00
-6.14494120769701791e-04
1.01875563748147280e+00
-4.57517825150795352e-04
1.01556001355902104e+00
-4.87339323447275844e-04
1.01377028609077691e+00
-4.34948504970133576e-04
1.02052514090868041e+00
5.81922226630133513e-04
1.01757210090906636e+00
6.01741342935189724e-04
1.01230730433393790e+00
5.57988730107617631e-04
1.02039259015278061e+00
-5.88179007134494039e-04
1.01719048136687706e+00
-5.99939452122603316e-04
1.01318802337945457e+00
-5.67380120806653776e-04
1.02239118189955991e+00
6.69782441323824983e-04
1.01549809144427128e+00
6.21688252577943168e-04
1.01327835789653431e+00
6.05369552561505365e-04
1.02286403715144925e+00
-6.57491989215899146e-04
1.01869100984836147e+00
-6.47906680498777621e-04
1.01469455816360421e+00
-6.26355867900441825e-04
1.02393183414854905e+00
-6.78853156605597184e-04
1.01707342292220293e+00
-6.34686117631362632e-04
1.01625763100322319e+00
-6.31463028053206969e-04
1.02402512453039929e+00
-6.79119418903395534e-04
1.01630221255596953e+00
-6.27283683753653920e-04
1.01710685174215598e+00
-6.33625922223338676e-04
1.02438114470380759e+00
2.45265942967872993e-04
1.01616500961285849e+00
2.80582364507306911e-04
1.02123319802843393e+00
1.76712406270567682e-04
1.02554727900606091e+00
6.88248129460968124e-04
1.01958696920541336e+00
6.53984971873532422e-04
1.01651583777873733e+00
6.37070033912289966e-04
1.02479594872284219e+00
6.72242852777510044e-04
1.02091258467319101e+00
6.61776772546705089e-04
1.01649198920129802e+00
6.38446317810089422e-04
1.02574927859865750e+00
-2.01068572536473438e-04
1.01897907708557645e+00
-2.42949198720504632e-04
1.02194732247609066e+00
-1.53119057327988936e-04
1.02790858155509590e+00
5.23362761241629284e-04
1.02422612013792080e+00
5.56630085303848852e-04
1.01936106075978761e+00
4.87334787530576308e-04
1.02567041698207451e+00
-5.45924748238599375e-04
1.02303723251786072e+00
-5.69715125362901960e-04
1.01900548469639696e+00
-5.29457456403397060e-04
1.02646534539535250e+00
3.90902127260434767e-04
1.01865702562730109e+00
4.22320788003721257e-04
1.02543540484541129e+00
3.21271276291422772e-04
1.02813373704108768e+00
-4.06696934754665501e-04
1.02388439654406160e+00
-3.78277818612966364e-04
1.02344898394119266e+00
-4.33420931095917388e-04
1.03264460457197149e+00
1.34405975784078841e-06
1.02539421520706564e+00
-5.03830465153032011e-05
1.02535799464586952e+00
5.23582731684978138e-05
1.02976828985344282e+00
-6.51614003723154610e-04
1.02632104171877980e+00
-6.57730732170396393e-04
1.02186764951940878e+00
-6.29699988086157656e-04
1.02589974687093255e+00
6.90483161441846635e-04
1.02414357612412266e+00
6.80292186199114813e-04
1.01975533098324411e+00
6.53570647588508661e-04
1.03162366563387287e+00
-7.05366212171957760e-04
1.02599688908169351e+00
-6.87402680684165218e-04
1.02305974508289577e+00
-6.70750583647612350e-04
1.03111583605921142e+00
6.66378570620168218e-04
1.02796038399396683e+00
6.72808825711688476e-04
1.02285190958677075e+00
6.40247422963374107e-04
1.03321320614388057e+00
-7.29721979356893992e-04
1.02065233097734276e+00
-6.58049082709595209e-04
1.02860801172788374e+00
-7.05745004251439180e-04
1.03042309418044131e+00
-4.97130334997737916e-04
1.02805097070849660e+00
-5.23110090364292245e-04
1.02458510192440300e+00
-4.77720528077951593e-04
1.03243626232527896e+00
-2.90022489578823847e-04
1.02909476807370415e+00
-2.46595016307801470e-04
1.02603969632709990e+00
-3.19935719898158913e-04
1.03475347790271233e+00
7.23588837053422505e-04
1.03015373946659050e+00
7.08821102984372653e-04
1.02588154324497016e+00
6.87112631469822535e-04
1.03616843291232508e+00
-7.34690814922555517e-04
1.03005482046640728e+00
-7.10530326909610726e-04
1.02825714732808327e+00
-7.00371478672819460e-04
1.03507512919582512e+00
-7.38893328098136782e-04
1.02232353888830718e+00
-6.69948829432937985e-04
1.03413370195833609e+00
-7.34407781475346203e-04
1.03561781489472904e+00
-6.21229207608542172e-04
1.03269791885116002e+00
-6.39104410963947482e-04
1.02800060226136791e+00
-6.05626629158051238e-04
1.03649720065953521e+00
7.45224521443558314e-04
1.03507503865075945e+00
7.39421259867374669e-04
1.02255582752062701e+00
6.70997192206136965e-04
1.03577795156252406e+00
7.42375623568982887e-04
1.02232348102658399e+00
6.70504963515846145e-04
1.03820106128814671e+00
4.55685048928564812e-04
1.03232975651455172e+00
4.24307711694994890e-04
1.03306279770903853e+00
4.92087032143743931e-04
1.03723976386511985e+00
6.32164634269312582e-04
1.03418364119890227e+00
6.52800985081811950e-04
1.02887366349990739e+00
6.07905268490624429e-04
1.03929689120592506e+00
-7.53455782017512041e-04
1.03166688244573290e+00
-7.20758764627861623e-04
1.03160502188409353e+00
-7.19428781585339564e-04
1.03417324351206874e+00
-4.45934280423587390e-04
1.03230139936512888e+00
-4.72503259362580010e-04
1.03115254619180763e+00
-4.26663064780886741e-04
1.03913924649868616e+00
1.38489267917144790e-04
1.03176569443686561e+00
1.92193696030955590e-04
1.03590034080250692e+00
7.08323784382408297e-05
1.03900951229264993e+00
-1.44714615860821593e-04
1.03583668803220097e+00
-7.27394570592339757e-05
1.03237903644665008e+00
-1.72880511993081325e-04
1.03970963064432986e+00
-7.07750582368393464e-04
1.03567117274529807e+00
-7.09983644406856295e-04
1.03128280111231097e+00
-6.84794208919038716e-04
1.03902953023301303e+00
-3.63098159503806334e-04
1.03573342154394754e+00
-3.27475837522698252e-04
1.03358325952743146e+00
-3.85506337809800727e-04
1.03903094255141371e+00
3.10220033139600000e-04
1.03170125413308877e+00
2.78729222918225512e-04
1.03275398957662512e+00
3.51808897608009083e-04
1.04389102030539060e+00
7.66524477451260042e-04
1.03490251088385321e+00
7.34439269823685455e-04
1.03470914915202306e+00
7.31575743535764792e-04
1.04236342373841628e+00
7.66539724612741338e-04
1.03942650706429318e+00
7.56486954338124050e-04
1.03238040487343619e+00
7.24906455908636786e-04
1.04038006117384851e+00
-5.72079551100311513e-04
1.03800362136362923e+00
-5.98838866231411878e-04
1.03302072899753239e+00
-5.59665761509865463e-04
1.04214572151456220e+00
7.29215133608534572e-04
1.03845254546485699e+00
7.29155167542074609e-04
1.03346482891738112e+00
7.03057712152053028e-04
1.04433604782073619e+00
5.74762153698103761e-04
1.04079509648685331e+00
6.06671396910581149e-04
1.03611408760100510e+00
5.50118568121133735e-04
1.04572493649096576e+00
-2.50173034950665265e-04
1.04237083746231218e+00
-1.98607062978932485e-04
1.03907987889721065e+00
-2.70241098068265209e-04
1.04390534483506925e+00
-5.06552896234326619e-04
1.04214739359208397e+00
-5.41171151916175941e-04
1.03716147186635932e+00
-5.02333752711655039e-04
1.04614890526673765e+00
-6.83638060546043849e-04
1.04293352693025998e+00
-6.98515000414404977e-04
1.03795518702831435e+00
-6.69286651176914963e-04
1.04406858074796616e+00
-4.31477900213680932e-04
1.03912049559250352e+00
-4.38984978393497794e-04
1.04154971463132062e+00
-3.98195881204563805e-04
1.04311890298033427e+00
7.67183366717603607e-04
1.04950273782599046e+00
-7.60016885071151103e-04
1.04055743353285157e+00
-7.35631661342545009e-04
1.04284193611376064e+00
-7.51942637569686843e-04
1.04842572661866207e+00
2.31009057470592586e-04
1.04378404823881921e+00
1.85811003707655792e-04
1.04373218295401204e+00
2.71086203736555973e-04
1.04824311621988775e+00
7.10016800272908325e-04
1.04519768165469751e+00
7.22301829010769817e-04
1.03967291028485520e+00
6.89871284719960494e-04
1.04896768757554470e+00
3.75114524195645509e-04
1.04399766451122966e+00
3.43586230772157514e-04
1.04359084306761662e+00
4.16914282511060118e-04
1.04399044528663287e+00
-4.70402174507802170e-04
1.05042153542193906e+00
-7.83682500787412036e-04
1.04486250315700224e+00
-7.71069233391825492e-04
1.04328614357968763e+00
-7.61391208528487597e-04
1.05218393754424833e+00
5.08133766948688391e-04
1.04518729691345191e+00
4.82881207516092364e-04
1.04826608806627264e+00
5.43500290768844803e-04
1.05705894853158688e+00
-8.06403728484818608e-04
1.04816198150247164e+00
-7.84358256829901720e-04
1.04514713676578785e+00
-7.76693917573808667e-04
1.05385238278779503e+00
7.79471428881435687e-04
1.04887397115091408e+00
7.75832099020378548e-04
1.04429686249865017e+00
7.55280658382587048e-04
1.05168814242447195e+00
-6.40364694059334673e-04
1.04892285908869409e+00
-6.64370588918400981e-04
1.04364977297626438e+00
-6.32047230059458410e-04
1.05231258589336929e+00
-3.38859635407519301e-04
1.04566982855514112e+00
-3.51248363891252711e-04
1.04902048221002464e+00
-2.95672706948636916e-04
1.05408730358624059e+00
6.70357534541462206e-04
1.05116941712578482e+00
6.92802269390500750e-04
1.04565645690122166e+00
6.52550388316225859e-04
1.05160730603462893e+00
-1.66004471735177720e-05
1.05305809455139343e+00
8.86230969442118626e-05
1.05233773369692929e+00
3.61982619100708353e-05
1.04609729591627554e+00
1.13330778682577891e-04
1.04211932253453443e+00
-7.87649348268546286e-06
1.05377779046563891e+00
-1.25316746536850449e-04
1.04639032039961832e+00
-1.34947084089207041e-04
1.05269774642664538e+00
-7.13409987894416742e-05
1.05594425074706511e+00
-7.36953496328150064e-04
1.05272591037928942e+00
-7.51720061556698858e-04
1.04782457743929802e+00
-7.24420786307081871e-04
1.05563246916766618e+00
-5.80960707498259787e-04
1.05366436997370028e+00
-6.12610946294144367e-04
1.04800345823727548e+00
-5.77391449515820957e-04
1.05605336231734825e+00
-4.16825880873050454e-04
1.05005992480483079e+00
-4.24450996751362319e-04
1.05418483663300755e+00
-3.78884308187001323e-04
1.05795253109621079e+00
3.10288878864433792e-04
1.05318905964763565e+00
2.71704689073859495e-04
1.05346290004074250e+00
3.43136276223515594e-04
1.06051471325104330e+00
-8.13236593349482128e-04
1.04780539759275038e+00
-7.85445274554508644e-04
1.05876862793552684e+00
-8.10267944154887450e-04
1.06043162697738480e+00
-2.28425806174394286e-04
1.05710798841891362e+00
-1.77916109395293736e-04
1.05307578747982999e+00
-2.39366490966502830e-04
1.06030565419859335e+00
7.65961441467508716e-04
1.05708023253252370e+00
7.74945119501216622e-04
1.05122088223048138e+00
7.50322809109030416e-04
1.06015572138844538e+00
6.15225651781807622e-04
1.05712625472461297e+00
6.45022946718428023e-04
1.05223920882637079e+00
5.96145927306505094e-04
1.05758788543177684e+00
-5.06911256495040457e-04
1.05661406031073590e+00
-5.45650647975283627e-04
1.05074445426207941e+00
-5.07250725591210810e-04
1.05950152948729870e+00
1.81216600017909213e-04
1.05628253652563542e+00
1.35672152434497762e-04
1.05396389249918920e+00
2.06059140868542851e-04
1.06102919133298479e+00
4.29391591217734487e-04
1.05499532962276388e+00
4.03214382036473575e-04
1.05661232558485696e+00
4.70211327204126859e-04
1.05682415011071495e+00
-4.63592839736839556e-04
1.05992510142858909e+00
8.12472808980264569e-04
1.06051502770706652e+00
8.13775871237005805e-04
1.04821750185829354e+00
7.86848866716349771e-04
1.06021200274917660e+00
8.13215761613863826e-04
1.04780538531165446e+00
7.86190896999211433e-04
1.06109417198927924e+00
-7.93699436275558789e-04
1.05528853411853496e+00
-7.78220921243094762e-04
1.05576086523115453e+00
-7.90921766039258812e-04
1.06324843430575200e+00
-6.97089412611171053e-04
1.05960087214340892e+00
-7.19885048628159194e-04
1.05469671390692254e+00
-6.92232618281096767e-04
1.06572767915332345e+00
8.17795984578859264e-04
1.05405016255165251e+00
7.99569489105839571e-04
1.06282293515252690e+00
8.15931685111659995e-04
1.06584583551580869e+00
7.36971513634964315e-04
1.06307776639273110e+00
7.53524925352751446e-04
1.05703922916403292e+00
7.25486301473219557e-04
1.06677320585849156e+00
-8.15031460614867994e-04
1.06191416963350105e+00
-8.12463873119082707e-04
1.05859027903839387e+00
-8.02374274587931073e-04
1.06639917285009767e+00
-3.23129422442016714e-04
1.05935379393383711e+00
-3.31197818709507395e-04
1.06341779586219598e+00
-2.76980979181588643e-04
1.06668602723840156e+00
5.48963043448645800e-04
1.05942985006735046e+00
5.29593534016817281e-04
1.06342573216613556e+00
5.83837826589177775e-04
1.07033925009415243e+00
8.15606710477961264e-04
1.05711391046704462e+00
7.99301709537147010e-04
1.06803062733365839e+00
8.17624774642046232e-04
1.06714806342588164e+00
2.53440090009197970e-04
1.06255178875936251e+00
2.81958199829978099e-04
1.06332541999960140e+00
2.18085199086012565e-04
1.06860522795017254e+00
-6.42738253566043716e-04
1.06593067976215172e+00
-6.71995162784225978e-04
1.06014465402068070e+00
-6.42929128382033720e-04
1.06884791043689686e+00
3.69199608737963208e-04
1.06339841772184118e+00
3.40676406629365801e-04
1.06494113924342715e+00
3.99740549215736899e-04
1.06707951127841705e+00
-2.24913242319873605e-05
1.06638340047690927e+00
6.31798573714843412e-05
1.06673459483375543e+00
2.03426159933242160e-05
1.05971851462886324e+00
7.57381604806159505e-05
1.05933965356534610e+00
-1.96285409912593508e-05
1.07040538074355607e+00
-1.20088248706397998e-04
1.06874619452737396e+00
-7.17322499809476820e-05
1.06208751929391099e+00
-1.22765620873275882e-04
1.07130720594700168e+00
6.92542128285452883e-04
1.06857951103646753e+00
7.16817660036338971e-04
1.06269179342790210e+00
6.82992342638714381e-04
1.07048052536691585e+00
-4.14388111501261204e-04
1.06326430934825344e+00
-4.15999233302237297e-04
1.06844233233753916e+00
-3.70101037649298676e-04
1.06956543578642860e+00
1.43933260555465962e-04
1.06797692941107236e+00
1.03921688794458790e-04
1.06453310514987431e+00
1.62447941912011303e-04
1.07149214242196966e+00
-5.76273056750817455e-04
1.07005192148663553e+00
-6.11202591567051238e-04
1.06356033108107950e+00
-5.79517018230410984e-04
1.07422464616544255e+00
8.04373320647116976e-04
1.07227914262176327e+00
8.10884436605507713e-04
1.06403445353560122e+00
7.95750759906573664e-04
1.06848283005928879e+00
-7.70721250286684318e-04
1.07378520432989744e+00
-7.38898576419628485e-04
1.05899825086218380e+00
-7.69670929743366248e-04
1.07113571692772847e+00
-7.56516363090802804e-04
1.06486555363327096e+00
-7.40462348047123023e-04
1.07340820883073329e+00
4.81097417476587525e-04
1.06721534895160786e+00
4.56359385854834343e-04
1.07005105517765631e+00
5.16096967887350738e-04
1.07209373340540837e+00
-4.98684161326689527e-04
1.07128981026097847e+00
-4.57924177512948692e-04
1.06483892075660669e+00
-5.03336384261034294e-04
1.07179592747846697e+00
-5.39036594642961506e-04
1.07357382675456625e+00
-7.89247311652561045e-04
1.07102515147849653e+00
-7.80584257399415007e-04
1.06733819427553733e+00
-7.93760913603718085e-04
1.07572442486567610e+00
-2.14515633045413075e-04
1.07306774997520105e+00
-1.68133178511723142e-04
1.06807520168011094e+00
-2.21563538884102115e-04
1.07486921325108176e+00
-8.10395900884029589e-04
1.06797660071195821e+00
-8.03851395895048147e-04
1.07082154560322573e+00
-8.14084357703090747e-04
1.07680673771076285e+00
6.35739325716363677e-04
1.07406055548921198e+00
6.65948203062034284e-04
1.06847600047301605e+00
6.26731779856558942e-04
1.07701054020005027e+00
3.04160686077816183e-04
1.07207814860358108e+00
2.79488395280048756e-04
1.07293160182685954e+00
3.36916364275395314e-04
1.07641327804526976e+00
2.00480891458726585e-04
1.07298961251571501e+00
1.72678141173877414e-04
1.07178150613306955e+00
2.26885527299552486e-04
1.07869051293242868e+00
7.80241260377766100e-04
1.07645633727727841e+00
7.94000796716840831e-04
1.06949432887857188e+00
7.75719677303556791e-04
1.08197490018836473e+00
-6.89371310476286862e-04
1.07788432879982832e+00
-7.16372911794159006e-04
1.07261090291332861e+00
-6.95195159324787861e-04
1.08123784008830559e+00
-3.06855090583367822e-04
1.07848344856529521e+00
-2.61790804289315730e-04
1.07381630047463772e+00
-3.15170189335216646e-04
1.08049374631777506e+00
4.10367031576697389e-04
1.07695443842776406e+00
4.46405550240266144e-04
1.07466843427822134e+00
3.90575568826540172e-04
1.08222504650383500e+00
5.72258834729519523e-04
1.07445089384568182e+00
5.61661966428212713e-04
1.07951939921994056e+00
6.05351796927940805e-04
1.07806005710334207e+00
1.14324464483752186e-04
1.07936411672889210e+00
5.59159961476691223e-05
1.07381235497280314e+00
1.29006382737368821e-04
1.07287154278419705e+00
5.95136000286127921e-05
1.07871351749651434e+00
8.51333658384069718e-05
1.08172216050845815e+00
-2.20592204101710682e-05
1.07439793717840404e+00
-2.22830285618052612e-05
1.08054555553549592e+00
1.68071854141507825e-05
1.08378619420398592e+00
7.43919685994303141e-04
1.08123935731231202e+00
7.63911483560974830e-04
1.07481244278813959e+00
7.42445290691091096e-04
1.08325879570474060e+00
-8.24278098433362167e-04
1.08587455007164779e+00
-8.23799562507907717e-04
1.07016460604996233e+00
-8.22626165764606815e-04
1.07320438928136208e+00
-8.25137213614134937e-04
1.08455422092573239e+00
-8.24390435013975728e-04
1.08033885038522537e+00
8.26173514956419662e-04
1.08587471726557139e+00
8.24630797243229574e-04
1.07013558563704980e+00
8.23824673739144138e-04
1.08310096266194966e+00
8.25719273527179896e-04
1.07320422089718082e+00
8.25632394927011963e-04
1.08398360972846541e+00
-7.97356313165856786e-04
1.07877533043029117e+00
-7.94238312123671155e-04
1.07942827479790626e+00
-8.05184856785514194e-04
1.08638351617772622e+00
-8.19329640343042522e-04
1.08481683727486700e+00
-8.22240847110972638e-04
1.07657696821404736e+00
-8.20703366373921103e-04
1.08657098415429965e+00
-6.28111587060034798e-04
1.08427598335093434e+00
-6.60451399436200529e-04
1.07758686243988144e+00
-6.36742386705225496e-04
1.08540775838540227e+00
-3.95776205252240958e-04
1.08332499345947109e+00
-3.52564604148352149e-04
1.07794238197093684e+00
-4.05387096084070496e-04
1.08617858871477191e+00
-1.09199607444466820e-04
1.07828892866233295e+00
-1.14633486063162672e-04
1.08395300067085509e+00
-6.60943031770528744e-05
1.08565598454597678e+00
2.41088559048094770e-04
1.08103372469554393e+00
2.21269348922450054e-04
1.08133499101878305e+00
2.72628167753273206e-04
1.09226384948910371e+00
8.18205171563710955e-04
1.07899827328842002e+00
8.24503168437507733e-04
1.08630275635460838e+00
8.23532461760817492e-04
1.08549706707667704e+00
1.48664804581105447e-04
1.08177812536388784e+00
1.31780025702855929e-04
1.08095573530049882e+00
1.74390017589357612e-04
1.08769711548094516e+00
5.04963833599018789e-04
1.08496435995964924e+00
5.39577075615717424e-04
1.08054900922633079e+00
4.93904543801918189e-04
1.08892686101852232e+00
6.95958359014303739e-04
1.08635861911325438e+00
7.21655715498357910e-04
1.08011324821018739e+00
6.95813038797084022e-04
1.08754506386561611e+00
3.40212639639446771e-04
1.08227616684268346e+00
3.22783444037178489e-04
1.08402220362017276e+00
3.75635896572024770e-04
1.08772132513899944e+00
-4.80270367742038462e-04
1.08656679343576212e+00
-4.39376214712732622e-04
1.07990593001880297e+00
-4.89990052405240998e-04
1.08816680223067030e+00
-5.57872909135697010e-04
1.08737129662042276e+00
-5.94531301677202781e-04
1.07982812974583187e+00
-5.67909706500144967e-04
1.08230570792791148e+00
-7.59680458997594697e-04
1.08844008554494409e+00
-7.67410141421746980e-04
1.07539670283801936e+00
-7.66890566806341227e-04
1.08101162245727722e+00
-7.80697991460291155e-04
1.08537133990484680e+00
-7.63925914533960105e-04
1.09046292369845577e+00
-7.26696840163129697e-04
1.08638687135271761e+00
-7.44423458218676243e-04
1.08212425198660056e+00
-7.34484894085889184e-04
1.08794631553155141e+00
-5.20495000889912760e-04
1.09145737810239796e+00
-1.96985819588231563e-04
1.08882028437530542e+00
-1.53844365572854933e-04
1.08358833274270672e+00
-2.05778532756186925e-04
1.09155459651526732e+00
-8.08102016234750302e-04
1.08896721596095802e+00
-8.14490351425959801e-04
1.08320960049067305e+00
-8.11525267816036607e-04
1.09105880589043314e+00
7.35260910811787053e-05
1.08520986488620830e+00
6.49526502142245415e-05
1.08828007425811957e+00
1.10931397105218932e-04
1.09400546416755096e+00
6.38579344145601461e-04
1.09146881742377189e+00
6.68750825443791409e-04
1.08540221671936421e+00
6.38396940486796682e-04
1.09295623442729872e+00
4.35626893507593156e-04
1.09032960988649008e+00
4.70954777482326774e-04
1.08672244360830894e+00
4.23681102843835307e-04
1.10186026076978938e+00
8.02817282294568304e-04
1.08609737164917908e+00
8.17056027507259740e-04
1.09706227150196844e+00
8.11292575193305336e-04
1.09349456311378201e+00
1.77389800438242968e-04
1.08957680085238917e+00
2.09112991995892669e-04
1.08949518569267312e+00
1.63312257285196224e-04
1.09665284247450878e+00
-2.82436742240264210e-04
1.08894347607214947e+00
-2.94720337098046306e-04
1.09405704788057911e+00
-2.40664793878420113e-04
1.09554510872001520e+00
2.68567448779890574e-04
1.09059930066656818e+00
2.55242028182892035e-04
1.09154750602066830e+00
3.04476391052630792e-04
1.09568716308403813e+00
-7.71577545814232965e-04
1.08983848104285452e+00
-7.85979913545145907e-04
1.09206173749114166e+00
-7.69965548658049933e-04
1.09442455333461108e+00
7.96601803584850434e-04
1.08432463460861173e+00
8.03444632576842742e-04
1.09812942621472209e+00
8.01605185137744592e-04
1.09624349242547137e+00
-8.71788201298685900e-06
1.08898043208410678e+00
-1.52307268697263719e-05
1.09365353476570903e+00
3.20871374176757962e-05
1.09768797351577296e+00
7.69268305759189704e-04
1.09605417540621031e+00
7.84426268223881108e-04
1.08818811565382600e+00
7.77084094110639789e-04
1.10327913977758185e+00
-6.66398936120260097e-04
1.09687633860956080e+00
-6.98536164678440407e-04
1.09262556782800457e+00
-6.79762821519551592e-04
1.09700743535153133e+00
-7.91679562498377623e-04
1.09428073779923718e+00
-8.00616152684966104e-04
1.09049357033730798e+00
-7.95650963562397041e-04
1.09874699698182199e+00
5.75981595021481671e-04
1.09048236097059958e+00
5.75111855910958214e-04
1.09637892683925497e+00
6.08425787283712509e-04
1.09850842087153522e+00
3.63766218435322035e-04
1.09573510049836709e+00
4.00119579818405361e-04
1.09302501901764004e+00
3.52498616445206430e-04
1.10108474957352054e+00
-3.68422712318814750e-04
1.09324479458073287e+00
-3.82296760087338081e-04
1.09887070474924542e+00
-3.26609742762041220e-04
1.10151029639868736e+00
-8.90004052150447140e-05
1.09887892852882252e+00
-4.93453150904689372e-05
1.09384210612047394e+00
-9.89416860084446170e-05
1.10209760059783912e+00
7.30327561388950642e-04
1.09989291649933585e+00
7.51317724467961360e-04
1.09294009194840602e+00
7.38876346754576080e-04
1.10137236967454677e+00
-7.29655911388557674e-04
1.09591502543122932e+00
-7.28940701745677379e-04
1.09491000882518463e+00
-7.50126550419209499e-04
1.10244496006979720e+00
9.65101082382089596e-05
1.09797192307060643e+00
1.36584792935499926e-04
1.09675054238913128e+00
8.53285967268240479e-05
1.10307404307570289e+00
5.10440103045492954e-04
1.09538243590395790e+00
5.08469152516350244e-04
1.10091307167187424e+00
5.44068179772809902e-04
1.11116215493186288e+00
7.92589469040911698e-04
1.10169376161771471e+00
8.07752336152449857e-04
1.09852715538351764e+00
8.12381016486652362e-04
1.10398923883566136e+00
-4.49359157780244252e-04
1.10253877437939218e+00
-4.10134902767615153e-04
1.09585426790028917e+00
-4.65181757726620330e-04
1.10458619391315360e+00
1.95442596638015405e-04
1.10006766297051373e+00
2.31842586041724758e-04
1.09903895639929039e+00
1.86735915488035905e-04
1.10499766633440788e+00
-5.99195071195403697e-04
1.10413989668304313e+00
-6.34565191597113738e-04
1.09578362454906619e+00
-6.14672555248536086e-04
1.10162817356325404e+00
-7.73137243775384232e-04
1.09865611263422980e+00
-7.72668125597731985e-04
1.09931792089296798e+00
-7.82926121694875183e-04
1.10692404864857097e+00
6.81153161458761822e-04
1.10451221046623349e+00
7.07184420842314363e-04
1.09792315904118976e+00
6.89924361435977030e-04
1.10720680163842067e+00
-1.69862205046697538e-04
1.10436035616454631e+00
-1.30137616431755634e-04
1.09933010910514373e+00
-1.83286623532707027e-04
1.10467624092937045e+00
2.89025251525053435e-04
1.10010963906656190e+00
2.79127996757304027e-04
1.10159497173955878e+00
3.26598908031520789e-04
1.10544095756506744e+00
-5.26236419720137465e-04
1.10471681922021725e+00
-4.89169595167371785e-04
1.09680314243480082e+00
-5.42703762178534219e-04
1.10522111568113135e+00
-5.64242841799757677e-04
1.10660726062349224e+00
4.43600479194702251e-04
1.10484295111654274e+00
4.77667664292263157e-04
1.09977932574543358e+00
4.40182448420684002e-04
1.10853702837627188e+00
-7.95907623030947466e-04
1.10864608467983028e+00
-7.92646473704733141e-04
1.10858675401141693e+00
-7.94711761640078942e-04
1.09751770285394290e+00
-8.09283696884397245e-04
1.09590342335480373e+00
-8.14503561582636463e-04
1.11116264975995915e+00
-7.91703232964318889e-04
1.09852711656423097e+00
-8.12062653218758169e-04
1.10984150260945968e+00
-7.94075869248347336e-04
1.10865016449095810e+00
-7.37856152149486862e-04
1.10217149642274448e+00
-7.55868469262725826e-04
1.10500871260343070e+00
-7.34440733627245157e-04
1.10958411433428594e+00
1.85724222597047185e-05
1.10601643050526754e+00
5.71105058123970536e-05
1.10291221411781448e+00
5.28166287835015833e-06
1.10995286785506431e+00
-7.83330270801356975e-04
1.10075498073513800e+00
-7.97751259674068895e-04
1.10929610471901841e+00
-7.88558140427019481e-04
1.11177468258149337e+00
6.23512181387928877e-04
1.10935139487476486e+00
6.53603880959255520e-04
1.10288754190627891e+00
6.32122719724513213e-04
1.11275407712937868e+00
-2.51949939837000443e-04
1.10470180178428601e+00
-2.67139230069645089e-04
1.10998213906237364e+00
-2.11833455841998591e-04
1.10944657171882066e+00
3.73238847596735332e-04
1.10802917718155336e+00
4.08958393014929096e-04
1.10397600317737976e+00
3.68854732170500338e-04
1.11428627156350624e+00
-6.85674815045626200e-04
1.10877827338042367e+00
-6.77451337174892745e-04
1.10783220963493712e+00
-7.08645499126295784e-04
1.11369355734433628e+00
1.23975945749984422e-04
1.10914145236707751e+00
1.59359646119111071e-04
1.10806809331574496e+00
1.10644865709686276e-04
1.11234285578787162e+00
-7.66702255137367470e-04
1.10467640965724145e+00
-7.80420367676013427e-04
1.11114572186633587e+00
-7.75760803374890822e-04
1.11473281361514354e+00
2.20731247622122132e-04
1.10965842622658384e+00
2.08503318215876385e-04
1.10970616239627495e+00
2.54667919580251552e-04
1.11602802422104186e+00
5.61190964682857616e-04
1.10738502410274675e+00
5.69403133297756089e-04
1.11390348890030277e+00
5.93381024234505491e-04
1.11639451636032860e+00
-5.88179482210773299e-05
1.11299100363245351e+00
-2.06961748150295275e-05
1.10895070698215825e+00
-7.35623315862096462e-05
1.11315943707609444e+00
-7.48746076755696962e-04
1.10739515068932293e+00
-7.61616701872502616e-04
1.11090233277376260e+00
-7.43985901321875926e-04
1.11646776166314066e+00
7.39264606343503728e-04
1.11372590525828641e+00
7.66386349072801240e-04
1.11509487200327406e+00
7.53988302037579550e-04
1.10407751785454633e+00
7.83451403828487581e-04
1.10707802607365480e+00
7.55965715323533198e-04
1.11480427131278015e+00
3.05132127309436598e-04
1.10973902443135719e+00
2.97441582736948499e-04
1.11212750187812026e+00
3.39370126442122748e-04
1.11740119897475965e+00
-3.32345677046242099e-04
1.10924185194289304e+00
-3.50412764317971739e-04
1.11507921501024376e+00
-2.93214411276307690e-04
1.11274953738640359e+00
-7.58410216961519007e-04
1.11624224581802323e+00
7.71032536472307278e-04
1.11498193212768237e+00
7.69226948949970710e-04
1.10905461350878976e+00
7.88162238598880257e-04
1.11946749237136811e+00
4.96599579433197082e-04
1.11126851481478006e+00
5.04101245301223958e-04
1.11774979680395181e+00
5.29710346549892483e-04
1.12054093914315600e+00
7.00207594451929087e-04
1.11850411703467900e+00
7.21036577490742170e-04
1.11131869965991226e+00
7.16591038655735335e-04
1.12080263628657706e+00
-4.10163945256180251e-04
1.11910341317459783e+00
-3.72435033796761350e-04
1.11239521281892340e+00
-4.29933064377225249e-04
1.12298456063604224e+00
-1.36410288225590804e-04
1.11969108085310509e+00
-9.83534171028666211e-05
1.11509410842392898e+00
-1.52834544487776420e-04
1.12262500232803863e+00
5.11282319834040872e-05
1.11610328337978926e+00
3.53339813011827226e-05
1.11816071942346440e+00
8.70373156526168786e-05
1.12210126030522384e+00
-6.98926475757480500e-04
1.11537790885333998e+00
-7.19189725450569911e-04
1.11819059969706158e+00
-6.93349583348118839e-04
1.12129598448480960e+00
4.30943809220379274e-04
1.12038352359211446e+00
4.64483205018842796e-04
1.11394983589299712e+00
4.37629194772686837e-04
1.12277945385655520e+00
-4.84002229046596717e-04
1.12179243389868799e+00
-4.48345733923643814e-04
1.11410998961267271e+00
-5.05477178343072676e-04
1.12501907518865885e+00
1.54905362083488811e-04
1.11987713233978381e+00
1.87431471992297705e-04
1.11935524851760060e+00
1.39953074134499788e-04
1.12371083827579987e+00
2.48750752687966752e-04
1.11922104926479959e+00
2.35183859890840554e-04
1.11925861804685933e+00
2.76783354589214608e-04
1.12329543196153270e+00
-5.52499830993481407e-04
1.11414706175186917e+00
-5.76470091190255584e-04
1.12303866405596597e+00
-5.19576702273236851e-04
1.12533595283194754e+00
6.50769616460515816e-04
1.12293942672992531e+00
6.76725382244834400e-04
1.11612884113566602e+00
6.67021350585567368e-04
1.12492192647953182e+00
-6.04172023870904861e-04
1.11410353795381689e+00
-6.36589268583181208e-04
1.12410862619890106e+00
-5.79533325639008620e-04
1.12160126724463982e+00
3.70327700248796496e-04
1.12144995611361775e+00
4.01180059855967897e-04
1.11552245847564135e+00
3.72045679129093178e-04
1.13065452064445648e+00
7.45602484097198249e-04
1.13457427962088997e+00
7.37913280541053476e-04
1.13260946454815303e+00
7.42081606387089750e-04
1.11342904520948927e+00
7.86790305449205419e-04
1.11625966870642634e+00
7.77835242394134979e-04
1.12200109893539635e+00
3.23317386572221440e-04
1.12180202708691246e+00
3.47068221174871296e-04
1.11840203888604517e+00
3.14512232627523283e-04
1.12883196773782002e+00
-2.12587989127919954e-04
1.12079189332463569e+00
-2.32003399371728797e-04
1.12590967309621548e+00
-1.75351353473058951e-04
1.12643692160370201e+00
-7.13960335195718107e-04
1.12426643657769953e+00
-7.07389576792581470e-04
1.11979987440849404e+00
-7.32033449581857083e-04
1.13005267917757468e+00
-6.35856795369850892e-04
1.12748557658306203e+00
-6.21198721297129119e-04
1.12217176412473574e+00
-6.61492035895000583e-04
1.13002872542660482e+00
5.93090236628665449e-04
1.12768391751982211e+00
6.23066906362876273e-04
1.12090029886007669e+00
6.09098847795720537e-04
1.13085108269403944e+00
-2.16617155353709528e-05
1.12673938060257361e+00
1.41030750917188575e-05
1.12362155553040788e+00
-3.97189753668648318e-05
1.13638829040054445e+00
7.33436301011901781e-04
1.13547588423018686e+00
7.35671333141941358e-04
1.12378349106332687e+00
7.65390893829500122e-04
1.12975037738348050e+00
-7.46557135898672755e-04
1.12757675062756135e+00
-7.44148351875172911e-04
1.12865903772809673e+00
-7.46060307224541267e-04
1.11876733248534244e+00
-7.65037937306796293e-04
1.11920187543888572e+00
-7.71494197772206662e-04
1.12746949159141097e+00
-7.31030136360025294e-04
1.12752017088335976e+00
-7.38390909178699892e-04
1.11990800163566973e+00
-7.49765755278714572e-04
1.12695078862640186e+00
-7.23380041619553970e-04
1.13337832092343316e+00
-7.40510128423822246e-04
1.13155854836284520e+00
-7.44068472791803502e-04
1.12096322342943333e+00
-7.70774780588051882e-04
1.13317619492916255e+00
7.33587931950468899e-04
1.12470946392863302e+00
7.53392655232876934e-04
1.13191288150313052e+00
7.39949272755206712e-04
1.12998617909888344e+00
2.89989968152265705e-04
1.12684839441397111e+00
2.69894348249535290e-04
1.12599387009069440e+00
3.06546119049035972e-04
1.13403628032180048e+00
-2.88665012933347605e-04
1.12571798096569187e+00
-3.10317394959794257e-04
1.13143545578493154e+00
-2.51646440407487398e-04
1.13388795521597752e+00
5.30933358141121286e-04
1.12495654454279426e+00
5.46618399952427205e-04
1.13196007071306304e+00
5.62985172572478339e-04
1.13638878429931034e+00
-7.33100396264934153e-04
1.12378289554649458e+00
-7.64929026330313819e-04
1.13487721873973624e+00
-7.37025670643050193e-04
1.13528092157895411e+00
8.94438404979615846e-05
1.12895197976236572e+00
7.09237009222054746e-05
1.13015098326992192e+00
1.21641138366732537e-04
1.13537229336778878e+00
1.93291059806863973e-04
1.13019497205368635e+00
1.74749121746804129e-04
1.12954212544212207e+00
2.20646267018056281e-04
1.13302987043647718e+00
7.21092214607835084e-04
1.13309920690420429e+00
7.28270287505949324e-04
1.12338013397386960e+00
7.45017078966013903e-04
1.13488698000607702e+00
6.96846278142819963e-04
1.13395655243943128e+00
7.09952291854997332e-04
1.12567829476048931e+00
7.19170584797973272e-04
1.13669353768472581e+00
-6.54259317962392986e-04
1.13337048531957496e+00
-6.46213178495105064e-04
1.12939919554718515e+00
-6.77163058141278082e-04
1.13652009732014214e+00
4.66714818989112873e-04
1.13520569440513297e+00
4.99655511149220606e-04
1.12799246993259006e+00
4.81988145818138089e-04
1.13855072734057683e+00
-9.49941479147347874e-05
1.13470217454511269e+00
-5.90953586308017549e-05
1.13076655274172766e+00
-1.15182875528596247e-04
1.13582460742509617e+00
3.42003291163854866e-04
1.12871208689180569e+00
3.56156020132205198e-04
1.13290556419856769e+00
3.16767563681775327e-04
1.13798987387922468e+00
-3.62702844477396388e-04
1.13601433888274350e+00
-3.26801717394408517e-04
1.12939590201526308e+00
-3.86357021370769399e-04
1.13897339654789231e+00
6.58568813645666251e-04
1.13692991718032888e+00
6.78768993870020303e-04
1.12975726205686167e+00
6.80260790270596273e-04
1.13724630439633323e+00
4.03086395298872828e-04
1.13688460161762306e+00
4.35651825754407188e-04
1.12926990260474858e+00
4.17183452029511593e-04
1.13653652402329453e+00
3.73252733373937394e-04
1.14048448809458725e+00
-4.31833011921865632e-04
1.13923828770635627e+00
-3.98402643780416954e-04
1.13163219120634784e+00
-4.57970972968892989e-04
1.14103732688367621e+00
-6.70796771328892013e-04
1.13886297288455762e+00
-6.63570644367855018e-04
1.13373886098240151e+00
-6.92927544980941751e-04
1.14219844779900548e+00
-4.94385620750306155e-04
1.14134221185602636e+00
-4.64292081873364797e-04
1.13274789353233829e+00
-5.23695941491618519e-04
1.14222084043018990e+00
2.43537326117202737e-04
1.13879672379051256e+00
2.19103998372361704e-04
1.13610369325101956e+00
2.66468688686247743e-04
1.14379668192961814e+00
6.09832233866481341e-04
1.14138573712285085e+00
6.35268829931856559e-04
1.13456586904436896e+00
6.30989020268629859e-04
1.14484681691224210e+00
2.18124312551697625e-05
1.13784808396551340e+00
7.86225728660498010e-07
1.14006490608230693e+00
5.49724447385283344e-05
1.14547021219261902e+00
-1.68215112649102599e-04
1.13715014817244753e+00
-1.89929890994038536e-04
1.14201168552513455e+00
-1.32496876459382108e-04
1.14420620269427098e+00
-5.45313121566345493e-04
1.13456547378149231e+00
-5.75171755997535921e-04
1.14320234113636698e+00
-5.21027925352508347e-04
1.14315300893941552e+00
-6.85634132641034077e-04
1.13531342325821627e+00
-7.09000449511994354e-04
1.14209286313984082e+00
-6.79100018808966510e-04
1.14686313862229161e+00
1.35077151743972417e-04
1.14107147031589795e+00
1.13065378369272575e-04
1.14111832559174031e+00
1.63666994555782241e-04
1.14357797617887402e+00
-6.98393178435176634e-04
1.14336323043713950e+00
-6.92736304941446120e-04
1.13557994589574163e+00
-7.22014350490219085e-04
1.14813080195134742e+00
-5.79005535975140196e-04
1.13909347193327726e+00
-6.07879826693802144e-04
1.14616743477649008e+00
-5.63247527970111867e-04
1.14847277106510659e+00
5.53248027110667335e-04
1.14613597137503231e+00
5.82549141108973487e-04
1.13924996300239689e+00
5.73662170310087170e-04
1.14728041053257002e+00
-6.97631972845607121e-04
1.14542458747488340e+00
-6.98895697435891099e-04
1.13851827484773072e+00
-7.22923687742911656e-04
1.15012178936365861e+00
2.97919237837735405e-04
1.14297309968196514e+00
3.19718447578905447e-04
1.14617128001097202e+00
2.71748771384118732e-04
1.15119502599371648e+00
-2.40244891879781670e-04
1.14261506640072574e+00
-2.64047294737446744e-04
1.14833379074107134e+00
-2.05206005262394212e-04
1.15211141841237463e+00
4.90871800693555333e-04
1.14299888097968694e+00
5.11185317106214489e-04
1.15029356280204498e+00
5.23030566167189694e-04
1.15373261078162281e+00
-4.79962385251652963e-05
1.14614095548975303e+00
-7.07706552183039178e-05
1.14929080316146504e+00
-1.38855611893570915e-05
1.15021783255233778e+00
6.74541945465524304e-04
1.14914626634767636e+00
6.89370684886110954e-04
1.14967935703884838e+00
6.82750210068112625e-04
1.14116286722479177e+00
7.12076259942315899e-04
1.14162510849008170e+00
6.98483179051034376e-04
1.15264241459006622e+00
-6.03614641019397866e-04
1.14466952140493095e+00
-6.29287391052456985e-04
1.15038488488490476e+00
-5.92426767879636893e-04
1.15308355319130929e+00
6.83648602371053453e-04
1.15111104306537260e+00
6.87114021480047295e-04
1.14187199689041941e+00
7.15771183726087541e-04
1.15813431439353609e+00
-6.69749975524062979e-04
1.15270113886625203e+00
-6.84546803553622582e-04
1.14576168573781878e+00
-7.06420888777427769e-04
1.15288276202140438e+00
6.48446064945230730e-04
1.15154882158537153e+00
6.62387771068875374e-04
1.14388576845357104e+00
6.73268128246531537e-04
1.15333446846310661e+00
3.61220932080931739e-04
1.15172902221435014e+00
3.30494192236558998e-04
1.14528997853841075e+00
3.82035110470793290e-04
1.15419792107200103e+00
4.25532766625970772e-04
1.15315615568652796e+00
4.59109885316191639e-04
1.14535833274665166e+00
4.46192906620766999e-04
1.15565452551522774e+00
-3.10006368281926263e-04
1.15342586258433633e+00
-2.76172779675974266e-04
1.14682202873927719e+00
-3.36027002104593491e-04
1.15781885174592869e+00
6.71610397147522553e-04
1.15544738327592977e+00
6.78025638949483560e-04
1.14620073848635151e+00
7.05880195589182096e-04
1.15695514279660649e+00
1.88250246373398132e-04
1.15190901247669464e+00
1.62636122752835450e-04
1.14958816658918872e+00
2.15330063844294963e-04
1.15376732529498160e+00
3.94308737280868796e-04
1.15763165005234403e+00
7.22022262229831199e-05
1.15123884497026063e+00
4.79011178243979647e-05
1.15224822026571538e+00
1.02990933267564901e-04
1.15714950691088658e+00
6.10918955828291740e-04
1.15501586228720532e+00
6.30590721495811980e-04
1.14806176364382795e+00
6.35240052968607171e-04
1.15676065877788559e+00
-6.21185913801765169e-04
1.15469944307132311e+00
-6.13454279607390665e-04
1.14890061835712110e+00
-6.46342899011856441e-04
1.16156264349813587e+00
-6.60161924936747782e-04
1.14898160166549945e+00
-6.97780813498059664e-04
1.15984202438269990e+00
-6.65223551737981525e-04
1.15867187635205693e+00
-3.75333159697431541e-04
1.15716414258738021e+00
-3.43726166049233156e-04
1.14957844829079181e+00
-4.03360307767716003e-04
1.16156289871536234e+00
6.60666337152553997e-04
1.15968667378171530e+00
6.66339625586755851e-04
1.14898148355871887e+00
6.98527008566796254e-04
1.16159731139568989e+00
-1.18833331812990243e-04
1.15353323195013058e+00
-1.42838627247944831e-04
1.15766608817192718e+00
-8.43248896882694822e-05
1.16085112162457627e+00
-4.34829557871688210e-04
1.15976214133286382e+00
-4.06181176227714041e-04
1.15152551317704321e+00
-4.64509199977551981e-04
1.15951243943955085e+00
-6.34508648625263408e-04
1.15813442481824946e+00
-6.28736962326064287e-04
1.15133462907055772e+00
-6.60467069762723353e-04
1.16213125880514845e+00
5.63422528257496503e-04
1.15964090216973958e+00
5.88092555564563666e-04
1.15296382807852282e+00
5.86989550061631769e-04
1.16055387382276032e+00
-6.45904070228029326e-04
1.16003112907906281e+00
-6.40910708416098963e-04
1.15206817927478933e+00
-6.72614110340061830e-04
1.16302514005836621e+00
-4.83656835860627246e-04
1.16193820208246956e+00
-4.60313588655016071e-04
1.15361688926315153e+00
-5.14507730465506101e-04
1.16456230169295316e+00
2.44733058919866127e-04
1.15734237100955939e+00
2.70866054893836145e-04
1.16075900172302382e+00
2.17480442260730111e-04
1.16363620545678792e+00
-6.46102536425690504e-04
1.16209220701150784e+00
-6.46647466138984594e-04
1.15546087714089607e+00
-6.72295051873787221e-04
1.16595440922110249e+00
-5.21555587816863479e-04
1.15704383214796502e+00
-5.50374342859940918e-04
1.16448915518393270e+00
-5.03703490957574927e-04
1.16684588195633010e+00
5.08297093221855476e-04
1.16448956282879679e+00
5.36775594736321575e-04
1.15765890998839160e+00
5.30986687100919673e-04
1.16804028199591636e+00
4.21282304837497333e-06
1.16088612498446775e+00
-2.09688048520424551e-05
1.16283696831808681e+00
3.73673331110238889e-05
1.16846513204851821e+00
-1.89071993707178303e-04
1.15982967345358157e+00
-2.14037015495095750e-04
1.16503229611981141e+00
-1.54982767255639164e-04
1.16961406172489979e+00
1.27862907407764396e-04
1.16362273470502053e+00
1.01143767156925541e-04
1.16328526855978853e+00
1.57379738947566709e-04
1.16643320422699426e+00
6.26660464287928003e-04
1.16593559946917158e+00
6.38861649199314648e-04
1.16618200330279054e+00
6.33452708911104033e-04
1.15754259963475370e+00
6.64474699176397410e-04
1.15832658784975284e+00
6.50915001278907818e-04
1.16941834641593423e+00
-5.49180450907279312e-04
1.16768516403837852e+00
-5.36439278388125694e-04
1.16103169210640966e+00
-5.76513028897388349e-04
1.17029474818191037e+00
3.10936249155547206e-04
1.16181454972479048e+00
3.35716072756522225e-04
1.16742923058435633e+00
2.79104285345971098e-04
1.17068110977590778e+00
4.46197316083814298e-04
1.16876481425129097e+00
4.78179779979815670e-04
1.16139571924652629e+00
4.68588730793778933e-04
1.16804977832442347e+00
-6.36891902496858711e-04
1.16309137845734734e+00
-6.53638070056182649e-04
1.16584103539499795e+00
-6.41835554930375086e-04
1.17056706821621415e+00
6.29737343022809815e-04
1.16824848305948170e+00
6.34782784755796013e-04
1.16182751821871699e+00
6.57043899169206273e-04
1.17011786749957292e+00
5.99286814511788943e-04
1.16827452111218189e+00
6.13705290124387818e-04
1.16150092348650813e+00
6.24165460769655813e-04
1.17364224626167202e+00
-2.55258369109741864e-04
1.17105465061415703e+00
-2.23183911940366111e-04
1.16464828672432641e+00
-2.82076482816374637e-04
1.17238657057706064e+00
3.78278261663075822e-04
1.17153527304537675e+00
4.13285478377325001e-04
1.16329190314777264e+00
4.01737525674199529e-04
1.17134175029286891e+00
3.45800104578028315e-04
1.17297280241013713e+00
-5.68520925394704643e-04
1.17119388590108686e+00
-5.59878550236203804e-04
1.16486812446462906e+00
-5.94979877959641982e-04
1.17504036026233338e+00
5.62136831982896178e-04
1.17257894225460002e+00
5.81458019779307724e-04
1.16609506597867663e+00
5.86768153414345020e-04
1.17734961624536405e+00
-6.62248482089013450e-05
1.16947319040175368e+00
-9.16399119167865035e-05
1.17269606196213383e+00
-3.19867162017552998e-05
1.17704346280143968e+00
-3.18692512708893981e-04
1.17534376520383566e+00
-2.87994038928127941e-04
1.16785785228234285e+00
-3.46564082668135952e-04
1.17613070619992555e+00
-5.81091816165268124e-04
1.17454977667226901e+00
-5.75717255221031487e-04
1.16782311764053759e+00
-6.07943332373143443e-04
1.18350294036507564e+00
5.91335899715467292e-04
1.17703166161193695e+00
6.10985632849987887e-04
1.17066554445597681e+00
6.31921834415601958e-04
1.18109870260430960e+00
1.88784870902683900e-04
1.17535637404262183e+00
1.59769939037706163e-04
1.17283061403247180e+00
2.16034938652563701e-04
1.18075641018847133e+00
6.15814653988670736e-05
1.17439845055670444e+00
3.39842641504006142e-05
1.17518628089193578e+00
9.39294345016968983e-05
1.18022865935618704e+00
5.17212005179299990e-04
1.17763486798273576e+00
5.40444759912956730e-04
1.17117965607931795e+00
5.40484294645478952e-04
1.17930894732231750e+00
-3.76022610166916232e-04
1.17817685901401115e+00
-3.48367170097129396e-04
1.17008058666258496e+00
-4.05080170070007005e-04
1.17887188375154106e+00
-5.87872046174317325e-04
1.17749911517935346e+00
-5.85244474080231299e-04
1.16971479267637868e+00
-6.17082169293662556e-04
1.18121285792407438e+00
-4.25506880278299175e-04
1.18026114203396126e+00
-4.01792777902911945e-04
1.17211976102796389e+00
-4.54351500018821460e-04
1.18236285666053620e+00
-5.86572879525880885e-04
1.18061490341157449e+00
-5.87847282688703132e-04
1.17300175690331243e+00
-6.16494339202871720e-04
1.18669400142101233e+00
5.81727386604518238e-04
1.18509483116941272e+00
5.86653852628485090e-04
1.17413327230230680e+00
6.21415223611575273e-04
1.18565717323376107e+00
-1.35839269592256869e-04
1.17706093469476847e+00
-1.61623861873664323e-04
1.18150444031542978e+00
-1.02148875929561480e-04
1.18500625519478420e+00
-5.86096578134208835e-04
1.18669396854989717e+00
-5.81087247699832421e-04
1.17157431236087528e+00
-6.28398438083510071e-04
1.17413335728482160e+00
-6.20952532911885546e-04
1.18584690580132079e+00
-5.83700309283230467e-04
1.18337448795631905e+00
-4.66108804089648344e-04
1.17466530389473767e+00
-4.93695466294948883e-04
1.18229336767967230e+00
-4.46878794999329497e-04
1.18513631171068345e+00
4.65121255012063096e-04
1.18268324806120417e+00
4.91964856115561047e-04
1.17599048053000543e+00
4.86801212262996273e-04
1.18103668878740042e+00
5.90980027499720989e-04
1.18177110439122779e+00
5.80092245348541331e-04
1.17348753095854907e+00
6.15024021592274015e-04
1.17410297134010078e+00
6.03486221854319721e-04
1.18140247382163088e+00
5.85985575439277413e-04
1.18503631434546830e+00
-5.83836643703834280e-04
1.18501817290175349e+00
-5.85286496624090016e-04
1.17654433451341855e+00
-6.10466441333972886e-04
1.18369645997351980e+00
-5.85772611474306981e-04
1.18625967685700440e+00
-4.95035225972457658e-04
1.17784001428213236e+00
-5.22018332724324833e-04
1.18481617893323010e+00
-4.81592681973416845e-04
1.18675297155347370e+00
5.77512382482789984e-04
1.17866194454560125e+00
6.03700108114025094e-04
1.18389319949887595e+00
5.84542085314034661e-04
1.18686494564397393e+00
5.51491123749234475e-04
1.18431756027680590e+00
5.66275155966148290e-04
1.17849165036164782e+00
5.75507752306983695e-04
1.19187322242992511e+00
2.49870517587612653e-04
1.18648581414443677e+00
2.21089459063032647e-04
1.18108376918304381e+00
2.79602695121158873e-04
1.18919182224204989e+00
4.05123985707439300e-04
1.18716518332404020e+00
4.36003193714717626e-04
1.17993570845035567e+00
4.25639867274376943e-04
1.19192711272939889e+00
-9.61310372177985875e-06
1.18463845060070616e+00
-3.68438728148872251e-05
1.18634293543434155e+00
2.49148734189560995e-05
1.18942098736534807e+00
-5.15643380154121814e-04
1.18783892265223279e+00
-5.06347792448666022e-04
1.18119798900768336e+00
-5.42020523609750221e-04
1.19205271053624995e+00
-2.03776042698496968e-04
1.18284720194036064e+00
-2.28820422595573384e-04
1.18885596833324914e+00
-1.70966231202302843e-04
1.19124066757091129e+00
3.37138674385217222e-04
1.19021763242818168e+00
3.72196813203075230e-04
1.18181283814870941e+00
3.57536197436309638e-04
1.19155932388748642e+00
2.94854829662910469e-04
1.19501367800425329e+00
1.22594967984867594e-04
1.18788495188373955e+00
9.36767222662486293e-05
1.18805716512201021e+00
1.54799904178880130e-04
1.19250987651971663e+00
5.15958600742847349e-04
1.18968732979347069e+00
5.34281821487767082e-04
1.18377485131940974e+00
5.39170111439696612e-04
1.19287543586810196e+00
-5.27044013178242410e-04
1.19114646685838599e+00
-5.22218248824875058e-04
1.18450437176791445e+00
-5.54012220339766609e-04
1.19267219908002464e+00
5.60893308162208884e-04
1.18808689985146243e+00
5.76235895020912338e-04
1.18971176475186913e+00
5.69326378203477966e-04
1.19562703386620228e+00
-2.64429984179865424e-04
1.18633529089416778e+00
-2.90949430875877873e-04
1.19384076108336834e+00
-2.35045011581258085e-04
1.19629939639510940e+00
-5.32034380640046631e-04
1.19458537019399391e+00
-5.30312931357426417e-04
1.18758712742159500e+00
-5.59895433136565492e-04
1.19813703714754149e+00
4.73917093090687742e-04
1.19532368692914170e+00
4.95572911173136513e-04
1.18918223691723823e+00
4.95662606419041405e-04
1.19755670534758907e+00
-3.21933414025310830e-04
1.18843307946095478e+00
-3.48498319105132709e-04
1.19659264807526977e+00
-2.94124940023745955e-04
1.19758043024567629e+00
5.33664434737284791e-04
1.19329872184820984e+00
5.51668479444172898e-04
1.19543944187976714e+00
5.42790459089988382e-04
1.18716858502445821e+00
5.71315318251009938e-04
1.18967607094170913e+00
5.56899191537783486e-04
1.20202248970439940e+00
-8.39656288324204341e-05
1.19383974406927673e+00
-1.08954577624168115e-04
1.19697610058606130e+00
-4.81005329357099096e-05
1.19895218442544582e+00
-3.71932196498291165e-04
1.19825484623295653e+00
-3.47889755117755856e-04
1.19008296627349930e+00
-3.98350446223665500e-04
1.20002544602588590e+00
-5.30623011777879919e-04
1.19816000805152623e+00
-5.32001700996131413e-04
1.19119568483926308e+00
-5.58522483681746012e-04
1.20052681805644434e+00
-4.12842434976174453e-04
1.19195131031926871e+00
-4.39184002481568460e-04
1.19973940557861147e+00
-3.93366059435702265e-04
1.20236158794006243e+00
5.27018998934111727e-04
1.19782925725892864e+00
5.39522073688209034e-04
1.19455871201815556e+00
5.52197031598435713e-04
1.20311966432488582e+00
4.26158906041814811e-04
1.20062884846246254e+00
4.50748724984971364e-04
1.19412714272927079e+00
4.45709757036112750e-04
1.20199580432187703e+00
5.11348030286967931e-04
1.19978772513464937e+00
5.22790127098268515e-04
1.19442983429734850e+00
5.31556558837044434e-04
1.20606424693526826e+00
4.61450223169814465e-05
1.19899577981162375e+00
1.95032365071284969e-05
1.20054071012655128e+00
8.33803710346886820e-05
1.20282192741970095e+00
-4.43369573888160670e-04
1.20167370795489070e+00
-4.29092662363093902e-04
1.19454154927840461e+00
-4.68973268091679848e-04
1.20487164684382164e+00
-5.21157919982044278e-04
1.19495603050620347e+00
-5.52380905622796366e-04
1.20244569712737670e+00
-5.26431571127991636e-04
1.21172672769436507e+00
1.67096127689947687e-04
1.20180161346370329e+00
2.07054478290004065e-04
1.20336907684119931e+00
1.46572808495254827e-04
1.20728075230339993e+00
3.71707495571386103e-04
1.20520101529823598e+00
3.99716094411120733e-04
1.19823522074738054e+00
3.88481410031823364e-04
1.20583930621922031e+00
-4.63742700076120453e-04
1.20432944039223222e+00
-4.54504485360729361e-04
1.19763106349863890e+00
-4.89487300575981352e-04
1.20937403201973170e+00
-5.09282135395055960e-04
1.20712005883101492e+00
-5.15543647541827701e-04
1.19719347599168202e+00
-5.47456163018031567e-04
1.21087631252442773e+00
-1.53397045909027877e-04
1.20146424588263945e+00
-1.77720202292275812e-04
1.20645039817384703e+00
-1.20122217220442018e-04
1.20942121993767349e+00
4.73548669658975638e-04
1.20570848114221296e+00
4.92912269763636749e-04
1.20096495073364395e+00
4.94848497650463037e-04
1.21013106014862148e+00
5.05955992256220430e-04
1.20140309139397905e+00
5.33272386419841220e-04
1.20624474339333099e+00
5.16739681755620166e-04
1.21179109988484668e+00
-5.02241113626046131e-04
1.19924636400338525e+00
-5.41466876675184157e-04
1.21057965934895351e+00
-5.05879684742736131e-04
1.21149242992772610e+00
5.03325852676167083e-04
1.21179105856606228e+00
5.02753518007866083e-04
1.19750188306394878e+00
5.47043659014332133e-04
1.21163919297295508e+00
5.03140460795913156e-04
1.19924643981384049e+00
5.41987949089159328e-04
1.20988470091336975e+00
3.10719327330400514e-04
1.20858380171681179e+00
3.42088852514656682e-04
1.20056125554927617e+00
3.24021333959703119e-04
1.20945854960726806e+00
-4.74637905370525921e-04
1.20764737739944805e+00
-4.70039842329878920e-04
1.20116804452279502e+00
-5.00640643769667136e-04
1.21080963928128660e+00
5.04868264246625346e-04
1.21340431931243753e+00
2.47773127263956657e-04
1.20263608903358610e+00
2.49732452053080312e-04
1.21164589111752674e+00
2.79694760757412343e-04
1.21406569609031534e+00
4.87487275434745747e-04
1.20821417744889326e+00
5.07281716346954679e-04
1.20582259286874671e+00
5.10635961785142365e-04
1.21462793534126767e+00
-2.19229599533789975e-04
1.21275329654804431e+00
-1.87386602365085083e-04
1.20512709323528844e+00
-2.41224396815923660e-04
1.21327819952690263e+00
-4.78311502970624278e-04
1.21136661026987813e+00
-4.77196228347355066e-04
1.20479004264942713e+00
-5.04963730581586313e-04
1.21598786419077198e+00
-3.17847106449084039e-05
1.20900543183480091e+00
-5.68978908728154939e-05
1.21102779924673620e+00
5.99260265341061469e-06
1.21566265471182722e+00
4.34687009581721112e-04
1.21254203390736448e+00
4.54628760911986683e-04
1.20689896093594595e+00
4.54417079169383651e-04
1.21256751850103384e+00
2.08715819428660583e-04
1.21580790213936085e+00
-2.74055585443951284e-04
1.20668227214564960e+00
-2.97464890706855491e-04
1.21521873409590553e+00
-2.47416815648983932e-04
1.21723864651638292e+00
-4.76309726310223183e-04
1.21525647277271820e+00
-4.77913966053394401e-04
1.20863345083478690e+00
-5.03235467879518863e-04
1.21636244937059623e+00
-3.24381131423017973e-04
1.21608572954768523e+00
-3.00072695442212521e-04
1.20765747382916611e+00
-3.47737144441330730e-04
1.22041858259027181e+00
8.82677254951942620e-05
1.21324103712006015e+00
6.83560358522244087e-05
1.21607484431987123e+00
1.27126826423001269e-04
1.21717905546522820e+00
-3.65123289184156622e-04
1.21677082310897000e+00
-3.45617836388344862e-04
1.20885329787508922e+00
-3.88632178448792989e-04
1.21979005787045103e+00
4.63136495502428373e-04
1.21089256228354580e+00
4.87252226788513238e-04
1.21692740582255898e+00
4.75589734594640762e-04
1.22115419490977684e+00
3.90170495846047340e-04
1.21840870861941375e+00
4.13082388111039888e-04
1.21213594432887040e+00
4.08249081960057353e-04
1.21902980423132390e+00
-3.95442338172884091e-04
1.21092639482546582e+00
-4.19097292283262754e-04
1.21810393970829245e+00
-3.81187577557227095e-04
1.22250781180865475e+00
-4.66285976730515517e-04
1.21369117997081877e+00
-4.93482452877118567e-04
1.21987095988617567e+00
-4.71802297480606453e-04
1.22202389018037949e+00
-4.14941913299933832e-04
1.22052584491839489e+00
-4.06075041260028804e-04
1.21393229321980134e+00
-4.39048094512498998e-04
1.22531859539572219e+00
3.41371998078866064e-04
1.22323689502062094e+00
3.66507355818285012e-04
1.21629857437919275e+00
3.56629953333254858e-04
1.22538156407674248e+00
4.34205107803551412e-04
1.22258518773614466e+00
4.49152083551690494e-04
1.21740085594643022e+00
4.53899708283896390e-04
1.22917522540646718e+00
-1.03972586944822199e-04
1.22002565915298500e+00
-1.27671223948191173e-04
1.22258243241832920e+00
-6.97963871330286174e-05
1.23206768419630341e+00
4.38133715087798980e-04
1.22306571406232978e+00
4.62872334138180201e-04
1.22110133690560607e+00
4.71648533949165828e-04
1.22591658417902849e+00
-4.24491665981484572e-04
1.21768843907797475e+00
-4.49263947178201849e-04
1.22396890025677751e+00
-4.20500066920431357e-04
1.22849354093983587e+00
1.89054461873975924e-05
1.22224104956218382e+00
-5.38753838442891968e-06
1.22445764192169837e+00
5.28865246643487046e-05
1.22936949657585060e+00
2.86240746937473024e-04
1.22734496914783420e+00
3.14454525417253903e-04
1.21962564146375385e+00
2.98650230686826705e-04
1.23463604836805008e+00
-4.33030259229585815e-04
1.22856948733211535e+00
-4.49933054777382246e-04
1.22200784506801696e+00
-4.70543034110336000e-04
1.23052848104169188e+00
-4.25740085361050341e-04
1.22822101176608145e+00
-4.25772950744478197e-04
1.22190442824138534e+00
-4.51693907850206605e-04
1.23132319745222740e+00
2.27725540882266160e-04
1.22236262147637165e+00
2.37762756958032555e-04
1.23034740309970481e+00
2.57697912374120464e-04
1.23341281892055732e+00
3.95663675241155941e-04
1.22939740050894208e+00
4.15237121181313352e-04
1.22453690861228681e+00
4.15219099756662332e-04
1.23330969287092107e+00
-1.78884981693775699e-04
1.23124410260361405e+00
-1.42729935533711448e-04
1.22396842791460458e+00
-1.98433898747216950e-04
1.23339315982580966e+00
1.68057119595755602e-04
1.22255779292218492e+00
1.68305054597339394e-04
1.23235938969059733e+00
1.98287563729022617e-04
1.23556202247711822e+00
4.30929998464885567e-04
1.23381172293470165e+00
4.34996494051977383e-04
1.22352973520444674e+00
4.66522847572518819e-04
1.23686083280974923e+00
-4.27159227043075347e-04
1.22432894791825420e+00
-4.64003700087444284e-04
1.23574557595187118e+00
-4.30234019829205377e-04
1.23686093665873376e+00
4.27649604082189000e-04
1.23620866455800571e+00
4.29424396793395965e-04
1.22432896575935257e+00
4.64584367325030347e-04
1.23487358347858622e+00
-4.22687103792670680e-04
1.23269953107754282e+00
-4.24723864782485428e-04
1.22605736188143588e+00
-4.49148453444122599e-04
1.23438891263076611e+00
-2.35114845005292462e-04
1.23385021576234610e+00
-2.07821754317999435e-04
1.22509800814915515e+00
-2.54123358161331843e-04
1.23308984210559469e+00
-2.84344227711767642e-04
1.23374007384083195e+00
-2.60334894155869767e-04
1.22472608174761532e+00
-3.03976478494715819e-04
1.23328157862117882e+00
-3.23430163155300724e-04
1.23318585561736871e+00
-3.04630219724574217e-04
1.22523045818830778e+00
-3.43923316559955055e-04
1.23683318419535304e+00
1.10227503540792599e-04
1.23511437424868320e+00
1.39210680410010253e-04
1.22862487394318420e+00
1.00160423407405697e-04
1.23779290248851126e+00
4.14500738739445151e-04
1.22879154426707093e+00
4.38623789708415433e-04
1.23492844117760114e+00
4.26876748713556455e-04
1.23480926478508168e+00
-3.52242333872701682e-04
1.22691986645185747e+00
-3.73506248791246188e-04
1.23404504682563609e+00
-3.38637158320176553e-04
1.23911403100311213e+00
3.57005233156899957e-04
1.23626349277607406e+00
3.76876495135480957e-04
1.23013304012374269e+00
3.73715265263250380e-04
1.23831306947400499e+00
-3.15651802877431968e-05
1.23340388561117575e+00
-7.14859662356923640e-06
1.23374592793798477e+00
-6.69553969521059496e-05
1.23793070626975021e+00
-3.69801236566642908e-04
1.23636912964644896e+00
-3.61814084429342385e-04
1.22997782160520774e+00
-3.92028284490727520e-04
1.23952969269454960e+00
-4.14974085731381549e-04
1.23101994571043494e+00
-4.40307483001422845e-04
1.23720021511414013e+00
-4.19193606128880644e-04
1.23799804121761148e+00
4.04615775324897100e-04
1.23168931125480796e+00
4.19446455092803742e-04
1.23789433072427157e+00
4.10014135275791757e-04
1.24160023690026700e+00
5.57115212855701999e-05
1.23921777070506112e+00
8.27480348277666485e-05
1.23504671814126099e+00
3.82420286685341239e-05
1.24245390671020495e+00
-3.76898487441899637e-04
1.24019113683583382e+00
-3.74058516724678158e-04
1.23418596100169631e+00
-4.00322342069213931e-04
1.24336416591751897e+00
3.12656408034238365e-04
1.23434035184793989e+00
3.27097408312469165e-04
1.24123930521610504e+00
3.35603037631344349e-04
1.24568017068131365e+00
-4.00088668973109325e-04
1.24015738032846823e+00
-4.16570691752370722e-04
1.24260420373256797e+00
-4.07661682439048548e-04
1.24722104980184034e+00
2.63409202847557204e-04
1.23829424644440489e+00
2.74909984762754733e-04
1.24529321095682954e+00
2.88694663668000097e-04
1.24784443980201587e+00
-3.75994428047959808e-04
1.24514787694767071e+00
-3.77034815563110639e-04
1.23918735279077352e+00
-4.00454734185837354e-04
1.25243562857412538e+00
3.59034965258983141e-04
1.24521769492187517e+00
3.81540504665560463e-04
1.24292254444568151e+00
3.77684992118688240e-04
1.24871767842790837e+00
1.14989352486574671e-05
1.24351574440783708e+00
-9.28718957554862978e-06
1.24515956918781967e+00
3.31389623810869247e-05
1.25049436550345816e+00
2.11961404639075704e-04
1.24885854765750581e+00
2.38186336406100987e-04
1.24090747534156165e+00
2.20043880663184528e-04
1.25370834268153009e+00
-1.53638009355116313e-04
1.24797852283524602e+00
-1.00841513852626836e-04
1.24350800039580101e+00
-1.65952225325397202e-04
1.25084401573043080e+00
-1.28271301639955017e-04
1.23857559074730106e+00
-1.02635309340739109e-04
1.24860043502930229e+00
-2.88126753669843208e-04
1.24960290409325103e+00
-2.51730797538275740e-04
1.24910188843505865e+00
-2.70467404994413423e-04
1.24134608331963081e+00
-2.67732809382809653e-04
1.24094099863663532e+00
-3.05467008910131443e-04
1.25148677122367147e+00
-4.98447008678578018e-05
1.24973355289920840e+00
-7.52387211975163935e-05
1.24489945357759235e+00
-4.12210939257154758e-05
1.25001660958341620e+00
-3.13749107905854547e-04
1.24241314702354000e+00
-3.32660338420685548e-04
1.24930821753841492e+00
-3.01608295716064405e-04
1.25344423241431135e+00
-3.69994266381610518e-04
1.25064307020367815e+00
-3.73445856192551888e-04
1.24415998918077908e+00
-3.95866863878241708e-04
1.25320346972230379e+00
1.60782254319031674e-04
1.25184983583628107e+00
1.86703668805496341e-04
1.24329689195679882e+00
1.64758448176875424e-04
1.25138551594219494e+00
-2.07868340082395617e-04
1.25049477447157176e+00
-2.30258739594196653e-04
1.24288669224096671e+00
-2.21235048171025889e-04
1.25254793467811809e+00
-1.81140508431588135e-04
1.25354043009387994e+00
-3.28417233250381476e-04
1.25177777411277003e+00
-3.21778339353919309e-04
1.24573597053075980e+00
-3.48742962349154388e-04
1.25537473749632045e+00
1.14301063822251224e-04
1.24610273020446449e+00
1.12770801590174479e-04
1.25428988986032630e+00
1.37693695921821564e-04
1.25679642172879236e+00
3.23327355633861975e-04
1.25461505504422854e+00
3.42259159199405968e-04
1.24795452454388478e+00
3.40142139688660904e-04
1.25598350149703486e+00
3.64588711481160716e-04
1.25688092275921415e+00
3.68895895676007589e-04
1.24688903699455200e+00
3.89088117508037913e-04
1.25642998357319069e+00
3.67377894612099193e-04
1.24447618863185117e+00
4.02718986690876290e-04
1.25941438748713197e+00
3.64717073187691772e-04
1.25814532905641596e+00
3.67188954017649068e-04
1.24749017923176519e+00
3.97052419960963363e-04
1.25420699448087136e+00
3.62923579076215061e-04
1.25877319114222908e+00
-3.61309932082010837e-04
1.25610758506642983e+00
-3.65968447429793184e-04
1.24915261946228817e+00
-3.87617548254200650e-04
1.25751125039203449e+00
7.07063488813051223e-05
1.25644370380709613e+00
9.25329763607205994e-05
1.24955498342755100e+00
6.38057606670109907e-05
1.25874502591745885e+00
-3.32954129768515863e-04
1.25614172972874405e+00
-3.31305588894362365e-04
1.25060004561145233e+00
-3.54519975094585342e-04
1.26190967364978124e+00
3.58633024128154519e-04
1.26065968436399700e+00
3.61800000799224631e-04
1.24938758680128470e+00
3.92281148705857382e-04
1.26158049397738425e+00
-3.58661922293505972e-04
1.26190961160514092e+00
-3.58063451198280388e-04
1.24811067767241335e+00
-3.94899930870794605e-04
1.24938763442398937e+00
-3.91749916034127993e-04
1.26174347904238138e+00
-3.58432433008290248e-04
1.26133456207475958e+00
-8.76994031984199726e-06
1.25641105164310241e+00
-2.86524638565946949e-05
1.25502581542696645e+00
9.20696040695934618e-07
1.26097370505149486e+00
2.83391886752940090e-04
1.25216823231124730e+00
2.97975187468118847e-04
1.25888496434988317e+00
3.04162646484510638e-04
1.26274420135220899e+00
-3.54316882806599172e-04
1.25421293426163749e+00
-3.76807067850006266e-04
1.26216083992957739e+00
-3.56688888760212206e-04
1.25866204580853114e+00
3.60388680916134477e-05
1.25368978993667413e+00
2.42570851440625209e-05
1.25808711501308323e+00
5.33731512549200663e-05
1.26075721818166842e+00
-3.58131395632201618e-04
1.26518011357218341e+00
-3.29664388310597889e-04
1.26196144744959593e+00
-3.31835801773877213e-04
1.25651300459990489e+00
-3.52368864580935909e-04
1.26540677305106075e+00
2.38942243614670283e-04
1.25631309321119233e+00
2.51150519484966660e-04
1.26319065878108150e+00
2.61750255654447366e-04
1.26135442962551547e+00
-8.60697438933493775e-05
1.26579932707909770e+00
-5.34397361298698438e-05
1.26357726301184403e+00
-6.95760946122113752e-05
1.25864244315007423e+00
-5.18352217386556835e-05
1.25466601754818652e+00
-9.32496708259879264e-05
1.26329472629500672e+00
-2.58015059999515395e-04
1.26486290482373542e+00
-2.26285130712078564e-04
1.26407900051242872e+00
-2.42532606905022035e-04
1.25723257943730404e+00
-2.38804812955497583e-04
1.25594748836862147e+00
-2.72804509373390498e-04
1.26452186294823421e+00
-2.80012788125247791e-04
1.25726936238873854e+00
-2.96569065259255247e-04
1.26390805811460627e+00
-2.69536705318483268e-04
1.26934410417812771e+00
-1.07026934017009394e-04
1.26152666475196118e+00
-1.29456317514742622e-04
1.26534912342590800e+00
-9.69960776295342208e-05
1.26954221579561088e+00
1.93305960770586197e-04
1.26747514509565518e+00
2.16505640126782555e-04
1.26001730903124765e+00
2.02679110883421980e-04
1.26889779868263664e+00
-1.89040729175627640e-04
1.26688082625469645e+00
-2.07805830272319951e-04
1.26014088246186318e+00
-1.98397322741082968e-04
1.26867897903368143e+00
-2.90636047449958988e-04
1.26659979911868481e+00
-2.85886041935319698e-04
1.26111004588559217e+00
-3.09153402369704178e-04
1.26936720475348519e+00
2.52330160709599218e-05
1.26535113861165716e+00
8.75076194317537716e-06
1.26401438565557322e+00
3.04532795758002153e-05
1.27215241643060373e+00
-3.21242780132111755e-04
1.26866513523905033e+00
-3.25873366707373142e-04
1.26279917656280771e+00
-3.45087579937851591e-04
1.27337017933351349e+00
1.47005415913279965e-04
1.27145695899076672e+00
1.70379240732380336e-04
1.26328572058783761e+00
1.53970871555765592e-04
1.27449117965078651e+00
-1.52123155724469608e-04
1.26409828841929683e+00
-1.53528767234051544e-04
1.27169499647744932e+00
-1.70508183800969766e-04
1.27505168284522163e+00
-2.02347029289099370e-05
1.27042576069797430e+00
-3.63440868360257117e-05
1.26819268005219810e+00
-1.48221335646220103e-05
1.27458225025808347e+00
-2.92773203256111347e-04
1.27162979269237875e+00
-2.92225822366177341e-04
1.26666413092626495e+00
-3.12448376564369694e-04
1.27442122565506000e+00
1.06422324689404031e-04
1.27389628370542640e+00
1.26961543607364506e-04
1.26489699789420262e+00
1.10459776876298637e-04
1.27338459532924020e+00
3.07902612212106945e-04
1.27514940620446193e+00
3.15635515618866596e-04
1.26291071190635518e+00
3.32847009724633093e-04
1.27426535731850543e+00
3.12544574848239534e-04
1.26556731376636566e+00
3.39558051452505346e-04
1.27495738802193093e+00
2.85998334377021983e-04
1.27417001981458888e+00
2.97728944145299248e-04
1.26587671851722972e+00
3.04364386305003775e-04
1.27437809333574359e+00
6.56638481347896651e-05
1.27187316470808809e+00
4.59387823397319374e-05
1.26594394471055427e+00
6.81966111952290533e-05
1.27440026564139930e+00
8.62622387569045957e-05
1.27886259750826947e+00
-3.10703081350140230e-04
1.27550636439844212e+00
-3.16311982319318445e-04
1.26881884856097282e+00
-3.35394932618206167e-04
1.27933039915365954e+00
3.12064969485578974e-04
1.27723782215494297e+00
3.14476401982309529e-04
1.26810689636266760e+00
3.39725294562556236e-04
1.27868628332676160e+00
2.53259407594278298e-04
1.26982955257627084e+00
2.68146927657387298e-04
1.27682156138686875e+00
2.70310184320690335e-04
1.27882196883333510e+00
-6.81823045149173023e-05
1.27408351075613546e+00
-8.71334518695672029e-05
1.27231024644854984e+00
-6.13073894438137464e-05
1.28378354636864489e+00
3.03815491738400518e-04
1.28155506558974719e+00
3.08278567513945335e-04
1.27160054575450610e+00
3.33379951826263065e-04
1.28260677932499090e+00
-1.14748490774835586e-04
1.27854952566312807e+00
-1.33160240031041598e-04
1.27597493502048742e+00
-1.11340082567797978e-04
1.28183775995922500e+00
-2.88133958355034640e-04
1.27820906173091609e+00
-2.90916109720017852e-04
1.27350952170501275e+00
-3.08445322144006693e-04
1.27834005233791004e+00
-2.49526738207992099e-04
1.27690977937769845e+00
-2.33199517479061596e-04
1.27143108066079957e+00
-2.64467641072791207e-04
1.27762472335636601e+00
-2.41716548913313350e-04
1.27010212935545441e+00
-2.45398935022402140e-04
1.28352528298443480e+00
-3.02753956967195652e-04
1.28119283135045303e+00
-3.06987683202891064e-04
1.27313580115623814e+00
-3.27886976166131487e-04
1.28023815722705403e+00
-2.05835302606442803e-04
1.27857417545056884e+00
-2.19661998747529188e-04
1.27255009723729517e+00
-2.15960676702568993e-04
1.28343165738515874e+00
2.14672674543639567e-04
1.27441859955896675e+00
2.26707956792514097e-04
1.28105920953249841e+00
2.34443019674016165e-04
1.28425069076287302e+00
1.36806956353113266e-05
1.27965143782850244e+00
-2.68596331679219700e-06
1.27680848978374817e+00
1.91747991040787181e-05
1.28694240028501716e+00
2.96888187248909772e-04
1.28536108116483438e+00
3.00465467323110308e-04
1.27442777019317677e+00
3.26809364563787153e-04
1.28610051217932320e+00
-2.98036143940964946e-04
1.28481167709900013e+00
-3.00579542935515540e-04
1.27384205539851236e+00
-3.27437098698464687e-04
1.28340170062258752e+00
-2.55488047011182169e-04
1.27604067301438873e+00
-2.72679924741549404e-04
1.28087038575290002e+00
-2.52923871879933598e-04
1.28694238068127587e+00
-2.96355829111465401e-04
1.27442773387082009e+00
-3.26288979680768195e-04
1.28652007352121966e+00
-2.97267994072137470e-04
1.28478483538146526e+00
-1.75905164037770228e-04
1.28251181021782568e+00
-1.90916277565115409e-04
1.27684067108677191e+00
-1.82541317445195225e-04
1.28752196307697253e+00
-3.30145437551817496e-05
1.28317234223640875e+00
-5.01291781054689318e-05
1.28128650940518329e+00
-2.69772802220748189e-05
1.28892307108474169e+00
1.72345767435197087e-04
1.28617792244652596e+00
1.93775902368579985e-04
1.27923190493956618e+00
1.82725905559612251e-04
1.29012207719474392e+00
-2.78142614928775862e-04
1.28597892294725824e+00
-2.83524592909539016e-04
1.28113790536096417e+00
-2.99177517874665052e-04
1.28966498543169239e+00
-2.56272257916214633e-04
1.28653271017454385e+00
-2.56298014735429638e-04
1.28212405438759247e+00
-2.74122779312646007e-04
1.29030091160851135e+00
5.29300927438236104e-05
1.28727627548516055e+00
3.38799934702711694e-05
1.28233903121615200e+00
5.90567808854680756e-05
1.29153349446492061e+00
-1.44304845323065282e-04
1.28815954489293638e+00
-1.59976996616845841e-04
1.28301156831704599e+00
-1.48428212928516842e-04
1.29025047481519684e+00
-8.01263013566170135e-05
1.28642906769569110e+00
-9.71367078772278087e-05
1.28453590583975341e+00
-7.45533529568245638e-05
1.29299578201123322e+00
1.31656804872229264e-04
1.29096000971138847e+00
1.52197564646611524e-04
1.28318217912255794e+00
1.39282848995951841e-04
1.29330267706515833e+00
9.26021685195529319e-05
1.29180231196987938e+00
7.32551028653828266e-05
1.28386126188383987e+00
9.93552403572596623e-05
1.29314974699308838e+00
1.12487910921789397e-04
1.29354077257294198e+00
2.48760254292473306e-04
1.29292998373719037e+00
2.64589870513747265e-04
1.29323457854175827e+00
2.57282678001687787e-04
1.28315773105519249e+00
2.85682163855882577e-04
1.28424914855607830e+00
2.66953958363655853e-04
1.28764734717080609e+00
-2.14381676762326659e-04
1.29210173106849924e+00
-2.18045583719573264e-04
1.28227850538071020e+00
-2.23648554516282864e-04
1.28522113930824888e+00
-2.33426887404471450e-04
1.28987433176936372e+00
-2.16403507869726276e-04
1.29489893519504062e+00
2.70136223299789605e-04
1.29391326543500318e+00
2.67950121413941978e-04
1.28502488849318564e+00
2.92275597198300024e-04
1.29330784468419546e+00
-1.91736217540418427e-04
1.29047778896741061e+00
-2.03004679379315944e-04
1.28677264844682004e+00
-1.98779784233097165e-04
1.29876514754554373e+00
-2.64948270345845467e-04
1.29444263247292346e+00
-2.71845999240441472e-04
1.28881464178995753e+00
-2.87202733492821134e-04
1.29727182736300284e+00
-2.51717169306065846e-04
1.29346764839492434e+00
-2.54394548552306623e-04
1.28955525866957177e+00
-2.69521126353776288e-04
1.29632059153231549e+00
2.23950916139334881e-04
1.29493034290077857e+00
2.36884233901716820e-04
1.28750317395301339e+00
2.38348006628078609e-04
1.29776347763480948e+00
-1.14474649761530606e-04
1.29464882068131959e+00
-1.29249914036873190e-04
1.29018453050505455e+00
-1.14910480236157884e-04
1.30123829381143130e+00
2.28848498658910522e-06
1.29438027580907122e+00
-1.44833874186418824e-05
1.29274396832136174e+00
7.62498974262513499e-06
1.29836672090825145e+00
2.68290364196430197e-04
1.29663139221586388e+00
2.69703750994313492e-04
1.28884927563855789e+00
2.89620620010636672e-04
1.29697257595564275e+00
-2.22669933834585714e-04
1.29453682402264780e+00
-2.20655285568719436e-04
1.29018749676207900e+00
-2.38721716376585013e-04
1.29786919897783326e+00
-4.83461497514227161e-05
1.29406017965556419e+00
-6.39049822052207786e-05
1.29269541478932903e+00
-4.10795951367131084e-05
1.29972922457573126e+00
-1.65475816339835381e-04
1.29651879202498699e+00
-1.78525168753896967e-04
1.29225647822127132e+00
-1.70813957159897720e-04
1.30114119121956762e+00
1.91781245105517506e-04
1.29228595273657199e+00
2.03093037707627062e-04
1.29873098576333468e+00
2.08228046504154910e-04
1.30569487766617631e+00
-2.53488824797208352e-04
1.30222907042052882e+00
-2.59451244295680317e-04
1.29461100233966242e+00
-2.77361967623097807e-04
1.31074747362374144e+00
2.44855143733953653e-04
1.30455573804052194e+00
2.56764477625505915e-04
1.29726688108841182e+00
2.73234913104612991e-04
1.30372878526903024e+00
-2.23078186565526816e-04
1.30035015833287493e+00
-2.23242812554473753e-04
1.29669726825071585e+00
-2.39314587467172069e-04
1.30353717130736424e+00
-8.51983529082083325e-05
1.29689340206164316e+00
-8.29838885952097715e-05
1.30065065001943392e+00
-9.96847972960350232e-05
1.30643886229486772e+00
-2.41552112781242970e-04
1.30185451828579968e+00
-2.46976496956278688e-04
1.29828094267177074e+00
-2.59415670908480554e-04
1.30285273326014983e+00
-1.88776938245901799e-04
1.29807991369697739e+00
-1.90485059313105022e-04
1.29747753970781932e+00
-2.03159602304692514e-04
1.30682598196970967e+00
1.55347780298274957e-04
1.30398394781342031e+00
1.73781439014126154e-04
1.29787396367101127e+00
1.63800324505200621e-04
1.30646219866556934e+00
3.90179537306757564e-05
1.29838116957072458e+00
4.56548708256677949e-05
1.30385070490482469e+00
2.10989538727375280e-05
1.30717078520014529e+00
-1.37972958836534055e-04
1.30345029061771567e+00
-1.51572016559179854e-04
1.29935154341427150e+00
-1.41350054714695170e-04
1.31033930161420797e+00
-2.45333984241866425e-04
1.30801601844320459e+00
-2.49591181594010407e-04
1.29822103257566090e+00
-2.70779383923491811e-04
1.31196306928499751e+00
2.42890513393778770e-04
1.31135358375711508e+00
2.43999575322983813e-04
1.29945401131030724e+00
2.68887031088823128e-04
1.30789197050709038e+00
-2.57020788615038366e-05
1.30456535857823352e+00
-1.21193394406651649e-05
1.30288065078272108e+00
-3.66563949122984288e-05
1.31196310273027961e+00
-2.42318002251723893e-04
1.29945401472494604e+00
-2.68371119557231732e-04
1.31115006510597643e+00
-2.43893623021947798e-04
1.31020395959651714e+00
7.73442423629104993e-05
1.30833354303667915e+00
5.87172891712894803e-05
1.30175293199133835e+00
8.47100761932236533e-05
1.30900466475585509e+00
-6.04058736172367135e-05
1.30343670896046127e+00
-5.47637106624930498e-05
1.30627114692352420e+00
-7.26369548655349489e-05
1.30973229050634443e+00
-1.91466655419684400e-04
1.30335277680865147e+00
-2.06740257218194595e-04
1.30629214672182248e+00
-1.90440495442944238e-04
1.31140715767085503e+00
-2.19531735397082744e-04
1.30756737000447920e+00
-2.21655389944085666e-04
1.30433985739184766e+00
-2.35284784245951321e-04
1.31465468507859184e+00
1.12723512957261585e-04
1.31074099002299516e+00
1.33986906210645506e-04
1.30382455463248603e+00
1.21962635601965586e-04
1.31190917205560997e+00
-1.61324712469698001e-04
1.30581874018069866e+00
-1.63647991099125756e-04
1.30738123297807918e+00
-1.74868283351581111e-04
1.31174578681993448e+00
2.15520645022963234e-04
1.31173303089035698e+00
2.27073520143225013e-04
1.31173877983572162e+00
2.21755361952608422e-04
1.30233185668445306e+00
2.45313576806684760e-04
1.30264336561514082e+00
2.31722153380688672e-04
1.31393246947481290e+00
-1.10892110532903287e-04
1.31055190977232461e+00
-1.24287831405157201e-04
1.30584739372612013e+00
-1.12918426390337337e-04
1.31242954622991581e+00
9.58137513430451656e-05
1.31766140693517841e+00
-2.25359972612489471e-04
1.31204934710043775e+00
-2.33680476258307584e-04
1.30821380914772134e+00
-2.44599382075656833e-04
1.31354491199874324e+00
2.31507879061100324e-04
1.31263813509318883e+00
2.29721095224260367e-04
1.30422244062355230e+00
2.50277585845775892e-04
1.31361414954787681e+00
1.97095063237153682e-04
1.31267962469948185e+00
2.06721125526229644e-04
1.30496719769959291e+00
2.10253512584864264e-04
1.31696579285777915e+00
2.29545677602093249e-04
1.31525449762481483e+00
2.30846510672258514e-04
1.30766681877913693e+00
2.48380091857541352e-04
1.31644321363967864e+00
-1.92974432823887732e-04
1.31308734005975625e+00
-1.92550931324031286e-04
1.31008632022593541e+00
-2.07729999416569417e-04
1.31364666894959825e+00
-4.23246640580053445e-05
1.31132578974314917e+00
-5.12372320072678532e-05
1.31076936153485812e+00
-3.42499572194098663e-05
1.31712531752434447e+00
1.72938530161007736e-04
1.30913291172691326e+00
1.82266559671493469e-04
1.31536966612499762e+00
1.85333038584744621e-04
1.31904580457091436e+00
-8.55445174558825381e-05
1.31648938801957383e+00
-9.81248079283129942e-05
1.31129099662134729e+00
-8.56346805617749855e-05
1.32034567789382096e+00
-2.11393622169794919e-04
1.31587579150133016e+00
-2.15752977190177805e-04
1.31339255191634430e+00
-2.26172496307229217e-04
1.32207767526296127e+00
-1.33138838031008261e-04
1.31699371669423915e+00
-1.46971731230763792e-04
1.31462369867350004e+00
-1.35812359245877587e-04
1.32111824097419284e+00
-1.62273140233526800e-04
1.31651331663151638e+00
-1.62124433142231021e-04
1.31542557211440658e+00
-1.76602730019880362e-04
1.32254346951565482e+00
1.44168204514739744e-04
1.31983457027679751e+00
1.58698187395093994e-04
1.31468423442521654e+00
1.49833965908713487e-04
1.32189598302101996e+00
2.22190082556843481e-04
1.31632126113488668e+00
2.33439361500519595e-04
1.31943040056564853e+00
2.26008386646657842e-04
1.32807263054436819e+00
-2.09626130802596837e-04
1.31688441002804790e+00
-2.30802537784532079e-04
1.32286620130880506e+00
-2.17690384747464775e-04
1.32113720188698069e+00
2.16325574762704514e-06
1.32227644116494836e+00
2.94759495419104471e-05
1.31118708456937472e+00
2.22232533428170419e-06
1.32170711155300014e+00
1.59112226278874833e-05
1.31436896252028590e+00
3.40203085119275827e-05
1.32248048581076039e+00
-2.32627927709933106e-05
1.31518589352443960e+00
-2.44611752765798425e-05
1.32180910457891643e+00
-1.06373311761495092e-05
1.32318862280289729e+00
-6.05698381108491228e-05
1.32111746254797779e+00
-7.29739829239334562e-05
1.31609629216971813e+00
-6.06306749889151038e-05
1.32401022881026509e+00
-1.91289014819639633e-04
1.32022622628813902e+00
-1.92464669832411860e-04
1.31770895898231344e+00
-2.05149006161925581e-04
1.32647549509911866e+00
5.91558834354952753e-05
1.31833950471201033e+00
6.78437896927362320e-05
1.32437622780417308e+00
4.47221409919936299e-05
1.32531939227167794e+00
-3.76749253333849877e-05
1.32389999834265892e+00
-3.05770612375628811e-05
1.31948283476158568e+00
-3.99416964008960927e-05
1.32425422049684194e+00
-4.90936710987429755e-05
1.33052814287671373e+00
-1.06322460120888767e-04
1.32630318151482873e+00
-1.19534721911628266e-04
1.32222977639957784e+00
-1.08829536019337529e-04
1.33135880869856926e+00
1.15042197285937926e-04
1.32300602783714316e+00
1.14483844383742717e-04
1.32695143132645654e+00
1.29423092025647069e-04
1.32842137266009930e+00
-1.64834087427998503e-04
1.32476943907060662e+00
-1.63889951586764372e-04
1.32243256984211932e+00
-1.78640354571166601e-04
1.33275664810383243e+00
-1.95593945486107276e-04
1.32520923498551957e+00
-2.10161563092639352e-04
1.32655054363215830e+00
-2.03673023684364501e-04
1.33432030162145887e+00
-2.00168556239927299e-04
1.33119549752704280e+00
-2.05093637871134056e-04
1.32233053176269455e+00
-2.21893690462385696e-04
1.32951066057479550e+00
1.86477423222086442e-04
1.33018222623464033e+00
1.94490383724931133e-04
1.32984593560272057e+00
1.90840110818992880e-04
1.32095788284532256e+00
2.10310855424751769e-04
1.32062829169666229e+00
2.00619060616374521e-04
1.33312273056676478e+00
8.07185102025553429e-05
1.32388884605509705e+00
9.59442116866015990e-05
1.32979909864518464e+00
7.04476982708829264e-05
1.33048988687027014e+00
1.73153831926649830e-04
1.32999995189110654e+00
1.80141025990809855e-04
1.32205189743531970e+00
1.84869616678126771e-04
1.33254417436589834e+00
-1.33846048024117905e-04
1.32731056881547160e+00
-1.33794446180977541e-04
1.32683149717553173e+00
-1.47772606846531448e-04
1.33247847127874319e+00
1.96932982243393261e-04
1.33132972992758480e+00
1.96036869972411701e-04
1.32301209286697730e+00
2.13693080964335566e-04
1.33326045541683724e+00
-1.84568233472887073e-04
1.32863481574432507e+00
-1.88203604035705555e-04
1.32680326727587272e+00
-1.97736428317285263e-04
1.33697514043217458e+00
-1.95887397707440958e-04
1.32447002133329894e+00
-2.18181407147146689e-04
1.33564666497907103e+00
-1.98109942629945586e-04
1.33297427300261373e+00
1.55605137127822754e-04
1.32504950435014557e+00
1.64182159074686008e-04
1.33173195157351576e+00
1.64625174096854043e-04
1.33655232359514042e+00
1.96970236228925831e-04
1.33697510425464627e+00
1.96389424752831479e-04
1.32365097535257581e+00
2.19965204618860916e-04
1.33676304236351418e+00
1.96720526839646128e-04
1.32447009990917852e+00
2.18703331331176142e-04
1.33444835451356814e+00
-8.16582834085573202e-05
1.33248847496609613e+00
-9.39966692623408584e-05
1.32674669608020146e+00
-8.37154217958665657e-05
1.33593214690002848e+00
1.94904462104421490e-04
1.33420470272760605e+00
1.96163050090416988e-04
1.32644941800730920e+00
2.11686851065195604e-04
1.33556630680940791e+00
-1.65535657923837393e-04
1.33199344266023267e+00
-1.65504324086727825e-04
1.32978847492138419e+00
-1.78201925656742185e-04
1.33804989829211674e+00
1.93543093703828266e-04
1.32997324195269329e+00
2.07507043428860501e-04
1.33730029789182669e+00
1.95397038497037196e-04
1.33734983367140559e+00
1.34974124954360768e-04
1.33516209627798177e+00
1.45399732142666719e-04
1.32994623171772841e+00
1.39694288582766077e-04
1.33699030629892301e+00
1.94437254687439211e-04
1.33769462860416799e+00
-2.92511514296223764e-05
1.33008722107945587e+00
-2.65289625320646698e-05
1.33150684414735565e+00
-3.33018513164267280e-05
1.33741765786910616e+00
-5.64072751067124526e-05
1.33593324909703948e+00
-6.90447698506187175e-05
1.33030286186978164e+00
-5.84966411806275098e-05
1.33807736493675944e+00
-4.28676554905644082e-06
1.33788624195021755e+00
-1.67910871221347584e-05
1.32960690253670588e+00
-1.29837039666759675e-06
1.33936018651285504e+00
2.01422273557741520e-05
1.33871900766110086e+00
8.01657918147566682e-06
1.33081796086784565e+00
2.45483659028131005e-05
1.34025579516455351e+00
-1.37937931641420129e-04
1.33639966186946446e+00
-1.36238944873836541e-04
1.33433883398320630e+00
-1.51119024600842320e-04
1.34426211334456092e+00
8.92531162158731142e-05
1.33781067264317155e+00
1.01743967771402951e-04
1.33869214907700051e+00
8.54405404656988422e-05
1.33755641913485923e+00
-4.29409787988286690e-05
1.34435881785031741e+00
-1.72880340109817762e-04
1.33855777729711622e+00
-1.84087614584740346e-04
1.33880919479520366e+00
-1.78880677966281390e-04
1.34279514472844141e+00
4.17783583052148968e-05
1.34107780854945857e+00
3.11900246091123871e-05
1.33463515485422857e+00
5.00254380915571815e-05
1.34575442345832519e+00
-1.03109831992877972e-04
1.33914962619071787e+00
-1.18065715665020330e-04
1.33814085103298286e+00
-1.04963866892031728e-04
1.35273023008396320e+00
-1.68008314574954987e-04
1.34040197131283212e+00
-1.87964404065105205e-04
1.34274270767369353e+00
-1.81811179453019865e-04
1.34422950602545810e+00
1.13029892182400703e-04
1.33779379178025071e+00
1.14289210041544883e-04
1.34078982047475481e+00
1.23935834303897600e-04
1.34390660725894540e+00
-1.62170531441781262e-04
1.33973603272517616e+00
-1.64126038014864375e-04
1.33858364075726910e+00
-1.73225977025890309e-04
1.34677114437443146e+00
-1.41824975261232262e-04
1.34116890417899870e+00
-1.53472923277061531e-04
1.34351313663475569e+00
-1.40222224346252608e-04
1.34933200529395303e+00
5.86024720884697285e-05
1.34606356710536113e+00
5.05524760560472640e-05
1.34122736279285903e+00
6.91387300239962245e-05
1.34733849825994723e+00
1.51008043685420951e-04
1.34692731119778020e+00
1.60796672958267938e-04
1.34713262852160254e+00
1.56154682081274690e-04
1.33821906399539703e+00
1.73280727997121131e-04
1.33891413492358713e+00
1.61813547340556820e-04
1.34827624203780450e+00
1.66182210425129702e-04
1.34760135705635764e+00
1.63777366328856505e-04
1.33922943546329098e+00
1.79910769203425297e-04
1.34907112292944875e+00
-7.63268007971755063e-05
1.34741296716990155e+00
-8.98663913057617697e-05
1.34175946429897275e+00
-7.90314903778153766e-05
1.34922337646612145e+00
1.37995522506042281e-04
1.34109863477661695e+00
1.46649877242504276e-04
1.34828080158546570e+00
1.44686761243289206e-04
1.35138086106559507e+00
1.66778965030271373e-04
1.34982804941359968e+00
1.66749123146484762e-04
1.34192996446453261e+00
1.81374543245854946e-04
1.35274554429698823e+00
-1.14758301990170624e-04
1.34924966874248731e+00
-1.09478006639460138e-04
1.34650084235135048e+00
-1.26044907495616510e-04
1.35238698084645725e+00
1.23037982000630817e-04
1.35080515058784201e+00
1.30619897384287760e-04
1.34486813532398108e+00
1.28995076221133186e-04
1.35167399984958836e+00
-5.12177037107269730e-05
1.35037277587776527e+00
-6.38345363486625715e-05
1.34454559404302576e+00
-5.37811158623726870e-05
1.35808215633725893e+00
-1.61976859795340294e-04
1.35540514329286510e+00
-1.65279489311567827e-04
1.34620175683888799e+00
-1.80288082402275967e-04
1.35422138683938997e+00
9.16536356448601099e-05
1.34922560343040643e+00
1.02105763382973885e-04
1.34924154063986967e+00
9.06816097211692322e-05
1.35526157793589519e+00
1.64315764062645674e-04
1.35332070511835112e+00
1.65763261406228374e-04
1.34559722278826399e+00
1.79101206864457237e-04
1.35530147899988984e+00
-1.51542063436900949e-04
1.34960373843381864e+00
-1.56953414831360194e-04
1.34983014690169401e+00
-1.62108528190211594e-04
1.35291784020033634e+00
-3.02097019671212865e-05
1.35229608012268354e+00
-4.07474838161294271e-05
1.34530594162300998e+00
-2.98488436341340100e-05
1.35340596955132786e+00
-1.42262209059827353e-04
1.35008824798082183e+00
-1.42299101566832663e-04
1.34865636945014788e+00
-1.52107714202947338e-04
1.35382945350265604e+00
-9.17029447949767006e-06
1.35337381674973223e+00
-1.96923539788225760e-05
1.34595312066254369e+00
-6.92083913164303062e-06
1.35718055574042151e+00
6.83218285910915172e-05
1.35325617088464645e+00
6.37571391403901204e-05
1.35072143692341418e+00
7.84150281513095989e-05
1.35767358221087053e+00
1.62469914873493307e-04
1.35646713575374056e+00
1.63537103908512765e-04
1.34786212393844385e+00
1.77483586867019941e-04
1.35568391223986451e+00
1.09036866621659181e-05
1.35475683351643594e+00
9.51519844546177012e-07
1.34752178915012788e+00
1.52409449200747603e-05
1.35711183862444718e+00
1.07167437332107837e-04
1.35067041172925784e+00
1.10201170746079463e-04
1.35474945547980719e+00
1.15110173380938174e-04
1.36198105721390039e+00
-1.56598514760335710e-04
1.34947871731116487e+00
-1.75388665608034247e-04
1.36003080993132319e+00
-1.59363498150591319e-04
1.36225266971585590e+00
-1.50247964924548006e-04
1.35330556292069581e+00
-1.61409425605365647e-04
1.35749079640796544e+00
-1.59259783619988967e-04
1.35996646947784394e+00
1.59897519403024623e-04
1.35881950221358938e+00
1.61296978559959906e-04
1.34825994469407484e+00
1.77679584119265629e-04
1.36198108288402042e+00
1.57131728173950767e-04
1.36097329380585430e+00
1.58552945105292864e-04
1.34947871808337516e+00
1.75930839189202454e-04
1.35912648471869657e+00
2.86768080488217405e-05
1.35740529286851275e+00
1.99687256572762548e-05
1.35096062920486992e+00
3.48727403422185818e-05
1.35901348266351052e+00
-1.20355929942219417e-04
1.35587923448844516e+00
-1.17894843507582690e-04
1.35289246853019640e+00
-1.30828238727106756e-04
1.36320606632364694e+00
-1.35086844837063562e-04
1.35830579619349678e+00
-1.38771150971803923e-04
1.35925374240804131e+00
-1.43293397187348453e-04
1.36471339755589494e+00
4.25135905230723674e-05
1.36191994540824601e+00
3.58398407152015166e-05
1.35702262992185108e+00
5.01711783803137596e-05
1.36465938966049105e+00
9.06326260378317590e-05
1.35944019692381568e+00
9.12937026814842018e-05
1.36088570083658023e+00
9.87869801527968831e-05
1.36410414115528500e+00
1.30526358509183851e-04
1.36377177667989047e+00
1.38343854535180654e-04
1.36393773187539180e+00
1.34630765826830991e-04
1.35534963366789918e+00
1.49244158479065655e-04
1.35572132327467365e+00
1.40485891908005846e-04
1.36658474159829924e+00
7.32661867295490455e-05
1.36188247746028046e+00
7.10475710415968609e-05
1.36040313597081819e+00
8.21581004928839339e-05
1.36387462278420069e+00
-6.80644613899055747e-05
1.36384457640273604e+00
-8.45826259808354019e-05
1.35647266794081300e+00
-7.21240961414070398e-05
1.35479940190111914e+00
-9.34795215703416484e-05
1.36385961346240503e+00
-7.64993459464010972e-05
1.36452401935241774e+00
-1.22969612825802265e-04
1.35896511036831602e+00
-1.32423885309950921e-04
1.36176852169636664e+00
-1.21891254725855388e-04
1.36559366498325430e+00
1.42058812641162371e-04
1.36468237396687586e+00
1.40437347747533389e-04
1.35693511839864178e+00
1.53751126962359638e-04
1.36572264328224735e+00
1.20326049795434133e-04
1.35747292695195698e+00
1.28946559840765497e-04
1.36491326644738931e+00
1.25568264783406140e-04
1.36766917334516758e+00
-9.53776358525073708e-05
1.36575674889972576e+00
-9.02682510573639006e-05
1.36020742866563737e+00
-1.04730928380068725e-04
1.36604724393805599e+00
-4.90459802283814918e-05
1.36496103589868212e+00
-5.86071627736957501e-05
1.35886039193447772e+00
-5.01985949825251517e-05
1.37019384292706947e+00
-1.35025729572642441e-04
1.36274752520763975e+00
-1.43188266137513081e-04
1.36622299814901105e+00
-1.42698679598222148e-04
1.36952533720105007e+00
1.41281427994358397e-04
1.36755909435530465e+00
1.41891943602848907e-04
1.36045332875431413e+00
1.53616374485219745e-04
1.36829402946138301e+00
1.08635636071733457e-04
1.36034036107726708e+00
1.15696703365043046e-04
1.36700828269642072e+00
1.14572189906293409e-04
1.36803140905603171e+00
-3.02606245422394561e-05
1.36703944876323558e+00
-3.96627892632910359e-05
1.36047438053498948e+00
-3.03291562558240524e-05
1.37205863365061620e+00
5.23784939556885050e-05
1.36838594203812525e+00
4.77096903138753373e-05
1.36461956333540790e+00
6.00050237357866031e-05
1.36934766797627794e+00
-1.28017149022468557e-05
1.36868964933948845e+00
-2.15233147953765915e-05
1.36158831838698968e+00
-1.11515161247082512e-05
1.37055016497763726e+00
9.79173527499902603e-05
1.36942207896195844e+00
1.03335148627610923e-04
1.36383084487776385e+00
1.02516432776586017e-04
1.37139989767025039e+00
3.89732397126115018e-06
1.37037388308891916e+00
-4.38222459713087032e-06
1.36354169089449329e+00
7.17135984321165636e-06
1.36944036040490613e+00
-1.22518568851549099e-04
1.36632321874056051e+00
-1.28775554275200390e-04
1.36698205881747481e+00
-1.22852149086415531e-04
1.37487405887446457e+00
1.37136779990661845e-04
1.37219929687274855e+00
1.39384262201884058e-04
1.36506810940589474e+00
1.50243613562126363e-04
1.37339327226273156e+00
-1.01463976548495213e-04
1.37053100567891484e+00
-9.87182084342311098e-05
1.36620346319259411e+00
-1.10610291908118730e-04
1.37470056562487941e+00
1.89327650545422102e-05
1.37305029774934906e+00
1.15517737046028897e-05
1.36691336099605021e+00
2.35339218356901080e-05
1.37569337238732081e+00
7.54848978389839300e-05
1.37113890382776638e+00
7.45589661373446467e-05
1.37017643185702931e+00
8.28449929750128106e-05
1.37237959143780053e+00
8.92014917697213551e-05
1.36851939061260985e+00
8.99928765538674153e-05
1.37146487707051334e+00
9.35919016720831813e-05
1.37744036346446341e+00
-1.20650377678330605e-04
1.37032313742838219e+00
-1.27759948904266951e-04
1.37381695445921270e+00
-1.27880080649371840e-04
1.38002147215606774e+00
1.32118624991341583e-04
1.37744740831296619e+00
1.34751936848971784e-04
1.36884792908996444e+00
1.46679619937944847e-04
1.38329358080645459e+00
-1.28017393691840810e-04
1.37988607978107591e+00
-1.31070713857462160e-04
1.38158930317881534e+00
-1.29707076584582138e-04
1.36630872808559434e+00
-1.48660930878973788e-04
1.37068840434807115e+00
-1.44206944380325779e-04
1.37904050154063995e+00
-1.04404301818778979e-04
1.37621667907236156e+00
-1.03156413966979212e-04
1.37178235341768495e+00
-1.13401733262834167e-04
1.38154465300819873e+00
-1.26367502746609973e-04
1.37189879212862320e+00
-1.37944707156757203e-04
1.38071479567025612e+00
-1.28937724608258381e-04
1.38080768443481960e+00
5.84077733336484662e-05
1.37643303483959811e+00
5.56341180143914751e-05
1.37369620287391592e+00
6.55434574316636931e-05
1.38005717353274537e+00
3.11845369145848661e-05
1.37737887522179681e+00
2.52610224869409499e-05
1.37238517072695454e+00
3.65678902822751784e-05
1.38408017392090854e+00
1.27698462795639088e-04
1.38205052162966724e+00
1.29983877839710718e-04
1.37202377142622889e+00
1.43084520868349565e-04
1.38079026126543525e+00
1.11713809558264059e-04
1.37985848691807389e+00
1.18853832950587283e-04
1.38032419630161107e+00
1.15427521648957677e-04
1.37181522674906597e+00
1.28306073985551478e-04
1.37244724582488242e+00
1.20832790744837418e-04
1.38069999957272183e+00
-7.11002196896504845e-05
1.38045976153283134e+00
-5.85772793228103023e-05
1.38057987311112673e+00
-6.49651436430902598e-05
1.37216700954050563e+00
-6.31877851359919366e-05
1.37227217788649614e+00
-7.76034362118875159e-05
1.38698295548319783e+00
-1.23776244379804806e-04
1.37448240566865953e+00
-1.39430030734546999e-04
1.38513782452067113e+00
-1.25957474807917864e-04
1.38155178653205080e+00
1.21906704019033752e-04
1.38070487511607909e+00
1.20560501255819686e-04
1.37357286214071794e+00
1.31678173723836405e-04
1.38132065750296484e+00
-1.09730689105193272e-04
1.37538052460500815e+00
-1.15987928702586011e-04
1.37938036922997154e+00
-1.15293075785047680e-04
1.38134967168372702e+00
-4.42774498540110601e-05
1.38090475525899592e+00
-5.15001127845086999e-05
1.37369826169648168e+00
-4.66399262761076194e-05
1.38698296129755083e+00
1.24300838412468533e-04
1.38553133562242481e+00
1.26021318490297996e-04
1.37448242413268051e+00
1.39953683741691906e-04
1.38251213736599765e+00
1.03202306519027207e-04
1.38165109002478892e+00
1.07563918153735685e-04
1.37411737541099876e+00
1.11511220140663873e-04
1.38018038109866481e+00
-1.07268184204388210e-04
1.38181950522165975e+00
7.90951380069532782e-05
1.37709955641674675e+00
8.40317385948118121e-05
1.37875633291948274e+00
7.74458127675401749e-05
1.38421001349433448e+00
-8.01371505652256200e-05
1.37593955059724160e+00
-8.74912314516640882e-05
1.38245489822206502e+00
-7.58475205999266329e-05
1.38306194000783389e+00
-2.93964443901330881e-05
1.38220587021698327e+00
-3.68512458988185158e-05
1.37554647109636297e+00
-2.98923994274337664e-05
1.38417298109444586e+00
9.41521173103857190e-05
1.37623344918584167e+00
1.01197693418308355e-04
1.38334248336820087e+00
9.87700662829319880e-05
1.38690438854970122e+00
-1.16206239617781487e-04
1.37854917301488622e+00
-1.25362558644598961e-04
1.38422416579367202e+00
-1.21420955580250954e-04
1.38679400116677876e+00
1.19732290670014098e-04
1.38417254893544439e+00
1.21012738356346956e-04
1.37815984332403962e+00
1.30155728289564252e-04
1.38734679557353280e+00
4.03115820855701816e-05
1.38370192686848204e+00
3.59806225524885419e-05
1.37970263585000863e+00
4.60671574582468106e-05
1.38470954365939081e+00
-1.49193361816716060e-05
1.38388580997334154e+00
-2.21440316402124262e-05
1.37702840261210846e+00
-1.39845993270674650e-05
1.38509301794023099e+00
8.52500793186077786e-05
1.37782154498860465e+00
9.14122487195859678e-05
1.38463294149794613e+00
8.97945556405506070e-05
1.38345616780073244e+00
8.23294030955559210e-05
1.38674684220074940e+00
-1.00795053841158460e-06
1.38572825719095838e+00
-7.91149095787014223e-06
1.37907318830122883e+00
1.26949402366274770e-06
1.38937136227948033e+00
6.26662360905021822e-05
1.38508939250305496e+00
6.07501753241693800e-05
1.38253235240166483e+00
6.88490059021872313e-05
1.38874426389188921e+00
-8.62173606017581481e-05
1.38647697862500641e+00
-8.34081915544014217e-05
1.38106877725842270e+00
-9.35922596766660693e-05
1.38963577173821751e+00
1.18521205120372435e-05
1.38819135378502656e+00
5.52037393289000335e-06
1.38216802566233632e+00
1.51893604396872418e-05
1.39426649224457733e+00
1.13712148992592798e-04
1.39052995919063638e+00
1.16846597967669737e-04
1.38457049039497182e+00
1.24994405719601893e-04
1.39178657660335325e+00
-1.05900222435951940e-04
1.38461349048401239e+00
-1.13100403737513905e-04
1.38934524641278068e+00
-1.11167032738197286e-04
1.39288215914469005e+00
-9.10466017439659573e-05
1.39081302037857424e+00
-8.88553302133900677e-05
1.38596133943949118e+00
-9.75457868045505235e-05
1.39588238984083857e+00
4.66935123331595954e-05
1.39161449249618907e+00
4.37334207133531692e-05
1.38834498150224372e+00
5.23024978737438411e-05
1.39483817644822894e+00
2.28226218045527387e-05
1.39223697751205666e+00
1.75086368581239311e-05
1.38744756524373680e+00
2.67928562921592498e-05
1.39443178273437574e+00
6.79652251961580442e-05
1.39190148375775435e+00
6.54792581577405742e-05
1.38812563143851952e+00
7.33615745422850631e-05
1.39467066876257184e+00
-9.65716420180005516e-05
1.38799568303930565e+00
-1.02988389633395478e-04
1.39322841097933980e+00
-1.01384898917618107e-04
1.39377621826435538e+00
-9.40007843141216866e-05
1.40204071657954477e+00
1.06615667569496815e-04
1.39815339416452189e+00
1.10237698987945238e-04
1.39103132995307344e+00
1.18835356032794361e-04
1.39532040307915484e+00
1.01876812258026747e-04
1.39551003114993399e+00
1.05976242332355574e-04
1.39541502510261228e+00
1.04057293156638704e-04
1.38853100156934506e+00
1.13722289587914636e-04
1.38758953324070933e+00
1.10105084659688904e-04
1.39748207855179274e+00
9.50365197545635963e-05
1.39640112621133516e+00
9.85355858838805860e-05
1.38913621616765992e+00
1.03108977612070401e-04
1.39768072372552599e+00
-6.01104203983638245e-05
1.39690190393530322e+00
-5.02050026485396632e-05
1.39729128401909919e+00
-5.52709468920822782e-05
1.38868068923147114e+00
-5.42665488014416064e-05
1.38919025083813175e+00
-6.54213590199887964e-05
1.39750512472706134e+00
-3.89399341898011940e-05
1.39720352233357570e+00
-4.46328003152527853e-05
1.38942722752313585e+00
-4.15549086310000869e-05
1.39951258878382423e+00
8.74367185351925078e-05
1.39849723072824550e+00
9.13211586716209832e-05
1.39101237557913615e+00
9.50619960504076435e-05
1.39876082306750793e+00
-2.72566030218879454e-05
1.39813300178539057e+00
-3.31195930621684182e-05
1.39091120349939756e+00
-2.83466667510818930e-05
1.39968679690035458e+00
7.30592324171589977e-05
1.39705915735812058e+00
7.07133090423760663e-05
1.39238988846348866e+00
7.89648319321638087e-05
1.40048276419068984e+00
-6.76988696998431224e-05
1.39908165991678968e+00
-6.40702046828990900e-05
1.39234633804877905e+00
-7.37057083162241417e-05
1.40082339688273128e+00
-1.06872104859719922e-04
1.40193194062176119e+00
-1.03475626667091274e-04
1.40137723946071913e+00
-1.05349283726046181e-04
1.39173850491277173e+00
-1.14479831146566976e-04
1.39035498480434172e+00
-1.18492417303976764e-04
1.40226850516036872e+00
3.11252591465887410e-05
1.39855329150704355e+00
2.71836996146683056e-05
1.39480756564892205e+00
3.55033865215876945e-05
1.40272707135103092e+00
1.01790891862526606e-04
1.39911832029918370e+00
1.04008233325281714e-04
1.39476065496709145e+00
1.10479643210522276e-04
1.40018750800015090e+00
-1.55320257042081403e-05
1.39947420198302908e+00
-2.13906713050439496e-05
1.39244835319892646e+00
-1.53034942893193162e-05
1.40070865316688087e+00
7.99141397864978008e-05
1.39244080243433399e+00
8.68016682903553034e-05
1.40011053364165328e+00
8.37662168652504997e-05
1.40019762749480292e+00
7.66180943885324758e-05
1.40442443485060964e+00
5.15218875138945875e-05
1.39689785448084014e+00
5.68753756996035687e-05
1.40015329640695141e+00
4.93247621159755565e-05
1.40164495699099678e+00
-4.20631158662613201e-06
1.40091626855264839e+00
-9.84593157114545621e-06
1.39419575016917108e+00
-2.73406239500161981e-06
1.40393912694563516e+00
-9.83854967357424785e-05
1.40293525505372019e+00
-1.01064300693485038e-04
1.39542186690690051e+00
-1.07010776908561878e-04
1.40846928268874017e+00
1.00527333912693253e-04
1.40525483775851123e+00
1.03621069121689115e-04
1.39627496497333237e+00
1.13483668701614885e-04
1.41197806359823730e+00
-9.64086139163996528e-05
1.40640054134094905e+00
-1.01692596826368479e-04
1.39763620688377954e+00
-1.11365719290890171e-04
1.40433151496641306e+00
-7.36194279106443109e-05
1.40240699884835940e+00
-7.08598911340034153e-05
1.39653786982650363e+00
-7.97201088580066093e-05
1.40381090275406328e+00
6.84403805762466681e-06
1.40272796180986092e+00
1.37876512554841471e-06
1.39672322027162488e+00
9.20075486073545267e-06
1.40709978396621982e+00
-9.10413615897842627e-05
1.40551921163948168e+00
-9.48408060172523110e-05
1.39944323958352213e+00
-9.82549810239747543e-05
1.41198245644226938e+00
9.71161751938434377e-05
1.41022575302651632e+00
9.88413812590734634e-05
1.39948292014794662e+00
1.10066451284629918e-04
1.40747702405787556e+00
-7.86055899264822134e-05
1.40017959994677632e+00
-8.46455055970326517e-05
1.40590410561844648e+00
-7.62988123882420795e-05
1.41198242020491715e+00
-9.66106259191988343e-05
1.39948289814563043e+00
-1.09531511830990343e-04
1.41197992086300239e+00
-9.65679250505283368e-05
1.41159909151553165e+00
9.50995033766103518e-05
1.40716290680563216e+00
9.85166031124551361e-05
1.40293288704995134e+00
1.04096287582060204e-04
1.40836576927363155e+00
1.65429873805216353e-05
1.40608833967193236e+00
1.18239564538966827e-05
1.40160188801244501e+00
1.95271663242347851e-05
1.41135236826281196e+00
3.70309798719113629e-05
1.40681034500378899e+00
3.42982250497550590e-05
1.40361731234564591e+00
4.16431586442110840e-05
1.41111855008088583e+00
5.62816899066408344e-05
1.40777138188394546e+00
5.40966793177082781e-05
1.40277511917596409e+00
6.18957601403581994e-05
1.40831815389161896e+00
-8.45379505792942819e-05
1.40149442971211191e+00
-9.04016827103925767e-05
1.40770875890607905e+00
-8.79367119914809296e-05
1.40789739739916286e+00
-8.17460964944549635e-05
1.41051369114743164e+00
8.79781702738301820e-05
1.40684403388679780e+00
9.41722688624586018e-05
1.40291709092764560e+00
9.47338011187823578e-05
1.40867878984399320e+00
9.11023777362436610e-05
1.40117709358483999e+00
9.99318396239421255e-05
1.41393628180938880e+00
8.09998312116968724e-05
1.41222488234337051e+00
8.45403413964011666e-05
1.40570920606405281e+00
8.78035182969158018e-05
1.41451807204056168e+00
8.88728327760975647e-05
1.41068098789972018e+00
9.15445999182770595e-05
1.40862258805962259e+00
9.51942507650861155e-05
1.41560967470655430e+00
6.12880912033719624e-05
1.40764821979893084e+00
6.69605401147422338e-05
1.41336400316069266e+00
5.89537451961289415e-05
1.41619754209836923e+00
2.37863969901653596e-05
1.41228160860566621e+00
2.03522978347395075e-05
1.40923295503689960e+00
2.72822821287855342e-05
1.41389779562268969e+00
-5.09742141654267363e-05
1.41347760940718525e+00
-4.27419718787642167e-05
1.41368766971843107e+00
-4.69409915834919394e-05
1.40518964097399923e+00
-4.63537911658471388e-05
1.40578917983149321e+00
-5.53890305360474602e-05
1.41415790175175204e+00
-3.36144956281284504e-05
1.40583137155856486e+00
-3.62047851647202357e-05
1.41381774885180267e+00
-3.82225931058152621e-05
1.41526243270514063e+00
-2.41843920876861719e-05
1.41471017440011360e+00
-2.89189352413364826e-05
1.40701147537901683e+00
-2.56983665300042443e-05
1.41723557862041938e+00
7.34134492531059721e-05
1.41558583099759971e+00
7.72617211907032983e-05
1.40837409187735707e+00
8.01870652563643006e-05
1.41617583717515805e+00
-5.75186004547926453e-05
1.40832925702008938e+00
-6.24399765490683790e-05
1.41503674177306582e+00
-5.43753314427961894e-05
1.41623336667189514e+00
-1.48007425096840803e-05
1.41574791394833577e+00
-1.95003657501305771e-05
1.40821028759191491e+00
-1.51966339908105794e-05
1.42320691139470790e+00
8.55972383066755003e-05
1.41740289599302960e+00
9.03586516228332384e-05
1.41262388565650387e+00
9.56877883601193807e-05
1.42011787769851461e+00
4.14840978133997117e-05
1.41573502405124252e+00
3.94551662046890641e-05
1.41227111149086015e+00
4.62822863444826998e-05
1.41775714473705960e+00
6.69389331264116179e-05
1.40923289521633510e+00
7.31950923177381773e-05
1.41668329085426015e+00
6.42606849162095884e-05
1.41674631273076757e+00
-5.57742169793912448e-06
1.41648985687430917e+00
-1.01936094716435081e-05
1.40919550439037566e+00
-4.96278584726655720e-06
1.41749624414378883e+00
7.02838302023749904e-05
1.41729785136139785e+00
3.38158460913472728e-06
1.41702209927277978e+00
-1.08887269113109360e-06
1.41055428255897652e+00
5.00716627936619211e-06
1.41938287773749550e+00
-6.30416131416086743e-05
1.41777923097853797e+00
-6.04490188978839190e-05
1.41185718066454857e+00
-6.81658532098099141e-05
1.41973851646424221e+00
-8.78963647368771891e-05
1.41956387207861479e+00
-8.64243133592745887e-05
1.41965095950661180e+00
-8.72673330773208680e-05
1.41074803536815563e+00
-9.46595386869072990e-05
1.41028107739271791e+00
-9.70399217295378323e-05
1.42073730664549003e+00
-8.27889115860292986e-05
1.42015034209855884e+00
-8.47265121371346770e-05
1.41233831221417283e+00
-9.03335791832870550e-05
1.42030374926354375e+00
1.17167439065901751e-05
1.41880080738963854e+00
7.61998918932726934e-06
1.41433469931576661e+00
1.40147936418104379e-05
1.42201351213632354e+00
-6.77308961180543036e-05
1.42069804369355368e+00
-6.55476246002807586e-05
1.41474527371376158e+00
-7.30089030704026543e-05
1.42248429192899173e+00
-7.77419912046832594e-05
1.42161057824168702e+00
-8.03834881771357118e-05
1.41479209485281787e+00
-8.41923461236726068e-05
1.42348157788561536e+00
-8.52237357549752222e-05
1.41772963310376965e+00
-9.07392352160698337e-05
1.42160993884889009e+00
-8.66139004885165090e-05
1.42623128626400919e+00
2.86797431733854693e-05
1.42121433050988966e+00
2.64303602747942941e-05
1.41879177315882354e+00
3.26537354884018312e-05
1.42579311131060860e+00
7.66397770360848857e-05
1.41815337997053370e+00
8.22065753876864767e-05
1.42015554314106329e+00
8.26542590819988408e-05
1.43050042335883232e+00
7.68704749710951704e-05
1.42250918996733966e+00
8.28029584593572345e-05
1.42104977555933765e+00
8.56653489704268563e-05
1.42334172317368424e+00
-7.23710348416653623e-05
1.42267743692196746e+00
-7.02046713131543380e-05
1.41582997179816017e+00
-7.82712165231757553e-05
1.42291280098409345e+00
-7.51902708755467820e-05
1.42783198290950253e+00
4.56369712257997977e-05
1.42397482083508620e+00
4.37554729012901050e-05
1.41947523535108688e+00
5.07245006071823870e-05
1.43211197927317557e+00
7.85251081274403081e-05
1.42029068135149972e+00
8.90454896033188100e-05
1.42765932206100987e+00
8.21148835379076250e-05
1.42864677997231482e+00
1.75509259761681413e-05
1.42447522251157221e+00
1.47869087308344561e-05
1.42242211337404867e+00
2.05219551635718144e-05
1.43172380759700091e+00
6.83928258474183831e-05
1.42283004754659115e+00
7.45173309183732614e-05
1.42875832561266125e+00
7.25408484443161534e-05
1.42953840343651062e+00
-4.34969502947286346e-05
1.42980056248338960e+00
-3.64278269877503223e-05
1.42966944876538582e+00
-4.00175529453820002e-05
1.42163899635044366e+00
-3.94797178837297762e-05
1.42171803817374087e+00
-4.71117978206672886e-05
1.43301921353655537e+00
5.01223902229094110e-05
1.43042548300585559e+00
4.80538097629937621e-05
1.42431442944247166e+00
5.54672265213060421e-05
1.43116975245192735e+00
-2.88426708050714759e-05
1.42266371098793076e+00
-3.11560002474036579e-05
1.43048514318678666e+00
-3.26566272121391871e-05
1.43698084474255028e+00
7.45955944510281153e-05
1.43454640140466294e+00
7.65872472122464592e-05
1.42448171217973085e+00
8.53410979499216873e-05
1.43130880176122366e+00
-4.89438916964214898e-05
1.42374228736649600e+00
-5.30863140773551876e-05
1.43042353946415335e+00
-4.63168101790619493e-05
1.43227844267515958e+00
-2.09600938455028842e-05
1.43172409171216741e+00
-2.49187928144905250e-05
1.42377031104984453e+00
-2.25291262881447677e-05
1.43650988003217051e+00
3.22853944279148221e-05
1.43137049024507612e+00
3.06684265942012600e-05
1.42831383529422506e+00
3.66490353434451515e-05
1.43282730791059310e+00
-1.29929041658524035e-05
1.43255287573122314e+00
-1.69935253418323779e-05
1.42453021307323624e+00
-1.38772848154751725e-05
1.43225909641912397e+00
-5.22113194889371985e-06
1.43128000743164496e+00
2.21129088908235934e-06
1.43176955773811332e+00
-1.52663440437062561e-06
1.42428884087352503e+00
2.75858918121595844e-06
1.42450259260291490e+00
-5.40583884799659099e-06
1.43700590393350813e+00
-7.39908349742676258e-05
1.43698080624992297e+00
-7.40551806174590265e-05
1.42449230304101926e+00
-8.47064085171600126e-05
1.42448172642946647e+00
-8.48075728364901867e-05
1.43699332918392075e+00
-7.40355134962722823e-05
1.43509949192688446e+00
6.13149987695980349e-05
1.43341149638409915e+00
6.49276886032865711e-05
1.42616754511160915e+00
6.71562423696577557e-05
1.43254320551588665e+00
-9.13345492055260074e-06
1.43013477863480776e+00
8.31263923380439601e-06
1.43070739866931729e+00
5.24652177910858030e-06
1.42521922665527567e+00
9.93968546258086712e-06
1.43474228742585264e+00
-5.35745296415085471e-05
1.43302542034381308e+00
-5.14139337510157211e-05
1.42706257234147849e+00
-5.81501935099068939e-05
1.43550010218456436e+00
5.52936958765339818e-05
1.43425952345835062e+00
5.28625041988556161e-05
1.42662862581107519e+00
6.08866969390053941e-05
1.43529964284562328e+00
5.84266440354847658e-05
1.43872306372125203e+00
6.83454932460038524e-05
1.43461161390567726e+00
7.25898008275412766e-05
1.43225802844077355e+00
7.24777160377753412e-05
1.43855295368838831e+00
-7.24358586418137444e-05
1.43101733436990575e+00
-7.86709893105877602e-05
1.43777928828560864e+00
-7.32651831503406076e-05
1.44015412041104862e+00
2.10204713052020412e-05
1.43440037491449601e+00
1.94423461123273170e-05
1.43319266395662281e+00
2.46523912591126844e-05
1.43735606749692080e+00
-7.26681327285859510e-05
1.43603137841770656e+00
-7.24055065377091523e-05
1.43669354156699680e+00
-7.26235341361014503e-05
1.42779771420405477e+00
-7.91961032362228663e-05
1.42854738894839839e+00
-8.00325122255946041e-05
1.43686031828060279e+00
-6.96347945216399853e-05
1.43644564062770130e+00
-7.11174521446888671e-05
1.42879888787398723e+00
-7.60076395852731364e-05
1.43745266787985715e+00
-5.73377394222518246e-05
1.43609734140866174e+00
-5.55925623578491971e-05
1.42973310539946952e+00
-6.23603955384599963e-05
1.45230340629197929e+00
6.14928181298534282e-05
1.44140189872556190e+00
6.90497034153644037e-05
1.43775523162730745e+00
7.29188303214115571e-05
1.43849614745127274e+00
1.08975490151702018e-05
1.43431543218644308e+00
9.67264774701664677e-06
1.43357144177804074e+00
1.40826846967762356e-05
1.43803875873734555e+00
-6.57949326501066132e-05
1.43744933719121626e+00
-6.78165774457764462e-05
1.43026157950115040e+00
-7.15843254527163150e-05
1.43795434897131291e+00
-7.26243272079045036e-05
1.43812110467164112e+00
-6.18652443600028047e-05
1.43778670553529375e+00
-5.97374777555586463e-05
1.43073144208666769e+00
-6.69612997826838773e-05
1.43807973922343235e+00
-6.39486719719442256e-05
1.44424502044669101e+00
3.59499535708069289e-05
1.44037736512992520e+00
3.42798048025352717e-05
1.43603848007593315e+00
4.05493842492640337e-05
1.44559523614110175e+00
3.91035924980870614e-06
1.44204568099247288e+00
7.29088268844624981e-06
1.43843754321209727e+00
3.13168520530598856e-06
1.44933185052670477e+00
5.74334343440345045e-05
1.44052784177645465e+00
6.27706910146595118e-05
1.44402723889711582e+00
6.28487031942852906e-05
1.44452662522258835e+00
-3.71741242510507393e-05
1.44481058409994523e+00
-4.26796672567289782e-05
1.43703247249505117e+00
-4.02229070757034713e-05
1.43805966725304968e+00
-4.57200460667112394e-05
1.44466854631917041e+00
-3.99926148187978414e-05
1.44647616585553518e+00
-3.15140562382525973e-05
1.44550137154140601e+00
-3.43540494786210058e-05
1.43813828406477295e+00
-3.38966793687668519e-05
1.45105675643363452e+00
2.40002763417388093e-05
1.44560536540421336e+00
2.26587545865842833e-05
1.44378328732209793e+00
2.79234924119504244e-05
1.44820920888331051e+00
-2.50887706338549992e-05
1.44734266387202326e+00
-2.83160957307631515e-05
1.43968938738480046e+00
-2.69111257369647518e-05
1.45127552038694829e+00
3.99095032905812013e-05
1.44776013988866081e+00
3.81335295821491049e-05
1.44214735622419421e+00
4.47525908122788145e-05
1.44974820797422366e+00
1.37768978538874651e-05
1.44412212316157196e+00
1.24478593100548325e-05
1.44495114806636926e+00
1.72555000094944408e-05
1.44828982355979141e+00
-3.43008512288749742e-06
1.44694252653833066e+00
1.88531726253526512e-07
1.44027436597188108e+00
-4.26759449512901292e-06
1.44984289368114694e+00
-4.49711881897918751e-05
1.44229259282103350e+00
-4.91083984818257679e-05
1.44732664629212260e+00
-4.39422644593176519e-05
1.44938575703938999e+00
-1.81426223739276971e-05
1.44879746441947477e+00
-2.16350308939761543e-05
1.44083200075953166e+00
-1.95047790224132330e-05
1.44951413345006519e+00
-1.08328202175256524e-05
1.44890197269494903e+00
-7.17084676584879831e-06
1.44117062399618656e+00
-1.18642407323498735e-05
1.44944993308656334e+00
-1.45164160388044030e-05
1.45768232551610510e+00
5.85220334665349697e-05
1.44489719225698310e+00
6.81174381336527291e-05
1.45499257175384900e+00
6.01639600979288663e-05
1.45297975150892000e+00
5.07328508969438080e-05
1.45115555700370047e+00
5.41789666668592929e-05
1.44403964255832884e+00
5.58294664314660320e-05
1.45390126938014563e+00
4.49052288544484241e-05
1.45258823472587739e+00
4.25773685818134017e-05
1.44470069484734709e+00
4.98616776266927364e-05
1.45201573042840870e+00
-4.88238624784680965e-05
1.44473421175318140e+00
-5.29402216167803517e-05
1.45092916376402381e+00
-4.70332807156382431e-05
1.45158402396386199e+00
-6.06580201999124224e-05
1.45280660580624943e+00
-5.81849480540065332e-05
1.45219514378950598e+00
-5.94898934235219169e-05
1.44483352499351980e+00
-6.37417490517624958e-05
1.44380776629685870e+00
-6.63689738290725831e-05
1.45344031174769794e+00
4.79467065547590205e-05
1.45293633507564057e+00
-6.07739889946124786e-05
1.45226001391078152e+00
-6.07929380759871521e-05
1.44514626596473583e+00
-6.65647729337506220e-05
1.45329449201165550e+00
-5.22163747676712651e-05
1.44570782923161412e+00
-5.68843588254180883e-05
1.45265493614275831e+00
-5.06461333076409229e-05
1.45364716459679322e+00
-5.52676452334784950e-05
1.45322669611794741e+00
-5.68126136923168917e-05
1.44584300839149771e+00
-6.03715543165352406e-05
1.45347063073430416e+00
-5.38554717048935684e-05
1.46206572683561231e+00
5.28688646518458456e-05
1.45718417543599332e+00
5.72078114454804189e-05
1.45039448527124626e+00
6.03460671858874564e-05
1.45669997887475500e+00
-5.85896737617889392e-05
1.45481807037413002e+00
-5.97296837475968343e-05
1.44762652709690309e+00
-6.53150955934595471e-05
1.46197916591892163e+00
5.55861935956335760e-05
1.45983081951500426e+00
5.70931674889580025e-05
1.44947995983677069e+00
6.47319771537344877e-05
1.46132300297669127e+00
-5.54834135002884977e-05
1.45901148509207523e+00
-5.70543538235207409e-05
1.44916447504953649e+00
-6.43942013604482743e-05
1.45955129413798845e+00
6.33457703930260815e-06
1.45257320130813161e+00
5.21975202676214142e-06
1.45464972682693339e+00
9.89595844322677604e-06
1.46331830336303792e+00
2.67969800296546672e-05
1.45718742582362215e+00
2.55979463055532412e-05
1.45378162336679928e+00
3.10682339945928955e-05
1.46197915131204503e+00
-5.50625674213852507e-05
1.44947993169706524e+00
-6.42124096897641163e-05
1.46165111231629274e+00
-5.52886326888388501e-05
1.45613755350335627e+00
-3.77214567265197364e-05
1.45973890274109053e+00
-3.36512265995414517e-05
1.45047406051603822e+00
-4.01246718228451485e-05
1.45793821384132527e+00
-3.56672863967485027e-05
1.45213270065387579e+00
-3.53993553767497810e-05
1.46565362682178724e+00
1.60917223417598140e-05
1.45770082793638567e+00
1.50819002871321891e-05
1.45835515190045539e+00
1.98195418886801353e-05
1.46309245659190368e+00
-2.83403235120001848e-05
1.45478423905677956e+00
-2.99049418210200346e-05
1.46141564577189409e+00
-3.09902164952630888e-05
1.46306154540978839e+00
-3.84166371735196886e-05
1.45959947513045396e+00
-3.81658466187097264e-05
1.45645222011713216e+00
-4.15711367905632640e-05
1.46393952829419915e+00
-1.37416395587725415e-06
1.46174539705955864e+00
2.40161237985073292e-06
1.45611460620531785e+00
-2.32817747839169412e-06
1.46733835411036839e+00
4.70007434463979266e-05
1.45833514047529000e+00
5.20548917870404876e-05
1.46470170351529538e+00
5.00071219493821356e-05
1.46507453372126162e+00
-2.27381835533055216e-05
1.46408345806800999e+00
-2.55575858340792179e-05
1.45664179667056004e+00
-2.38934749729103608e-05
1.46560817985895286e+00
-8.96965331471258904e-06
1.46477383691634078e+00
-5.22208919608979622e-06
1.45756108740290879e+00
-9.84914394884389134e-06
1.46589368581837709e+00
-1.61885502479667974e-05
1.46548407252051405e+00
-1.95026581640981736e-05
1.45763965111230842e+00
-1.71303969422392475e-05
1.46993336795965734e+00
3.10799567740694684e-05
1.46662571553890908e+00
2.91378747978320795e-05
1.46060443021235886e+00
3.52080325924097678e-05
1.46575090521150497e+00
-1.26257846494327152e-05
1.46720656129518634e+00
-4.07155143461072151e-05
1.45961116254797729e+00
-4.46022058065809559e-05
1.46513391018504624e+00
-3.97075088229867262e-05
1.46311134314952462e+00
-5.35211416312319005e-05
1.46653446504941964e+00
-5.06546190275872462e-05
1.46482282329797475e+00
-5.20983210152414224e-05
1.45905929317167882e+00
-5.55520690115851761e-05
1.45802385724350292e+00
-5.70889000262143431e-05
1.46888245870242362e+00
-4.81012326364811907e-05
1.46770831283882286e+00
-4.94161761327693489e-05
1.46084457712004445e+00
-5.30269449212468765e-05
1.46845068816396740e+00
-4.36148265458225279e-05
1.46087262011062791e+00
-4.77609943965226000e-05
1.46782844114861266e+00
-4.22880912817500613e-05
1.47217408011450712e+00
4.10051733799609531e-05
1.46975593390953629e+00
4.40634611015341536e-05
1.46257694554084772e+00
4.56580549790557680e-05
1.46903509255320408e+00
-4.60593950634570872e-05
1.46895853398342213e+00
-4.71818128874420794e-05
1.46134116889777266e+00
-5.05277448743949586e-05
1.46874266508134688e+00
-4.49562626767713403e-05
1.47262873459136001e+00
-4.74443201082782855e-05
1.46787002355278484e+00
-5.04897513636097956e-05
1.46466434006212376e+00
-5.28907789053663903e-05
1.47247903520032031e+00
3.61346625199938592e-05
1.47120599978763700e+00
3.38094148127613439e-05
1.46319016134734303e+00
4.02762909810227431e-05
1.47431221506689503e+00
8.53370804420019125e-06
1.46693169686629887e+00
7.52179114420602106e-06
1.46998289522460945e+00
1.21830221400208094e-05
1.47243197070979770e+00
-3.29822790490228858e-05
1.46774674760712620e+00
-3.56082166756115640e-05
1.46608533689539877e+00
-3.34379347914448314e-05
1.47232628866722370e+00
3.87336809722084758e-05
1.48576257289505298e+00
1.80369815828410315e-05
1.47570799068195302e+00
1.72146497530834377e-05
1.47454037101665225e+00
2.19914080321736820e-05
1.47826013308014059e+00
-2.76188026933570872e-05
1.47534599770756780e+00
-3.02696138987111096e-05
1.47067621384007574e+00
-2.80642988436436596e-05
1.48655880704190779e+00
-3.84446487744286025e-05
1.47959376620601346e+00
-4.29579124431336994e-05
1.47394085842184008e+00
-4.67761239552474140e-05
1.47923073310541842e+00
2.08498396817552335e-07
1.47158508085436956e+00
-5.28182256318493904e-07
1.47677144422523621e+00
4.29725494829014179e-06
1.48373797026990606e+00
4.06495489017105662e-05
1.48430168450570910e+00
4.04274547764268486e-05
1.46802087384979418e+00
5.06884519368121786e-05
1.48401964889703830e+00
4.05850931201849963e-05
1.47099205518009923e+00
4.92468198552364574e-05
1.47995939383516228e+00
-3.41676610831083196e-05
1.47358297711483610e+00
-3.72888811441066329e-05
1.47619553076832055e+00
-3.37581922289005400e-05
1.48069335244052747e+00
-4.19295401640290839e-05
1.47361392415844561e+00
-4.62657577714204260e-05
1.47666092180637309e+00
-4.46571545210623777e-05
1.48625038876219362e+00
3.86236518269167620e-05
1.47415814514342824e+00
4.55449929998716095e-05
1.48499387790639004e+00
3.96810528495473178e-05
1.48112630706530135e+00
-2.16741033550890233e-05
1.47969314048728973e+00
-2.46820603871414087e-05
1.47310036551644319e+00
-2.22107778050562996e-05
1.48132926830171652e+00
-7.74378827849557390e-06
1.48027996921506055e+00
-3.82795144938363476e-06
1.47346867526865610e+00
-8.31301917354751856e-06
1.48697818560476813e+00
3.86868990727109289e-05
1.48564001839163251e+00
3.95646620075268502e-05
1.47447856778592268e+00
4.69787790277690815e-05
1.48169045456225890e+00
-1.51373592309871837e-05
1.48140830791245137e+00
-1.84830525444227642e-05
1.47379202297802481e+00
-1.56336831114166735e-05
1.48150981268483339e+00
-1.15098340200906432e-05
1.48697816713813236e+00
-3.81656900796944015e-05
1.47447854722161620e+00
-4.64628285980812989e-05
1.48676856080724606e+00
-3.83042498723537968e-05
1.48307368156090491e+00
-3.62797478050896913e-05
1.47576220539452718e+00
-3.97916213616467387e-05
1.48151629394276307e+00
-3.54107475899914734e-05
1.48322999268603373e+00
-3.97399684011723491e-05
1.48196143293181648e+00
-4.08748064564628299e-05
1.47605625876526703e+00
-4.38477468501546189e-05
1.48385034391219883e+00
-3.81008055164349442e-05
1.47644274984730073e+00
-4.19617956414005696e-05
1.48346174032756029e+00
-3.73268411423141884e-05
1.48353988098225820e+00
-3.90141356808951651e-05
1.48963323844912776e+00
3.57107393850444576e-05
1.47848585078762729e+00
4.11429335159239657e-05
1.48794144653751403e+00
3.72196136626386866e-05
1.49052619519903762e+00
2.42911861201490660e-05
1.48814421883557868e+00
2.14180744245830369e-05
1.48022976097683445e+00
2.73624781233890081e-05
1.49134035726094383e+00
9.29185254874546539e-06
1.48282624136088548e+00
8.91978980658451562e-06
1.48855138182559799e+00
1.36668592187890718e-05
1.49161764727964208e+00
3.27403368175096756e-05
1.48189589014518952e+00
3.66458836760466560e-05
1.49062507499883634e+00
3.43445762306926936e-05
1.49356221084672813e+00
-2.76272010388096213e-05
1.48676075243881423e+00
-3.06856489370382831e-05
1.48591102265274677e+00
-2.78352200692345169e-05
1.49143080548016926e+00
2.91993758719028665e-05
1.48195492492648206e+00
3.24050192583533541e-05
1.49097827244644976e+00
2.69525375958949267e-05
1.49152390123074707e+00
3.11755905542120847e-05
1.49457213658623767e+00
-3.34599641309879563e-05
1.49056528889559181e+00
-3.59018300496162130e-05
1.48763274818608227e+00
-3.77104061232249102e-05
1.49483434399766968e+00
9.13841700120852869e-07
1.48703250363216322e+00
5.81381270165187290e-07
1.49308730718138771e+00
5.09723776159703218e-06
1.49644795488561932e+00
-2.13136185546274038e-05
1.49500481807035257e+00
-2.46414983335390425e-05
1.48878709544952481e+00
-2.14899844803131283e-05
1.49665408104809994e+00
-7.23762187988127872e-06
1.48899164623438063e+00
-7.45098751076651327e-06
1.49574416904305552e+00
-3.21502091047421771e-06
1.49726391663031477e+00
-3.01565492327059366e-05
1.49016880382409411e+00
-3.30367684163326459e-05
1.49541267426704705e+00
-2.92273431746056114e-05
1.49716556495229347e+00
-3.20909255887228941e-05
1.49019779870279367e+00
-3.58838515218682437e-05
1.49586854501293698e+00
-3.27771356050233801e-05
1.49673938759448077e+00
-1.46570919549064566e-05
1.48921489455145428e+00
-1.48500809467546077e-05
1.49659353696730979e+00
-1.81432782148041159e-05
1.49669666445950611e+00
-1.10470069946387611e-05
1.49800690327796082e+00
-3.13362516418782871e-05
1.49092864461295571e+00
-3.46156105598672788e-05
1.49763503008374932e+00
-3.09357971057065351e-05
1.49758586097201452e+00
-3.18014322117694424e-05
1.51194496979061244e+00
2.33164492287843613e-05
1.51196127932754343e+00
2.23685079961599554e-05
1.49784152442673291e+00
3.20003580905770663e-05
1.51195296670546253e+00
2.27529675978839693e-05
1.49813149129890522e+00
3.14826235992191728e-05
1.51193063934328564e+00
2.48137916959617868e-05
1.49909056196988910e+00
3.15722859343821848e-05
1.51193748102041425e+00
2.40460697458538337e-05
1.51197803927623964e+00
2.22285080546112813e-05
1.51196968423532052e+00
2.22306700565136808e-05
1.49947804301323195e+00
3.04810245974424487e-05
1.51196126419831556e+00
-2.18557014917905928e-05
1.51197802026939687e+00
-2.17102130100210874e-05
1.49926003897164795e+00
-3.02234352523614270e-05
1.49947802713233336e+00
-2.99670307523240843e-05
1.51196967052491682e+00
-2.17177410122389782e-05
1.51191921412523667e+00
2.60054833786427658e-05
1.50077625428941897e+00
3.06137689226517465e-05
1.51192453662317727e+00
2.54925622849541314e-05
1.51190068495449736e+00
1.51198954122957438e-05
1.51190230872624443e+00
2.07042348360211806e-05
1.49883159287009371e+00
1.62176151422699405e-05
1.51190135001839332e+00
1.81162696284195914e-05
1.50121424225617184e+00
2.21570902372934555e-05
1.51190001423721587e+00
8.07846829929625752e-06
1.50162016145936206e+00
8.56558837798073315e-06
1.51190026462574645e+00
1.17601818362549013e-05
1.51194494926264622e+00
-2.28005973020503650e-05
1.51195295908387739e+00
-2.22257638948980357e-05
1.50325855762267069e+00
-2.81596536150181061e-05
1.51191092634526902e+00
2.60586734599660915e-05
1.50176429969184988e+00
2.91130890194169537e-05
1.51191468845415100e+00
2.62109776348676474e-05
1.51190548669146585e+00
2.43746244506288372e-05
1.51190365589056186e+00
2.27842468450102736e-05
1.50166814731359421e+00
2.64685640231097939e-05
1.51190788397041653e+00
2.54531107643883857e-05
1.51189983482713530e+00
2.55754246966119156e-07
1.50336707373129763e+00
5.74949392878448779e-07
1.51189987231803058e+00
4.22708506764915661e-06
1.51190548146171144e+00
-2.38520703844187672e-05
1.51190230396710401e+00
-2.01740107050776802e-05
1.50273384535573395e+00
-2.55267138928464857e-05
1.51190365099659951e+00
-2.22664804427452528e-05
1.50417511909718860e+00
-2.06280904981094536e-05
1.51191091852491399e+00
-2.55377978407606782e-05
1.50458742366024589e+00
-2.76936280990487754e-05
1.51190787869665466e+00
-2.49367563242685978e-05
1.51190000985448880e+00
-7.57313952008405507e-06
1.50427703518267664e+00
-7.35352600356384990e-06
1.51189987381938895e+00
-3.70462216004269003e-06
1.51193062260128053e+00
-2.42956621848027155e-05
1.51193746626052561e+00
-2.35254655387325018e-05
1.50454810390316984e+00
-2.81478183649411987e-05
1.51190068905104114e+00
-1.46072560790639877e-05
1.51190133894611001e+00
-1.76066152276726776e-05
1.50432002775921547e+00
-1.45422835901171375e-05
1.51190026303995140e+00
-1.12327101610008504e-05
1.51191920420416093e+00
-2.54838647068055450e-05
1.51192452477469841e+00
-2.49795717719878182e-05
1.50496306128667334e+00
-2.83105491185364166e-05
1.51191467925356071e+00
-2.56963698509852796e-05
